order_id,customer_id,product_id,quantity,unit_price,total_price,order_date,shipping_address,payment_method,status
1,446,154,93,734.36,8426.81,2020-11-28,063 Lyons Center,credit card,pending
2,52,202,21,76.26,5272.59,2021-05-19,18185 Mesta Plaza,Apple Pay,delivered
3,813,707,13,979.26,9412.06,2020-09-29,42 Fairfield Point,credit card,pending
4,276,175,71,564.81,4037.07,2020-08-03,98397 Katie Way,credit card,shipped
5,61,414,58,483.78,7991.65,2020-10-21,9 Stone Corner Plaza,Apple Pay,pending
6,695,482,94,98.26,4080.86,2020-08-19,776 Loomis Trail,Apple Pay,delivered
7,124,698,37,902.94,9524.54,2022-10-23,3 Butterfield Pass,Apple Pay,shipped
8,235,779,54,816.7,761.6,2022-12-22,28194 Continental Crossing,PayPal,processing
9,314,431,54,203.14,9756.87,2021-05-25,0 Carey Junction,Apple Pay,delivered
10,302,344,99,560.16,2182.21,2022-02-13,84813 Redwing Circle,credit card,delivered
11,403,932,95,558.05,9499.04,2022-03-06,255 Sheridan Pass,credit card,pending
12,322,165,59,781.14,4254.12,2021-05-24,1416 Gina Avenue,credit card,pending
13,323,314,22,569.85,9186.12,2022-12-18,58 Mesta Court,credit card,shipped
14,56,631,34,791.28,5667.39,2021-09-09,27196 Southridge Parkway,PayPal,delivered
15,972,383,23,22.72,7139.05,2020-04-11,458 Fieldstone Court,PayPal,processing
16,760,862,20,390.13,2176.08,2020-01-06,113 Roth Circle,credit card,pending
17,998,987,41,520.0,3398.9,2022-06-27,313 Atwood Way,PayPal,delivered
18,963,446,75,465.73,5391.01,2020-07-22,72658 Mosinee Court,credit card,delivered
19,413,269,91,459.56,2737.58,2021-11-13,9 Derek Place,credit card,delivered
20,492,773,80,220.02,2877.92,2022-05-31,17 Lawn Crossing,PayPal,pending
21,910,221,57,222.01,7432.97,2020-04-15,3731 Thackeray Road,PayPal,processing
22,820,176,87,730.29,5486.42,2020-09-01,8274 Rowland Circle,PayPal,processing
23,584,278,79,929.65,8615.5,2022-03-10,03 Hollow Ridge Road,Apple Pay,pending
24,105,132,2,3.45,1086.82,2022-05-25,8 Banding Court,Apple Pay,processing
25,733,716,92,985.78,5868.99,2020-02-29,921 Roxbury Road,Apple Pay,pending
26,785,822,24,288.15,6005.03,2020-07-26,21 Service Park,credit card,pending
27,433,410,60,806.67,2929.79,2021-10-08,55 Del Mar Circle,Apple Pay,shipped
28,473,440,46,185.09,9576.29,2022-04-05,18 Chinook Way,Apple Pay,pending
29,474,379,19,156.77,7063.35,2022-01-06,9 Crescent Oaks Way,credit card,processing
30,977,816,45,62.27,8733.55,2020-06-25,58 Sundown Crossing,Apple Pay,processing
31,329,381,3,586.94,3261.51,2020-05-18,9256 Vermont Hill,credit card,pending
32,899,171,1,406.57,2261.92,2022-06-15,95241 Johnson Circle,PayPal,delivered
33,25,865,89,52.97,342.62,2020-11-15,7 Transport Place,Apple Pay,shipped
34,780,388,43,350.57,4867.57,2021-10-26,6471 Mitchell Terrace,PayPal,processing
35,781,525,49,285.81,3190.04,2021-10-29,83535 Pine View Parkway,PayPal,pending
36,632,988,85,287.67,8731.65,2021-05-03,14 Sage Avenue,credit card,shipped
37,130,975,79,517.98,9442.94,2020-02-22,7 Kings Pass,Apple Pay,shipped
38,171,769,23,856.66,5897.39,2020-12-16,6 Bluestem Court,Apple Pay,processing
39,976,851,36,659.66,4702.67,2021-10-22,538 Green Ridge Circle,credit card,pending
40,412,735,73,432.91,9756.28,2020-07-24,10509 Mayfield Place,credit card,processing
41,942,863,45,89.95,5243.13,2020-04-08,5 Delaware Park,credit card,delivered
42,154,199,40,982.49,721.26,2020-05-14,714 Drewry Court,credit card,processing
43,508,776,56,555.92,1074.79,2020-07-31,22921 Crest Line Trail,credit card,delivered
44,136,898,40,226.87,420.69,2021-12-16,72 Ilene Trail,Apple Pay,shipped
45,296,435,53,106.04,6982.73,2022-09-14,3 Superior Street,PayPal,shipped
46,250,201,18,389.95,9077.16,2022-06-20,5693 Mockingbird Trail,PayPal,shipped
47,118,130,56,224.44,6188.67,2021-07-04,92 Artisan Drive,credit card,pending
48,773,185,12,646.95,4139.44,2021-04-28,691 Macpherson Court,credit card,pending
49,933,795,93,610.01,2674.44,2022-10-04,43801 Troy Trail,credit card,processing
50,752,531,11,622.83,3203.83,2020-04-24,64418 Springs Hill,PayPal,delivered
51,39,925,90,6.68,9817.31,2020-06-09,11 Steensland Park,PayPal,pending
52,854,382,22,668.77,6150.79,2020-10-13,9393 Farmco Crossing,Apple Pay,processing
53,345,394,26,70.25,4122.19,2020-03-13,254 Pleasure Place,PayPal,pending
54,805,629,47,142.94,2099.56,2020-06-15,4 Gerald Hill,Apple Pay,delivered
55,201,25,3,164.25,4431.19,2022-02-06,23574 Brickson Park Trail,credit card,pending
56,358,701,86,135.34,1239.98,2022-07-29,05774 Forest Run Terrace,PayPal,shipped
57,558,814,16,92.19,1236.23,2020-12-27,9 Carpenter Hill,credit card,processing
58,295,972,78,528.52,9355.15,2020-06-09,71 Monterey Street,credit card,delivered
59,801,389,78,7.76,889.93,2021-09-08,69 Norway Maple Park,credit card,processing
60,197,768,94,741.98,4730.74,2022-01-25,5 American Ash Court,credit card,processing
61,497,541,79,290.09,2553.26,2020-05-30,7 Stuart Park,Apple Pay,processing
62,254,26,98,836.35,8817.42,2021-04-30,5373 Merchant Street,PayPal,delivered
63,459,678,72,112.27,6231.78,2021-09-09,840 Surrey Way,Apple Pay,shipped
64,33,748,96,751.87,9537.79,2020-08-20,04 Merchant Avenue,PayPal,processing
65,757,117,99,365.15,1838.95,2022-03-09,959 Browning Avenue,PayPal,processing
66,261,526,43,862.62,5360.36,2020-04-28,24263 Algoma Trail,credit card,processing
67,418,69,24,686.11,3987.79,2022-06-14,747 Lawn Lane,credit card,processing
68,158,30,80,758.95,970.77,2021-04-30,55 Drewry Road,credit card,processing
69,776,476,14,970.08,5998.72,2020-05-20,952 Memorial Lane,PayPal,delivered
70,808,758,9,404.53,3780.24,2022-06-21,40 Emmet Plaza,credit card,processing
71,43,245,64,339.48,5582.65,2020-05-25,36417 Gateway Terrace,PayPal,processing
72,689,315,96,31.35,4725.26,2022-09-13,1 Colorado Circle,PayPal,delivered
73,576,937,50,254.24,8279.05,2021-01-17,257 Mallard Plaza,credit card,shipped
74,920,471,39,799.21,8154.4,2021-02-17,5 Evergreen Park,credit card,delivered
75,228,980,73,779.48,8230.66,2021-11-21,4372 2nd Avenue,credit card,pending
76,236,638,50,98.59,3947.84,2020-05-04,8748 Esch Crossing,Apple Pay,pending
77,925,856,83,155.15,5778.23,2021-04-21,4284 Jay Pass,Apple Pay,delivered
78,77,237,1,122.3,2567.33,2020-11-23,13 Dawn Hill,Apple Pay,pending
79,181,409,23,143.05,5761.23,2022-01-16,602 Bashford Plaza,Apple Pay,delivered
80,147,670,51,83.85,9146.38,2020-09-22,15 Memorial Circle,Apple Pay,processing
81,438,387,17,716.73,6254.99,2021-03-26,9714 Burning Wood Circle,credit card,processing
82,857,164,80,427.52,9129.3,2020-01-14,25 Evergreen Court,credit card,delivered
83,357,79,76,691.11,3221.82,2020-07-31,011 Oxford Plaza,credit card,delivered
84,305,290,57,248.04,5363.02,2021-09-27,20 Service Parkway,Apple Pay,delivered
85,74,65,82,32.04,4679.85,2022-10-08,13081 Village Green Park,PayPal,delivered
86,691,270,58,653.97,5.03,2021-01-23,5230 Butternut Center,Apple Pay,delivered
87,402,730,21,537.25,3954.49,2020-03-06,27 Transport Center,credit card,shipped
88,524,31,30,81.5,6400.44,2022-03-06,4 Vermont Park,PayPal,processing
89,874,913,12,902.3,2065.92,2022-01-02,079 Clove Court,PayPal,processing
90,888,78,83,912.97,1224.97,2022-11-06,8 Bartillon Lane,Apple Pay,delivered
91,370,547,82,435.82,1256.37,2022-06-19,29 Texas Plaza,credit card,processing
92,922,632,32,902.67,8.77,2021-07-31,2884 Brentwood Avenue,credit card,delivered
93,697,285,63,755.57,5499.18,2022-07-19,440 Fallview Trail,credit card,processing
94,238,74,82,498.62,463.54,2021-10-02,98840 Washington Place,Apple Pay,pending
95,886,93,84,359.83,9807.91,2022-09-07,25 Blaine Terrace,PayPal,processing
96,266,751,74,166.63,8381.64,2022-07-18,11048 Bay Park,PayPal,pending
97,271,92,44,436.31,3.96,2022-02-16,06759 Clemons Place,PayPal,processing
98,1,200,60,510.82,7626.64,2022-11-11,95 Blackbird Junction,credit card,pending
99,139,524,8,443.81,5963.5,2022-07-26,905 Mayfield Place,Apple Pay,processing
100,152,579,84,383.06,56.03,2022-03-01,6050 Portage Court,PayPal,delivered
101,96,882,87,339.97,8167.2,2022-01-20,0 Quincy Way,Apple Pay,shipped
102,983,420,78,794.22,8498.84,2020-02-03,79858 Everett Park,Apple Pay,processing
103,642,800,77,770.26,7558.77,2020-02-15,8351 Rockefeller Circle,credit card,pending
104,967,965,15,812.3,2756.21,2020-07-17,7898 Anhalt Lane,PayPal,shipped
105,512,417,82,747.76,4344.04,2021-08-07,13790 Bashford Center,Apple Pay,processing
106,313,905,4,764.25,5075.22,2022-10-09,1 Larry Terrace,Apple Pay,delivered
107,766,879,31,453.03,9571.59,2021-07-31,424 Pleasure Junction,Apple Pay,delivered
108,361,523,37,283.42,9324.54,2020-11-23,2345 Main Trail,credit card,pending
109,777,900,58,92.3,4615.12,2021-07-18,6910 Eagan Lane,Apple Pay,pending
110,397,416,69,971.57,3902.92,2020-02-06,5 Old Gate Avenue,PayPal,processing
111,400,232,22,592.4,459.59,2022-09-25,7 Bultman Center,PayPal,delivered
112,367,424,88,690.3,7824.38,2020-02-22,2876 Atwood Place,Apple Pay,processing
113,531,956,61,70.6,3224.29,2020-02-14,67798 Continental Trail,credit card,delivered
114,578,640,3,399.18,1666.77,2022-02-20,98 Gina Plaza,credit card,shipped
115,219,483,38,872.15,3279.25,2022-05-08,031 Forest Way,Apple Pay,pending
116,627,704,86,365.97,4838.33,2022-02-05,7 5th Court,PayPal,shipped
117,518,991,67,6.25,8417.1,2021-12-30,3968 Grim Plaza,credit card,pending
118,150,42,91,370.79,9409.93,2022-05-06,21 Cardinal Plaza,Apple Pay,delivered
119,500,46,72,134.61,6600.03,2022-01-01,98766 Shasta Parkway,Apple Pay,processing
120,913,29,84,682.34,5719.35,2021-03-11,458 Sunbrook Parkway,credit card,shipped
121,840,562,54,474.27,2324.49,2020-03-20,87 Oakridge Center,credit card,shipped
122,711,248,28,607.37,4838.84,2022-08-21,401 Mockingbird Alley,Apple Pay,shipped
123,445,68,91,510.06,1139.87,2020-12-06,1567 Arapahoe Avenue,PayPal,pending
124,2,981,2,342.74,4764.3,2022-05-25,1748 Merry Alley,Apple Pay,processing
125,653,251,46,623.76,3840.93,2020-05-25,9 Mccormick Point,credit card,processing
126,381,681,94,350.08,2410.27,2022-11-21,114 Crest Line Plaza,Apple Pay,shipped
127,796,22,33,725.06,7511.77,2020-12-18,08010 Hermina Road,credit card,processing
128,88,725,87,584.22,1699.81,2020-01-13,5 Surrey Court,PayPal,shipped
129,958,924,55,178.62,1522.58,2021-09-07,23 Morningstar Trail,credit card,shipped
130,935,926,71,564.36,5911.71,2021-03-16,96074 Garrison Junction,credit card,processing
131,956,70,100,57.92,2999.51,2020-07-08,4010 Welch Junction,Apple Pay,pending
132,376,67,100,696.26,8143.39,2022-03-19,34583 Nelson Hill,Apple Pay,processing
133,429,38,82,802.94,4137.31,2021-07-07,6 Magdeline Alley,credit card,delivered
134,335,479,65,16.52,9878.56,2022-02-10,4 Michigan Way,PayPal,processing
135,424,921,85,754.4,5022.79,2022-12-18,9832 Johnson Avenue,Apple Pay,processing
136,398,935,79,477.59,8917.75,2021-04-28,7512 Almo Way,credit card,shipped
137,491,493,43,539.1,9189.59,2022-05-11,41 Moulton Parkway,credit card,pending
138,741,804,36,554.8,4902.4,2021-11-18,40 Bashford Hill,credit card,pending
139,904,787,18,913.32,5590.4,2022-05-03,9503 Sauthoff Place,credit card,processing
140,843,400,1,272.38,221.71,2022-12-23,55 Mitchell Circle,credit card,processing
141,555,121,16,631.12,7898.83,2021-12-05,3271 Stoughton Parkway,credit card,delivered
142,386,243,31,890.13,7854.7,2021-01-16,843 Cardinal Crossing,PayPal,pending
143,811,733,52,634.72,7083.72,2020-12-02,97736 Hoffman Court,PayPal,delivered
144,693,60,85,739.6,2254.97,2020-03-21,943 Jay Plaza,PayPal,processing
145,821,508,57,657.69,9269.49,2022-04-29,01473 Armistice Street,Apple Pay,delivered
146,527,158,54,6.07,1907.6,2021-11-04,0 Washington Court,PayPal,shipped
147,885,597,65,317.82,5855.71,2020-09-12,59167 New Castle Place,Apple Pay,delivered
148,667,141,6,387.01,7451.44,2021-07-26,5 Cherokee Avenue,PayPal,pending
149,728,415,1,61.27,4255.44,2021-01-24,5 Portage Place,PayPal,delivered
150,479,274,10,769.64,3792.48,2021-05-05,4010 Loeprich Point,Apple Pay,shipped
151,566,969,66,258.49,6350.15,2020-03-21,2798 Iowa Center,PayPal,delivered
152,585,558,24,810.99,9142.46,2022-12-06,0 Beilfuss Avenue,Apple Pay,processing
153,49,708,8,694.27,8543.44,2020-04-04,038 Lindbergh Drive,credit card,pending
154,612,697,24,133.92,2704.82,2021-06-29,744 Delaware Parkway,Apple Pay,shipped
155,223,166,34,119.07,1628.09,2021-07-13,3 Bunting Circle,PayPal,pending
156,67,691,35,557.65,7607.08,2021-07-22,229 Esker Crossing,PayPal,pending
157,92,215,5,486.78,8732.48,2021-07-23,995 Crest Line Lane,credit card,delivered
158,898,654,7,740.55,2755.25,2020-09-20,50 Evergreen Place,credit card,delivered
159,328,738,43,735.16,8722.99,2020-10-02,66816 Twin Pines Center,credit card,shipped
160,353,474,18,854.24,2017.43,2021-08-25,26 Sachtjen Hill,credit card,shipped
161,46,419,84,910.33,598.04,2021-02-02,040 Melby Plaza,PayPal,pending
162,506,754,57,222.67,4982.46,2020-01-12,16169 Spaight Avenue,Apple Pay,processing
163,378,916,96,15.79,9126.13,2021-05-12,425 Ridgeway Terrace,PayPal,pending
164,125,386,37,31.73,9609.56,2022-04-16,9759 Forest Run Junction,PayPal,processing
165,496,55,14,361.89,218.93,2021-07-09,1 Meadow Valley Hill,Apple Pay,pending
166,133,799,2,210.66,5969.66,2021-09-03,60 Laurel Court,Apple Pay,pending
167,847,57,35,752.31,5568.7,2020-12-27,51 Nancy Trail,PayPal,delivered
168,645,624,49,784.05,8370.2,2020-12-24,2 Holy Cross Court,PayPal,delivered
169,644,679,77,327.67,341.57,2020-08-11,673 Everett Alley,PayPal,shipped
170,993,859,46,329.64,4751.06,2020-12-23,37957 Lindbergh Court,Apple Pay,processing
171,991,443,12,505.09,9241.98,2020-03-21,44 Toban Place,PayPal,pending
172,800,702,15,148.28,787.85,2021-09-18,26631 Schurz Terrace,Apple Pay,pending
173,778,815,5,422.14,9373.75,2021-09-13,669 Harper Hill,credit card,processing
174,735,732,64,191.2,3745.66,2021-04-02,96 Jenifer Hill,PayPal,delivered
175,324,576,26,117.59,4793.52,2022-03-10,47725 Shelley Avenue,PayPal,pending
176,862,736,52,770.39,7976.3,2021-11-21,01 Dixon Place,PayPal,shipped
177,163,563,20,739.38,4056.24,2020-08-30,38 Almo Trail,PayPal,processing
178,628,485,99,803.76,9105.59,2020-05-18,00854 Oxford Hill,PayPal,delivered
179,957,229,95,37.7,9337.12,2022-06-19,4445 Riverside Crossing,Apple Pay,processing
180,199,127,70,532.05,4161.88,2021-04-24,8 Leroy Trail,Apple Pay,pending
181,708,936,89,464.91,7392.93,2022-07-15,29475 Springs Drive,credit card,delivered
182,734,228,55,555.37,1837.57,2020-06-23,1859 Miller Place,Apple Pay,shipped
183,787,282,66,455.27,8208.02,2021-10-27,4 Glacier Hill Trail,credit card,pending
184,519,1,83,30.26,7384.33,2022-07-22,237 Springs Lane,Apple Pay,shipped
185,810,852,99,446.52,218.05,2020-06-05,3 Johnson Street,Apple Pay,shipped
186,453,835,98,522.35,7259.86,2021-01-31,83137 1st Parkway,PayPal,shipped
187,714,233,80,67.75,5082.01,2020-08-02,72775 Huxley Terrace,credit card,shipped
188,574,771,59,762.24,1729.83,2021-03-01,8332 Del Mar Place,PayPal,shipped
189,108,548,46,639.05,1512.98,2022-10-09,71 Atwood Street,credit card,processing
190,106,717,79,47.14,209.41,2022-01-28,14763 Butternut Drive,credit card,delivered
191,889,356,16,27.88,8303.86,2020-09-03,9 Buena Vista Crossing,Apple Pay,processing
192,901,601,31,247.14,2621.27,2020-05-27,9 School Point,credit card,delivered
193,475,373,84,287.69,8153.19,2022-04-04,49034 Lotheville Drive,PayPal,delivered
194,616,473,65,426.22,9008.27,2022-07-01,6 Bayside Circle,PayPal,pending
195,932,353,59,904.6,8441.36,2020-07-13,8964 Riverside Circle,credit card,delivered
196,444,561,62,547.19,4260.09,2020-01-04,2 Fisk Avenue,Apple Pay,shipped
197,340,421,38,300.42,9124.68,2022-02-11,4 Stang Trail,Apple Pay,shipped
198,458,375,68,591.72,1017.6,2021-12-14,80 Spaight Way,credit card,processing
199,116,291,79,361.91,2250.28,2021-11-17,01534 Drewry Circle,PayPal,delivered
200,985,710,85,372.21,2255.96,2020-03-27,5 Blackbird Way,Apple Pay,pending
201,526,34,2,820.4,143.29,2022-04-17,601 Carey Point,PayPal,delivered
202,637,752,71,582.73,2743.57,2021-09-03,99993 Darwin Plaza,Apple Pay,delivered
203,373,559,6,270.63,4398.67,2020-02-05,2 Reindahl Road,credit card,processing
204,812,402,53,944.18,8778.46,2021-07-02,2 Delladonna Road,PayPal,shipped
205,476,552,72,168.79,9191.03,2020-03-02,0553 Hoard Place,Apple Pay,pending
206,165,797,24,834.06,7750.59,2020-04-15,97 Annamark Trail,PayPal,shipped
207,517,369,100,275.18,6069.7,2020-06-24,634 Dakota Point,PayPal,pending
208,298,393,48,560.18,4251.37,2022-08-24,02 La Follette Crossing,Apple Pay,shipped
209,489,845,29,161.25,5884.35,2021-05-19,7 Lindbergh Plaza,credit card,processing
210,231,7,25,268.47,5894.68,2022-12-02,54130 Stephen Alley,Apple Pay,processing
211,621,783,10,788.54,8957.41,2020-03-26,76262 Longview Junction,PayPal,shipped
212,468,504,9,184.66,4441.5,2021-07-12,398 Dexter Street,Apple Pay,delivered
213,480,907,65,49.96,5801.89,2022-11-25,3 Steensland Park,Apple Pay,processing
214,206,571,94,994.16,9631.82,2020-09-22,1 Center Avenue,credit card,shipped
215,309,663,53,640.05,6667.78,2020-08-24,0500 Moulton Place,PayPal,shipped
216,893,481,66,940.31,8366.01,2021-01-25,6 Springview Way,credit card,delivered
217,568,711,79,393.35,2838.83,2020-07-28,64806 Marquette Trail,PayPal,delivered
218,712,271,38,960.03,2280.5,2021-11-30,031 Gateway Court,PayPal,pending
219,685,949,8,168.43,692.19,2022-04-20,10561 Corben Point,credit card,processing
220,605,633,3,216.46,7550.28,2022-03-07,1 American Center,PayPal,pending
221,318,374,35,843.03,3872.76,2022-07-16,69 Maryland Plaza,credit card,delivered
222,762,242,83,379.15,3563.09,2020-02-06,2875 Marcy Trail,PayPal,pending
223,858,71,23,190.63,5099.88,2022-05-27,0989 Pond Hill,Apple Pay,processing
224,775,942,28,791.36,8599.02,2022-06-01,5 Hovde Center,PayPal,pending
225,65,11,70,468.43,4237.34,2020-09-12,6232 Del Sol Avenue,Apple Pay,shipped
226,949,247,70,959.84,9210.25,2021-02-12,381 Kings Trail,PayPal,pending
227,968,734,76,214.96,9300.66,2020-02-29,41 Lakeland Court,Apple Pay,delivered
228,194,540,27,894.83,1998.27,2020-03-26,18012 Merchant Way,PayPal,shipped
229,562,273,74,434.22,4527.89,2020-12-04,4428 Golf Court,PayPal,shipped
230,877,267,40,142.55,9981.65,2021-10-19,86 Springs Alley,credit card,delivered
231,232,565,75,589.45,4845.33,2022-01-25,84 Bartelt Street,credit card,processing
232,304,324,18,714.05,2525.26,2022-04-01,9259 Melvin Road,Apple Pay,shipped
233,702,177,77,966.94,115.61,2022-06-27,66418 Sundown Lane,credit card,shipped
234,739,340,25,802.33,1785.0,2022-09-22,96 Kropf Way,credit card,processing
235,825,317,89,416.45,9518.93,2021-08-19,5938 Sommers Court,credit card,pending
236,809,958,99,900.13,4556.53,2022-11-08,08 Mosinee Junction,Apple Pay,shipped
237,929,330,93,144.56,1434.46,2020-04-30,809 Holy Cross Terrace,Apple Pay,shipped
238,101,788,29,732.73,6899.09,2021-11-14,562 Fairview Trail,Apple Pay,delivered
239,548,986,64,984.8,5174.79,2022-01-27,3050 Magdeline Road,PayPal,processing
240,635,951,8,954.57,6180.79,2020-04-29,587 Elka Parkway,PayPal,delivered
241,694,685,12,902.25,9393.92,2020-04-25,63894 Acker Junction,PayPal,shipped
242,176,791,56,744.05,5871.65,2020-04-27,10551 Commercial Park,credit card,delivered
243,946,514,60,754.37,8568.19,2021-04-09,4 Amoth Avenue,credit card,pending
244,347,741,49,195.38,8272.2,2020-05-11,9 Spenser Hill,PayPal,delivered
245,391,646,94,23.9,6718.7,2020-01-23,07966 Iowa Hill,PayPal,processing
246,727,136,70,914.25,7000.08,2020-03-25,88267 Hudson Plaza,Apple Pay,processing
247,544,112,55,517.82,4354.53,2022-05-20,0 Arapahoe Place,PayPal,shipped
248,368,24,75,971.46,8791.57,2020-02-10,5914 Eastlawn Avenue,PayPal,delivered
249,21,418,34,462.7,4439.97,2021-03-21,31181 Bultman Plaza,PayPal,processing
250,282,904,14,952.5,1168.04,2021-08-14,249 Kim Way,credit card,pending
251,280,159,27,92.17,8595.8,2020-01-07,003 Graedel Parkway,Apple Pay,shipped
252,682,765,43,739.62,6022.94,2021-08-22,6 Northridge Terrace,credit card,shipped
253,205,462,11,391.21,6054.54,2021-05-15,27455 Banding Court,Apple Pay,processing
254,71,953,78,802.84,4726.28,2021-07-30,3 Cambridge Drive,credit card,shipped
255,718,955,72,853.51,7045.61,2020-09-06,1978 Corscot Pass,credit card,shipped
256,561,766,52,804.01,5876.22,2020-06-14,27 Boyd Junction,credit card,shipped
257,502,44,54,195.89,1482.6,2022-02-20,51556 David Way,PayPal,delivered
258,639,543,58,450.92,937.39,2022-06-24,0136 Dunning Parkway,credit card,processing
259,213,501,69,673.67,377.15,2021-07-10,576 Bashford Lane,credit card,pending
260,559,331,72,971.68,2518.73,2021-08-06,9636 Commercial Pass,PayPal,delivered
261,819,848,70,828.42,516.23,2022-08-29,5 Maryland Point,Apple Pay,delivered
262,749,131,63,68.46,1771.32,2021-10-04,84447 Oriole Pass,credit card,processing
263,696,538,80,230.52,1715.55,2021-06-08,61460 Mandrake Parkway,PayPal,pending
264,394,891,29,467.3,5261.94,2022-02-06,783 Dawn Avenue,Apple Pay,processing
265,281,649,36,621.1,2343.52,2020-06-23,574 Bayside Way,Apple Pay,shipped
266,78,488,33,700.88,5679.8,2021-11-08,6265 Warbler Circle,Apple Pay,delivered
267,233,329,64,499.45,6465.96,2022-02-05,9760 Butterfield Circle,credit card,pending
268,45,706,25,498.12,8609.86,2022-11-30,456 Coolidge Pass,PayPal,processing
269,155,275,4,666.81,1745.14,2022-02-06,6784 Myrtle Hill,Apple Pay,pending
270,850,796,44,479.98,2342.91,2020-01-07,803 Knutson Junction,PayPal,pending
271,9,599,96,395.48,483.55,2021-11-23,8 Manitowish Hill,PayPal,processing
272,114,151,67,125.44,2469.85,2021-05-11,00721 Bayside Pass,PayPal,processing
273,146,821,50,742.75,5545.78,2022-04-02,725 Lawn Lane,Apple Pay,processing
274,109,718,89,9.92,2432.81,2022-10-31,46 Graedel Pass,PayPal,shipped
275,927,544,47,524.91,6460.8,2021-07-10,0 Center Circle,credit card,delivered
276,791,310,65,634.41,3076.59,2022-04-13,470 Farwell Hill,Apple Pay,pending
277,763,623,18,917.34,781.2,2021-06-03,741 Northridge Road,credit card,delivered
278,188,399,48,977.7,8023.16,2021-10-27,4461 Parkside Lane,PayPal,shipped
279,595,837,65,240.38,7642.42,2022-03-05,886 Mariners Cove Park,credit card,pending
280,822,240,80,603.5,4698.83,2021-12-30,79 Briar Crest Parkway,credit card,delivered
281,550,648,34,388.86,8113.48,2020-05-09,8597 Sundown Crossing,credit card,pending
282,372,592,32,648.27,6065.22,2020-10-19,70928 Derek Terrace,PayPal,shipped
283,405,840,77,605.77,9168.6,2021-09-19,3112 Northwestern Parkway,PayPal,processing
284,415,875,62,789.6,7166.36,2021-09-20,6 Grayhawk Park,PayPal,delivered
285,51,191,43,745.39,1736.45,2022-05-03,7 Ohio Circle,Apple Pay,pending
286,327,220,4,546.12,8178.82,2022-11-11,4 Waywood Trail,Apple Pay,pending
287,837,194,93,505.2,710.35,2022-10-25,5 Coolidge Point,PayPal,shipped
288,884,129,54,288.7,8817.57,2022-02-21,362 Bunting Point,Apple Pay,pending
289,307,350,6,740.82,4565.0,2022-09-15,98 Fairview Street,Apple Pay,processing
290,337,774,37,28.69,959.51,2022-12-09,17 Oakridge Street,PayPal,delivered
291,226,739,26,284.02,1263.02,2022-09-24,836 Kennedy Crossing,Apple Pay,pending
292,486,77,82,826.45,3766.82,2021-06-25,6291 Carey Way,credit card,processing
293,767,438,6,504.69,9166.95,2022-12-15,88 Elmside Court,credit card,processing
294,860,162,30,181.24,1651.38,2020-09-18,50285 Shoshone Junction,credit card,shipped
295,545,912,28,661.06,4176.94,2021-05-20,4 Melvin Lane,PayPal,pending
296,783,830,86,304.77,2815.58,2020-11-06,57 Texas Pass,Apple Pay,shipped
297,270,312,100,204.45,5557.65,2021-08-02,02679 Old Shore Junction,credit card,processing
298,824,715,12,715.3,5177.44,2021-04-30,7 Arkansas Terrace,credit card,pending
299,230,208,89,262.4,7173.22,2022-10-17,4048 Gateway Avenue,Apple Pay,shipped
300,755,818,74,589.82,6255.46,2021-04-27,6 Namekagon Circle,Apple Pay,pending
301,123,287,46,929.43,7369.78,2020-10-04,77 Moose Court,Apple Pay,delivered
302,401,961,31,767.34,1911.55,2021-07-11,90 Glacier Hill Hill,Apple Pay,shipped
303,60,625,63,275.87,5290.19,2022-06-18,4163 Knutson Junction,credit card,processing
304,371,680,24,470.03,8810.76,2020-11-10,5 Holy Cross Point,Apple Pay,processing
305,671,964,18,372.02,1227.39,2021-10-05,8418 Grover Road,credit card,delivered
306,947,61,3,905.77,443.83,2022-03-04,201 Veith Alley,PayPal,pending
307,666,325,14,461.27,5597.25,2021-02-25,31152 Elmside Point,PayPal,delivered
308,638,909,71,345.88,6867.89,2021-02-26,192 Tennessee Plaza,credit card,pending
309,93,940,45,301.15,5423.38,2020-09-13,12 Manitowish Point,Apple Pay,shipped
310,769,843,8,238.37,8585.52,2021-04-04,2 3rd Alley,PayPal,shipped
311,965,148,92,532.1,2254.12,2021-03-25,47 Briar Crest Junction,Apple Pay,pending
312,36,370,71,221.86,5969.78,2022-05-17,0503 Washington Pass,credit card,processing
313,841,637,79,592.56,1570.02,2020-08-11,386 Almo Plaza,Apple Pay,shipped
314,122,449,11,884.94,7283.16,2022-03-05,121 Raven Trail,credit card,pending
315,168,810,5,90.24,9565.11,2020-09-04,634 Hallows Junction,credit card,shipped
316,173,622,7,350.97,4775.6,2021-08-20,82562 Carey Street,credit card,delivered
317,356,518,56,865.63,2818.5,2020-01-17,43197 Independence Place,Apple Pay,pending
318,731,249,46,266.93,625.27,2022-01-15,66475 Pennsylvania Crossing,credit card,pending
319,701,517,10,240.49,4369.63,2020-02-03,35321 Warner Parkway,Apple Pay,shipped
320,750,497,32,831.65,176.39,2021-11-24,94 Ohio Place,credit card,pending
321,799,874,72,600.52,3955.33,2021-09-15,02 Oak Road,Apple Pay,processing
322,488,297,53,338.69,8110.11,2020-06-23,8 Northwestern Way,Apple Pay,shipped
323,68,775,33,624.0,8943.08,2021-04-22,68 Red Cloud Point,Apple Pay,pending
324,567,993,54,334.06,4879.23,2022-08-07,1512 Del Mar Crossing,Apple Pay,shipped
325,187,140,76,550.04,3689.16,2021-01-25,70 Prentice Park,credit card,delivered
326,196,62,18,661.33,9816.87,2021-06-25,6 Vera Junction,Apple Pay,shipped
327,151,546,46,124.64,6376.99,2020-01-18,32650 South Avenue,PayPal,delivered
328,661,145,86,932.46,1926.92,2022-12-01,6910 Ilene Terrace,PayPal,delivered
329,95,945,38,976.24,3509.17,2022-11-07,52 Corry Lane,PayPal,pending
330,153,390,5,689.05,1197.72,2022-04-05,6 Del Mar Plaza,Apple Pay,pending
331,816,661,3,146.08,9532.16,2021-04-01,29 Glacier Hill Junction,credit card,processing
332,598,157,55,398.81,3321.49,2021-10-07,568 Marcy Crossing,credit card,delivered
333,746,650,24,939.87,6168.33,2022-10-03,60 Grasskamp Street,credit card,pending
334,589,254,39,214.27,2262.44,2020-07-18,51 Pawling Street,Apple Pay,pending
335,996,929,17,1.34,764.0,2020-12-26,379 Tennessee Road,PayPal,processing
336,703,591,37,154.38,650.77,2021-10-12,76216 Jackson Trail,Apple Pay,processing
337,717,468,54,712.73,6209.7,2022-09-11,21927 Paget Drive,PayPal,shipped
338,583,549,3,841.19,1761.07,2022-07-27,6 Hauk Lane,credit card,delivered
339,389,919,60,304.43,3800.94,2022-04-29,818 Milwaukee Trail,Apple Pay,processing
340,97,196,85,881.59,7187.12,2022-02-12,5055 Montana Drive,Apple Pay,processing
341,28,722,86,892.42,2393.19,2022-05-19,85 Mifflin Park,Apple Pay,shipped
342,921,627,6,379.85,263.12,2021-03-22,0 Delaware Park,credit card,delivered
343,422,918,29,428.12,4886.97,2020-10-20,0741 Oneill Road,PayPal,shipped
344,650,844,10,579.47,7639.96,2020-01-28,0 Gulseth Hill,credit card,processing
345,47,445,46,776.37,2117.22,2020-01-24,9409 Michigan Crossing,credit card,pending
346,525,884,4,561.09,5439.51,2022-04-25,907 Marcy Parkway,Apple Pay,shipped
347,907,97,31,81.16,5091.49,2022-01-30,2078 Elgar Street,Apple Pay,delivered
348,859,532,33,865.3,1701.76,2021-12-23,80299 Iowa Road,PayPal,processing
349,450,345,74,587.95,195.96,2022-06-28,85 Macpherson Lane,credit card,processing
350,351,999,55,379.22,5996.23,2020-12-23,35 Jana Alley,credit card,shipped
351,842,583,99,291.52,8842.37,2021-10-03,57811 Sommers Avenue,PayPal,pending
352,686,94,7,9.94,4511.55,2022-04-08,025 Green Drive,credit card,processing
353,273,753,56,67.94,6907.85,2021-08-28,1 Merry Street,Apple Pay,delivered
354,871,870,62,227.95,2677.67,2020-12-18,7 Meadow Valley Point,PayPal,pending
355,183,168,27,734.56,6220.84,2022-04-18,47 Sutteridge Plaza,credit card,delivered
356,975,174,72,85.46,8332.23,2021-11-16,064 Dawn Parkway,credit card,pending
357,7,846,43,833.75,4573.94,2021-05-16,0638 Del Sol Alley,PayPal,processing
358,571,17,66,108.93,4271.74,2020-09-02,119 David Terrace,Apple Pay,shipped
359,974,335,9,296.06,2183.21,2022-11-02,317 Dryden Center,Apple Pay,pending
360,186,40,85,283.03,6176.79,2022-08-06,900 Mcbride Lane,credit card,processing
361,839,784,77,395.54,3856.08,2022-09-14,0331 Russell Road,PayPal,processing
362,569,115,64,206.65,9799.3,2022-11-12,61781 Old Gate Point,Apple Pay,processing
363,818,73,54,714.48,4516.42,2022-10-10,7618 Ronald Regan Hill,Apple Pay,pending
364,961,886,81,600.12,1404.24,2020-09-08,09 Hoffman Point,PayPal,processing
365,895,32,11,663.52,8091.72,2020-07-05,5973 Division Street,credit card,processing
366,395,699,30,959.3,8919.91,2020-03-27,9 Granby Terrace,Apple Pay,pending
367,189,652,77,154.17,3994.09,2021-04-28,9994 Gateway Way,PayPal,shipped
368,164,326,92,10.42,5293.07,2022-03-30,5 Surrey Point,credit card,processing
369,599,286,10,433.14,1347.66,2020-08-25,9856 Buell Plaza,Apple Pay,processing
370,177,568,82,295.95,7060.34,2020-08-17,8 Shoshone Trail,PayPal,processing
371,172,908,26,742.8,1026.29,2020-02-27,50864 Burrows Center,PayPal,processing
372,672,603,40,402.83,9756.88,2021-01-07,58 Forest Street,credit card,processing
373,387,608,73,152.51,824.01,2020-02-05,55 Erie Alley,credit card,delivered
374,38,411,49,547.98,7735.46,2020-10-03,13 Farmco Center,PayPal,pending
375,652,515,59,232.2,4456.78,2021-10-07,04049 Esch Crossing,PayPal,delivered
376,162,639,88,786.01,7107.63,2022-11-13,24 Jackson Drive,credit card,delivered
377,969,423,28,201.47,8586.13,2022-01-25,7344 Monument Drive,credit card,shipped
378,619,133,23,628.52,2215.13,2021-11-24,990 Bellgrove Trail,Apple Pay,processing
379,100,957,32,817.44,4030.13,2022-03-10,13 Northwestern Way,Apple Pay,shipped
380,483,256,52,958.56,3747.71,2022-09-09,72 Shopko Pass,PayPal,processing
381,648,893,61,143.34,1570.44,2021-03-03,80757 Anzinger Terrace,credit card,delivered
382,326,786,48,249.21,9721.25,2021-12-10,0421 Hansons Road,PayPal,delivered
383,396,276,66,665.5,540.18,2020-04-10,222 Warrior Park,Apple Pay,shipped
384,982,53,14,202.39,5822.13,2021-02-03,0318 Charing Cross Pass,PayPal,shipped
385,620,677,87,453.84,9268.84,2020-06-09,709 Muir Point,PayPal,pending
386,903,203,20,107.39,5588.14,2021-07-01,0 Comanche Point,PayPal,shipped
387,5,9,9,375.42,3122.42,2022-11-15,65851 Fair Oaks Pass,Apple Pay,processing
388,939,209,19,355.67,1736.76,2022-07-19,33528 Northfield Street,Apple Pay,shipped
389,185,655,66,751.96,2111.84,2020-02-08,770 Golf Course Parkway,PayPal,pending
390,617,619,65,26.31,2597.35,2022-05-25,154 Pleasure Junction,credit card,processing
391,690,58,7,844.54,1409.2,2021-11-06,72 Mockingbird Way,credit card,pending
392,609,169,41,348.02,6489.89,2022-05-21,4 Debra Point,Apple Pay,pending
393,50,587,12,40.57,5460.08,2020-09-07,44573 Jenifer Lane,PayPal,shipped
394,916,694,10,130.68,6527.77,2022-08-07,12526 Leroy Hill,credit card,shipped
395,532,931,45,531.44,2624.92,2022-07-21,65015 Montana Plaza,PayPal,delivered
396,15,506,90,765.89,5002.21,2020-03-27,62 Dunning Street,Apple Pay,processing
397,554,997,66,96.7,3777.08,2022-09-05,6 Arkansas Circle,Apple Pay,delivered
398,570,613,46,784.56,5849.59,2022-07-25,5 Bluestem Drive,PayPal,pending
399,338,274,32,85.91,311.67,2020-01-19,94996 Blue Bill Park Park,PayPal,pending
400,406,492,46,68.26,4646.84,2020-05-26,7265 Ridgeview Road,PayPal,delivered
401,503,381,60,131.07,324.94,2021-08-29,53992 Homewood Trail,Apple Pay,delivered
402,868,642,88,606.6,6933.03,2020-08-03,33646 Northport Lane,credit card,processing
403,289,748,73,184.63,1896.1,2021-06-09,62 Gulseth Hill,Apple Pay,pending
404,907,450,68,3.87,944.03,2022-08-11,87 Forest Run Center,credit card,pending
405,690,831,79,25.69,1946.39,2020-10-07,89 Welch Place,PayPal,processing
406,109,253,26,627.72,5416.25,2022-03-06,96 Monterey Place,PayPal,pending
407,965,35,68,80.93,355.29,2020-08-17,77021 Redwing Way,credit card,delivered
408,195,5,73,39.57,7132.39,2020-01-14,924 Sloan Circle,PayPal,pending
409,189,586,57,33.15,9356.49,2022-08-28,245 Dennis Lane,credit card,shipped
410,631,296,35,700.43,3080.33,2022-08-30,006 Gale Lane,PayPal,delivered
411,932,897,78,515.28,6408.87,2021-06-27,4049 Tennessee Parkway,credit card,shipped
412,780,70,98,891.55,7218.08,2020-07-12,556 New Castle Alley,credit card,shipped
413,369,688,73,230.5,5540.3,2022-03-01,87046 Algoma Way,Apple Pay,pending
414,15,993,9,600.91,7516.9,2022-04-15,433 Helena Point,Apple Pay,processing
415,115,626,60,565.91,8567.0,2020-10-23,63 Golf View Way,Apple Pay,shipped
416,555,26,86,407.54,3064.43,2020-03-10,6 Nevada Place,Apple Pay,processing
417,731,61,86,885.3,2801.46,2021-04-26,49564 Lyons Center,PayPal,pending
418,292,55,76,64.34,5804.14,2022-12-23,47313 Golf View Trail,Apple Pay,delivered
419,903,578,44,645.03,1304.54,2021-10-24,781 Heath Junction,Apple Pay,pending
420,124,92,34,29.1,7966.59,2021-08-12,98661 Corry Parkway,credit card,processing
421,307,704,12,963.51,5362.14,2020-10-13,83198 North Street,Apple Pay,shipped
422,952,621,18,890.43,4927.99,2020-11-01,5 Saint Paul Trail,PayPal,delivered
423,693,331,27,513.88,538.89,2020-11-21,8 Ridge Oak Way,PayPal,pending
424,23,719,70,957.21,1345.69,2021-05-08,47 Hallows Pass,Apple Pay,processing
425,801,521,60,283.96,9850.32,2022-09-17,0 Mifflin Street,credit card,processing
426,245,504,22,424.03,172.33,2020-04-19,9291 Johnson Street,PayPal,processing
427,104,880,53,625.03,2110.82,2020-10-07,7 1st Lane,Apple Pay,pending
428,493,624,7,845.2,7503.64,2022-03-12,10945 Corben Pass,credit card,delivered
429,508,550,80,41.62,3799.54,2021-04-09,717 Ridge Oak Crossing,credit card,delivered
430,223,348,49,62.02,7069.12,2020-05-22,1968 Eastwood Way,credit card,pending
431,274,217,18,899.56,9050.77,2021-03-05,0802 Chive Lane,credit card,delivered
432,713,195,93,421.78,1634.37,2021-10-30,17 Rutledge Way,credit card,processing
433,565,962,97,342.86,6576.25,2020-12-08,887 Caliangt Street,credit card,delivered
434,935,921,45,392.65,2905.79,2021-12-16,7 Aberg Plaza,Apple Pay,processing
435,975,901,40,442.25,2221.53,2021-07-11,23 Oxford Lane,PayPal,pending
436,41,179,89,268.87,3576.01,2021-05-23,200 Towne Hill,PayPal,processing
437,210,13,100,382.99,862.96,2020-04-06,5 6th Pass,PayPal,pending
438,865,473,72,621.71,4981.52,2020-01-10,4 School Place,Apple Pay,processing
439,408,181,84,101.65,4630.03,2021-08-20,3952 Blackbird Plaza,Apple Pay,shipped
440,247,319,45,491.14,1078.97,2020-09-11,99 Farwell Way,PayPal,processing
441,543,15,54,658.8,1360.1,2022-10-31,49 Lakeland Trail,Apple Pay,delivered
442,948,732,88,406.24,903.91,2021-11-09,4002 Florence Crossing,credit card,delivered
443,514,311,100,591.74,9537.55,2022-05-15,44074 Hermina Avenue,PayPal,delivered
444,306,686,58,885.12,9240.77,2022-08-29,3011 Commercial Lane,Apple Pay,pending
445,969,978,60,282.61,3406.82,2021-08-27,988 Gale Drive,credit card,shipped
446,864,184,55,406.96,4319.61,2020-05-01,62 Mockingbird Avenue,PayPal,processing
447,421,432,47,623.08,8616.53,2021-03-27,6544 Alpine Circle,PayPal,pending
448,407,305,4,666.24,7010.21,2020-09-17,730 Westridge Parkway,PayPal,shipped
449,276,172,97,643.9,4558.31,2022-06-07,085 Dakota Hill,Apple Pay,shipped
450,465,416,49,871.43,6164.02,2020-05-21,16 Muir Trail,Apple Pay,pending
451,219,829,85,499.09,1641.37,2022-06-28,23 Arkansas Street,credit card,shipped
452,832,943,16,419.04,8193.73,2022-05-31,738 Golf View Hill,Apple Pay,shipped
453,765,811,66,20.07,6330.48,2022-10-12,64 Golf Center,credit card,pending
454,300,461,1,433.43,8510.83,2021-10-06,48 Pawling Way,Apple Pay,shipped
455,850,140,1,52.81,1291.31,2020-04-07,9823 Scott Center,Apple Pay,delivered
456,298,4,14,205.43,8779.67,2022-01-28,67272 Grayhawk Trail,credit card,pending
457,231,670,51,467.19,7992.58,2020-12-29,276 Sugar Pass,credit card,shipped
458,926,821,47,2.15,3901.61,2021-08-15,8086 Oxford Pass,Apple Pay,pending
459,705,724,64,947.75,9994.81,2022-10-18,5 Spohn Circle,PayPal,processing
460,240,607,85,174.45,2531.46,2020-08-11,4798 Hoepker Pass,PayPal,pending
461,250,107,47,960.99,9956.41,2022-11-17,4 Badeau Parkway,Apple Pay,shipped
462,282,779,43,27.89,8297.41,2022-10-17,9 Westend Road,credit card,processing
463,573,775,64,303.25,1694.99,2021-06-19,66518 Mendota Point,Apple Pay,delivered
464,988,367,90,680.0,9122.91,2020-08-25,0867 Kings Drive,PayPal,shipped
465,570,371,70,613.42,1880.95,2021-07-08,0 Atwood Avenue,PayPal,shipped
466,987,702,2,219.95,8183.14,2022-09-19,82035 Moland Pass,credit card,processing
467,509,62,19,679.87,358.17,2020-07-29,87479 Florence Avenue,credit card,delivered
468,806,102,82,930.82,6476.2,2020-11-09,7626 Sauthoff Point,credit card,delivered
469,377,34,87,441.0,7312.75,2021-11-02,6 Chive Crossing,PayPal,delivered
470,620,249,28,235.52,7147.36,2022-03-29,4534 1st Parkway,PayPal,delivered
471,611,298,20,264.98,137.42,2022-12-05,030 Anderson Way,PayPal,processing
472,753,216,19,680.5,7984.66,2021-09-07,70 Goodland Circle,credit card,delivered
473,397,959,77,395.51,407.64,2020-11-04,2 Sullivan Terrace,PayPal,pending
474,469,43,26,308.83,690.51,2022-05-30,802 Leroy Plaza,credit card,processing
475,717,590,41,381.84,1552.95,2022-10-01,0062 Northview Pass,PayPal,pending
476,14,275,42,747.94,2868.82,2020-02-23,483 3rd Crossing,PayPal,shipped
477,351,101,87,91.4,4090.66,2020-02-12,7 Bobwhite Circle,PayPal,delivered
478,482,868,28,640.06,6171.16,2022-02-17,9 Eagle Crest Lane,PayPal,shipped
479,680,479,9,677.11,8044.97,2022-04-06,239 Katie Street,Apple Pay,shipped
480,905,281,20,902.96,3385.68,2022-07-31,815 Bonner Lane,credit card,delivered
481,68,538,45,939.17,4542.5,2022-11-21,3 Hintze Place,Apple Pay,delivered
482,460,366,27,994.02,5513.53,2022-10-25,22 Straubel Avenue,credit card,shipped
483,547,628,57,691.08,4080.52,2021-05-12,85516 Blackbird Parkway,PayPal,shipped
484,330,374,96,968.26,9995.0,2021-10-09,76810 Lerdahl Hill,Apple Pay,shipped
485,595,213,9,666.51,3271.64,2021-11-22,3538 Comanche Lane,PayPal,shipped
486,86,136,58,424.73,6449.21,2022-08-02,2 Carey Center,PayPal,pending
487,236,791,91,231.06,5018.22,2021-08-19,415 Crownhardt Junction,credit card,shipped
488,810,884,59,241.74,7962.95,2021-10-24,19810 Towne Plaza,PayPal,delivered
489,497,226,1,593.89,7367.91,2020-09-08,2833 Dayton Terrace,PayPal,processing
490,552,847,87,912.36,4185.33,2022-11-18,2 Nancy Park,credit card,delivered
491,329,853,74,3.46,5526.87,2021-11-07,1699 Schmedeman Junction,PayPal,delivered
492,787,873,68,86.98,5818.57,2022-05-05,8713 Vera Place,Apple Pay,delivered
493,283,496,74,940.98,2499.99,2021-05-17,46 Morrow Point,Apple Pay,processing
494,502,973,63,977.1,2012.56,2022-07-03,102 Mayer Hill,Apple Pay,delivered
495,437,773,3,877.92,3815.41,2021-01-19,158 8th Lane,credit card,delivered
496,196,452,52,969.09,9637.41,2022-06-14,17 6th Plaza,Apple Pay,processing
497,352,343,38,763.12,9873.66,2020-09-11,88203 Prairie Rose Center,Apple Pay,pending
498,770,542,21,658.73,8310.0,2020-04-17,40159 Dayton Lane,Apple Pay,delivered
499,593,1,98,201.05,8340.6,2020-01-09,849 Bartillon Street,Apple Pay,pending
500,288,872,48,741.11,1420.88,2021-02-16,48 Saint Paul Hill,PayPal,pending
501,794,522,21,939.82,234.13,2022-11-23,7887 Scott Trail,Apple Pay,processing
502,411,812,12,105.89,775.12,2020-06-11,624 Stephen Court,credit card,pending
503,29,431,70,348.92,9317.86,2020-03-28,15680 Forster Road,Apple Pay,delivered
504,736,569,63,932.45,2355.05,2022-12-23,4 Kedzie Hill,Apple Pay,processing
505,80,925,43,937.65,9677.99,2020-03-04,5660 Springs Road,PayPal,delivered
506,815,643,35,593.53,905.47,2020-12-05,640 Graceland Park,credit card,delivered
507,578,455,93,117.23,3259.79,2020-07-23,53 Kingsford Junction,credit card,processing
508,904,572,8,406.95,1614.98,2022-12-16,31 7th Place,PayPal,shipped
509,423,620,65,746.96,3076.6,2020-12-12,4 Park Meadow Trail,credit card,delivered
510,145,585,71,856.38,6675.21,2021-10-22,7707 Haas Way,PayPal,shipped
511,206,398,15,288.06,2912.09,2020-04-14,3679 Pierstorff Road,credit card,processing
512,707,839,16,693.03,9632.36,2021-02-26,308 Fisk Road,PayPal,delivered
513,357,334,48,737.54,8465.06,2021-01-01,0602 Kim Point,PayPal,processing
514,263,843,44,870.75,7911.94,2021-06-27,89 Elka Trail,PayPal,processing
515,106,243,9,612.5,7167.19,2021-11-23,34355 American Ash Parkway,PayPal,processing
516,720,250,100,761.92,975.44,2020-07-30,8 Hintze Point,PayPal,processing
517,311,141,92,802.34,7361.0,2022-05-30,3 Green Ridge Junction,PayPal,shipped
518,122,739,48,594.0,6515.56,2021-10-24,493 Lien Circle,credit card,delivered
519,703,316,10,255.37,1944.68,2022-08-12,0 Summit Pass,credit card,processing
520,581,908,69,976.46,1768.54,2022-02-16,144 Barby Trail,PayPal,delivered
521,523,180,41,491.9,9371.08,2020-09-25,0585 2nd Trail,PayPal,delivered
522,264,864,3,51.06,8486.28,2022-10-11,2387 Macpherson Crossing,PayPal,shipped
523,639,895,61,400.72,1535.65,2022-03-09,4443 Barby Alley,PayPal,pending
524,434,86,70,595.86,1091.21,2021-05-11,82 Delladonna Road,Apple Pay,shipped
525,65,809,65,93.74,5190.85,2021-07-02,69 Banding Place,Apple Pay,shipped
526,506,322,61,975.17,5073.91,2022-12-03,666 Kings Lane,credit card,processing
527,688,100,96,7.61,7429.54,2020-03-25,190 Algoma Avenue,Apple Pay,shipped
528,596,257,47,655.72,6947.54,2022-07-27,20 Caliangt Plaza,credit card,shipped
529,861,519,98,69.61,4439.96,2020-05-12,563 Shopko Junction,credit card,shipped
530,769,556,1,858.07,1913.92,2022-01-17,1 Morrow Parkway,PayPal,pending
531,682,279,24,447.05,9913.26,2020-06-07,6525 Haas Terrace,PayPal,delivered
532,447,920,7,883.81,8328.56,2022-02-13,13 Spohn Hill,credit card,shipped
533,359,846,20,747.68,6740.84,2020-04-09,579 Helena Alley,PayPal,delivered
534,257,87,26,240.25,5817.39,2022-01-03,27403 Memorial Pass,credit card,pending
535,1000,689,82,862.7,1360.01,2021-10-13,8570 Dawn Park,Apple Pay,delivered
536,293,560,82,495.59,122.95,2021-10-26,61 Cottonwood Pass,Apple Pay,pending
537,985,45,54,887.0,1220.97,2022-02-06,01428 Monica Place,credit card,delivered
538,403,365,53,842.6,3667.97,2020-01-19,09 West Place,credit card,delivered
539,249,922,8,615.92,5289.64,2022-04-18,82 Claremont Lane,PayPal,delivered
540,478,622,56,381.17,880.73,2020-07-05,6196 Jay Street,PayPal,shipped
541,53,137,18,602.67,8850.73,2020-02-17,8 Clyde Gallagher Lane,credit card,processing
542,775,806,90,929.1,6194.17,2021-05-23,3640 Gerald Alley,Apple Pay,delivered
543,149,463,83,719.52,3100.89,2021-08-01,3581 Garrison Place,PayPal,processing
544,624,857,42,169.87,8986.87,2021-10-06,65674 Upham Parkway,PayPal,processing
545,665,42,35,137.24,624.77,2020-01-27,67 Anthes Point,credit card,pending
546,36,793,69,726.06,7848.94,2020-11-25,12 Hauk Park,Apple Pay,delivered
547,554,318,46,699.11,2846.6,2022-12-28,73 Leroy Hill,PayPal,shipped
548,646,797,34,644.82,4551.26,2020-04-03,8 Myrtle Terrace,Apple Pay,processing
549,807,660,13,685.71,6670.87,2021-05-02,5 Scott Pass,PayPal,delivered
550,781,392,33,639.95,7747.37,2021-06-14,1 Service Road,credit card,processing
551,384,73,19,499.81,5416.59,2022-10-06,56 Butterfield Drive,credit card,pending
552,981,862,41,619.29,5397.11,2020-03-13,0484 Moland Crossing,PayPal,delivered
553,603,861,80,110.87,5529.46,2021-07-15,460 Monterey Trail,Apple Pay,shipped
554,448,88,2,29.0,8965.66,2021-01-21,05 Express Terrace,credit card,shipped
555,90,860,90,871.08,3075.82,2022-11-28,9917 Jenna Junction,Apple Pay,delivered
556,88,855,46,676.79,8526.34,2022-06-03,3 Hagan Park,credit card,shipped
557,221,961,18,466.43,1778.97,2021-02-28,7 Meadow Valley Plaza,PayPal,processing
558,87,916,77,813.69,772.81,2021-10-06,5 Sage Street,credit card,processing
559,605,60,20,568.65,7425.35,2022-06-02,137 Muir Pass,PayPal,delivered
560,304,865,92,832.12,3423.16,2022-07-14,46871 Reindahl Place,Apple Pay,processing
561,895,96,77,418.05,751.72,2022-09-23,4060 Toban Place,Apple Pay,processing
562,672,648,31,319.62,1262.67,2022-05-26,784 American Ash Park,PayPal,shipped
563,632,237,40,634.1,8839.09,2021-07-28,53 Sherman Alley,credit card,shipped
564,26,532,26,504.68,4012.75,2022-07-10,88539 Arkansas Parkway,PayPal,shipped
565,737,157,20,445.93,4696.61,2022-02-05,81372 Crescent Oaks Way,Apple Pay,delivered
566,962,129,41,472.35,7044.92,2020-12-28,7 West Hill,PayPal,processing
567,673,315,30,832.55,8016.16,2022-07-05,2664 Ronald Regan Pass,Apple Pay,delivered
568,756,974,96,620.4,1396.23,2020-06-12,8117 Ohio Junction,PayPal,processing
569,463,661,98,515.62,3061.49,2020-01-19,313 Grasskamp Plaza,PayPal,processing
570,747,355,63,746.99,5344.66,2021-02-08,0798 Lakewood Street,credit card,shipped
571,107,325,93,925.73,8973.44,2022-04-14,9 Laurel Street,Apple Pay,processing
572,651,94,52,639.77,6837.34,2021-09-15,89072 Manley Junction,Apple Pay,pending
573,724,39,67,203.84,5471.07,2020-10-31,4117 Namekagon Point,PayPal,processing
574,732,435,56,304.49,8758.81,2022-05-13,71 Di Loreto Avenue,credit card,shipped
575,773,503,50,738.9,5859.12,2020-01-10,118 Mitchell Drive,PayPal,processing
576,504,931,41,949.55,8324.19,2020-06-09,7828 Hintze Drive,PayPal,pending
577,390,203,100,708.79,3477.98,2022-02-07,140 Main Pass,PayPal,pending
578,353,138,49,852.77,5241.36,2020-09-21,72 Del Mar Way,credit card,shipped
579,655,664,79,170.76,9062.44,2021-02-06,9 Susan Park,credit card,pending
580,837,166,80,854.51,2981.76,2021-03-07,937 Spohn Alley,Apple Pay,delivered
581,424,447,80,199.53,4636.76,2022-10-24,5 Spohn Lane,Apple Pay,delivered
582,358,828,43,575.9,1925.3,2022-07-12,185 Vahlen Center,PayPal,delivered
583,175,430,9,808.99,6507.62,2022-10-20,7425 Delladonna Avenue,credit card,pending
584,579,615,1,487.35,2468.66,2022-11-02,99561 Ridgeview Plaza,PayPal,processing
585,305,485,64,176.32,2045.48,2022-10-18,833 Sommers Place,credit card,shipped
586,947,575,100,202.02,3374.75,2021-12-31,194 Melody Road,Apple Pay,pending
587,641,981,45,977.17,6709.06,2020-06-07,07196 Eggendart Park,Apple Pay,shipped
588,59,209,71,182.23,1580.93,2021-05-03,9 Grover Circle,Apple Pay,shipped
589,160,564,32,805.51,7743.99,2022-06-05,71233 South Avenue,PayPal,delivered
590,699,911,93,476.58,3729.61,2021-06-28,87 Weeping Birch Center,credit card,processing
591,706,534,80,601.6,3798.45,2022-12-05,172 Portage Trail,PayPal,shipped
592,291,359,95,534.46,2700.15,2021-11-07,3218 Hanson Street,Apple Pay,pending
593,860,596,72,589.25,3792.17,2020-02-26,8 Lakeland Trail,PayPal,delivered
594,609,290,32,497.21,8027.46,2022-11-20,401 Stephen Terrace,Apple Pay,delivered
595,928,631,7,857.58,182.37,2022-01-30,84 Manley Court,PayPal,processing
596,364,262,81,228.77,6766.14,2022-08-20,82 Northland Court,Apple Pay,pending
597,951,753,91,860.39,4210.1,2022-03-09,5509 Canary Pass,PayPal,processing
598,280,301,93,323.38,8129.31,2020-07-12,53 Rutledge Terrace,Apple Pay,delivered
599,645,768,47,194.56,2905.6,2020-02-17,9 International Alley,credit card,pending
600,763,230,7,281.59,8661.98,2021-01-20,1 Packers Road,PayPal,pending
601,696,904,51,998.27,631.6,2020-09-19,78 Di Loreto Way,PayPal,shipped
602,232,930,63,77.34,6786.39,2021-04-18,3416 Fordem Court,PayPal,delivered
603,416,126,33,340.85,8653.65,2021-02-27,45613 Logan Alley,credit card,processing
604,457,386,83,799.95,9992.61,2020-02-24,0369 Eastlawn Hill,Apple Pay,delivered
605,771,546,50,760.73,5713.72,2020-04-24,2250 Westend Avenue,Apple Pay,pending
606,941,650,14,222.43,9012.7,2021-03-14,226 Comanche Plaza,PayPal,shipped
607,441,297,1,531.8,6588.08,2021-05-29,19301 Summerview Circle,credit card,processing
608,872,505,76,326.75,9748.08,2020-04-22,90298 Caliangt Pass,credit card,processing
609,650,165,38,138.96,9894.33,2021-03-06,68 Mendota Alley,Apple Pay,pending
610,562,823,44,420.29,7587.5,2022-10-14,902 Arkansas Court,Apple Pay,delivered
611,831,852,28,27.94,4765.97,2021-04-20,8730 Texas Terrace,credit card,processing
612,426,464,47,809.3,1871.7,2022-10-30,954 Mifflin Terrace,credit card,delivered
613,235,277,56,118.77,7233.91,2022-01-14,267 Grim Circle,Apple Pay,shipped
614,144,511,51,465.68,8852.87,2021-08-12,3 Coolidge Lane,Apple Pay,shipped
615,572,957,64,878.65,2359.54,2021-02-19,99644 Nobel Trail,credit card,pending
616,287,117,48,776.36,9848.73,2021-04-10,1 Canary Trail,credit card,shipped
617,462,412,20,282.16,680.77,2022-07-03,41977 Dexter Pass,credit card,shipped
618,389,656,34,789.81,6211.51,2021-06-14,4393 Mitchell Pass,credit card,processing
619,354,223,47,807.59,3413.67,2020-10-25,1 Banding Parkway,Apple Pay,shipped
620,272,728,52,287.92,8706.4,2020-10-06,33 Boyd Lane,PayPal,shipped
621,515,139,92,704.44,2449.77,2021-11-18,068 Cherokee Circle,PayPal,shipped
622,387,678,92,378.08,3643.27,2020-07-04,32019 Vera Park,credit card,delivered
623,318,785,92,397.61,7002.43,2020-10-29,77 Kennedy Plaza,Apple Pay,processing
624,938,634,48,360.47,6119.79,2020-07-19,26 Utah Point,credit card,shipped
625,513,225,48,321.48,3148.68,2022-06-09,2165 Muir Way,credit card,pending
626,481,48,29,705.9,4464.95,2020-06-29,969 Bluejay Road,credit card,shipped
627,269,584,35,122.91,4431.62,2022-10-04,8838 Transport Plaza,credit card,shipped
628,170,418,19,900.44,2703.56,2022-04-29,9 Declaration Alley,Apple Pay,pending
629,147,394,72,210.93,1879.28,2022-12-06,2232 Toban Circle,credit card,processing
630,172,436,58,140.47,9959.54,2020-11-07,718 Mcguire Plaza,credit card,processing
631,56,254,80,453.75,8472.92,2022-02-03,00 Farragut Court,PayPal,pending
632,989,708,39,800.0,2615.47,2021-06-06,3823 Park Meadow Point,Apple Pay,shipped
633,205,743,74,575.58,3356.2,2021-07-03,60 Meadow Vale Lane,Apple Pay,delivered
634,677,539,49,745.3,1385.87,2022-06-05,989 Aberg Circle,credit card,processing
635,492,356,96,695.58,8887.98,2022-11-13,0 Golf Course Drive,PayPal,shipped
636,873,883,13,525.91,5228.71,2021-10-18,78633 Duke Way,Apple Pay,processing
637,344,238,72,96.99,7986.04,2022-04-18,382 Moland Court,PayPal,pending
638,819,132,55,893.51,3978.27,2022-07-22,1 Clyde Gallagher Hill,Apple Pay,pending
639,233,111,32,685.36,3589.21,2020-02-14,1 Ridgeview Hill,Apple Pay,shipped
640,610,421,92,26.59,7098.55,2020-01-27,3826 Maywood Lane,PayPal,shipped
641,820,251,84,133.79,961.46,2022-04-19,168 Cardinal Place,Apple Pay,processing
642,55,599,47,263.68,9404.36,2022-09-27,401 Hanover Drive,PayPal,delivered
643,729,639,91,691.78,2261.82,2020-09-26,186 Loftsgordon Plaza,credit card,pending
644,453,133,83,466.73,1454.64,2020-08-23,3459 Acker Drive,credit card,delivered
645,748,326,85,513.63,2516.87,2021-06-04,48625 Petterle Avenue,PayPal,processing
646,45,685,33,888.95,3768.94,2021-11-07,48 Talmadge Parkway,credit card,processing
647,299,124,98,411.44,7705.86,2020-09-26,23910 Summer Ridge Circle,credit card,processing
648,836,163,45,969.03,7128.2,2021-08-29,8574 Morningstar Circle,credit card,processing
649,356,541,61,99.59,6025.31,2020-02-09,824 Lakewood Gardens Plaza,Apple Pay,processing
650,636,878,22,28.65,2663.59,2021-09-30,0 Hollow Ridge Trail,credit card,pending
651,123,881,42,426.73,3726.77,2020-11-29,3 Gulseth Parkway,PayPal,shipped
652,371,696,96,965.39,5771.96,2021-09-20,01122 Ronald Regan Hill,credit card,shipped
653,386,116,82,698.23,9394.19,2021-09-27,213 Valley Edge Plaza,Apple Pay,shipped
654,789,404,55,613.85,2084.67,2020-11-25,40 Petterle Drive,Apple Pay,pending
655,871,477,62,506.62,1035.73,2022-07-23,22 Thompson Crossing,credit card,pending
656,488,595,49,920.12,546.07,2022-11-20,7 Northridge Circle,credit card,delivered
657,17,79,83,700.22,5832.23,2022-07-19,13424 Nancy Plaza,credit card,delivered
658,875,772,11,889.19,4856.7,2020-10-03,05144 Maywood Lane,PayPal,shipped
659,317,27,22,729.43,1194.67,2020-12-15,535 Talmadge Junction,PayPal,shipped
660,674,721,96,910.65,8733.75,2022-09-17,70644 Oak Valley Terrace,credit card,delivered
661,878,887,77,482.65,3079.49,2021-11-27,42 4th Way,credit card,pending
662,702,475,2,122.13,447.7,2020-05-27,7 5th Place,PayPal,delivered
663,726,441,13,606.72,833.44,2020-05-28,8607 Scofield Crossing,credit card,pending
664,711,151,29,712.15,3163.9,2020-04-19,3174 Green Crossing,credit card,processing
665,764,495,83,57.99,2538.87,2020-01-22,3619 Muir Lane,credit card,processing
666,841,727,30,975.8,9129.55,2021-08-01,96503 Red Cloud Place,credit card,processing
667,333,51,76,914.35,7622.92,2022-04-01,9223 Fieldstone Park,credit card,delivered
668,289,770,48,764.07,4796.97,2022-06-22,64 Westerfield Lane,credit card,processing
669,260,269,35,718.0,6898.61,2020-10-21,3 Eagan Park,Apple Pay,delivered
670,589,910,21,473.08,7649.79,2020-05-03,15862 Kinsman Crossing,credit card,processing
671,920,986,99,168.52,4824.59,2020-08-24,6571 Prairieview Trail,credit card,delivered
672,766,80,61,171.91,1664.35,2020-08-29,3 Sugar Street,PayPal,shipped
673,754,32,64,92.65,1655.78,2020-05-08,0474 Forster Alley,PayPal,delivered
674,885,245,68,799.29,5912.31,2020-09-12,49 Northridge Place,Apple Pay,pending
675,285,377,74,602.03,3418.08,2021-11-26,9 Goodland Center,Apple Pay,shipped
676,22,514,67,23.65,6608.52,2022-01-28,1 Lighthouse Bay Street,Apple Pay,delivered
677,774,836,55,379.16,3097.34,2022-06-15,61 Pierstorff Court,Apple Pay,processing
678,899,890,77,451.87,679.62,2021-10-07,86 Randy Court,PayPal,shipped
679,739,18,35,13.89,506.87,2022-09-19,196 Wayridge Circle,credit card,delivered
680,319,155,30,461.77,536.75,2020-10-14,38720 Sutteridge Center,Apple Pay,delivered
681,110,651,8,298.47,2994.85,2020-03-01,1 Loomis Road,PayPal,processing
682,526,573,14,820.04,5022.54,2022-07-19,51 Caliangt Place,PayPal,pending
683,741,499,85,150.75,6080.33,2020-05-22,304 Schurz Junction,credit card,delivered
684,406,399,87,567.14,8209.34,2022-06-08,5470 Declaration Trail,PayPal,pending
685,533,820,80,453.87,9253.05,2021-08-07,1 Mayer Court,Apple Pay,shipped
686,180,527,52,59.85,8013.98,2022-07-05,30 Talmadge Crossing,PayPal,pending
687,159,848,3,744.45,6323.38,2021-06-06,36 Dottie Circle,Apple Pay,delivered
688,851,409,91,154.04,8130.99,2021-02-13,77463 Waywood Alley,credit card,shipped
689,974,24,70,604.78,3430.98,2022-06-06,17549 Anthes Crossing,Apple Pay,shipped
690,38,440,51,834.07,8747.93,2020-02-23,28963 Ohio Plaza,PayPal,delivered
691,309,228,53,720.54,4126.72,2021-09-20,83510 Acker Street,PayPal,processing
692,664,268,25,11.05,6729.61,2022-05-31,50558 Artisan Alley,credit card,processing
693,396,745,2,830.35,7592.04,2021-12-12,70323 Fairview Park,Apple Pay,pending
694,929,703,8,284.76,9637.14,2022-07-07,48 Autumn Leaf Park,PayPal,pending
695,667,443,75,191.74,9447.17,2022-01-28,19506 Magdeline Alley,credit card,delivered
696,862,346,32,458.38,8715.89,2020-10-27,00814 Stang Park,Apple Pay,delivered
697,239,491,11,301.81,3551.43,2020-08-20,910 Muir Trail,PayPal,delivered
698,134,360,82,649.48,3156.54,2021-08-07,41352 Linden Way,PayPal,delivered
699,310,182,96,63.2,377.69,2021-09-02,92 Melvin Drive,PayPal,delivered
700,409,939,84,711.62,5409.34,2022-08-24,71558 Northland Circle,PayPal,pending
701,340,341,9,269.1,6631.98,2020-11-14,5 Heffernan Street,credit card,shipped
702,845,684,23,710.87,8642.62,2021-01-14,90324 Vahlen Park,credit card,pending
703,50,531,78,336.86,7736.16,2021-12-09,2 Toban Parkway,Apple Pay,processing
704,16,12,28,32.01,4343.87,2020-07-02,0308 Haas Terrace,Apple Pay,processing
705,133,276,50,505.78,3243.4,2021-04-14,8594 Eagan Way,Apple Pay,shipped
706,40,160,82,914.41,212.44,2022-04-14,70182 Pearson Avenue,credit card,shipped
707,854,894,29,788.21,7079.36,2022-04-13,057 Gale Park,PayPal,pending
708,261,752,80,194.56,8492.36,2021-03-01,88 Luster Pass,PayPal,shipped
709,613,735,23,427.66,1063.7,2020-09-03,4 Twin Pines Court,PayPal,shipped
710,839,260,1,177.85,626.57,2021-01-11,8977 Florence Avenue,PayPal,shipped
711,152,313,95,885.03,2448.99,2020-07-31,555 Walton Crossing,Apple Pay,processing
712,405,979,98,775.37,7126.93,2022-08-06,894 Miller Hill,PayPal,processing
713,418,681,71,912.3,5434.1,2021-04-12,61 Harper Circle,Apple Pay,delivered
714,728,677,43,570.79,614.38,2021-04-25,70 Meadow Ridge Trail,PayPal,delivered
715,433,749,67,959.78,7954.43,2020-10-04,597 Coleman Alley,PayPal,shipped
716,615,308,91,880.4,2927.78,2021-02-04,0 Fuller Center,credit card,pending
717,993,559,23,137.29,9495.86,2022-05-09,92 Melby Street,credit card,delivered
718,900,991,15,201.45,4201.89,2020-09-27,6957 Comanche Way,credit card,delivered
719,91,630,67,760.9,6777.28,2020-05-19,399 Redwing Road,Apple Pay,pending
720,961,694,60,454.61,2219.32,2020-02-03,394 Mccormick Terrace,Apple Pay,delivered
721,628,52,63,23.03,9302.96,2020-05-26,4 Carioca Pass,Apple Pay,pending
722,365,458,5,876.85,4252.06,2021-05-30,1 Beilfuss Place,PayPal,pending
723,487,295,63,235.39,743.2,2021-04-16,70 Gateway Point,PayPal,processing
724,718,220,50,65.43,749.37,2020-03-17,68 American Alley,PayPal,delivered
725,567,71,94,542.35,5611.15,2020-04-08,45654 Judy Road,PayPal,shipped
726,990,783,58,21.89,4269.04,2021-07-20,42694 Kenwood Terrace,credit card,delivered
727,500,777,64,784.53,903.94,2021-09-26,38 Eastlawn Pass,PayPal,pending
728,553,201,16,752.06,6242.35,2021-08-24,28493 Stone Corner Crossing,credit card,pending
729,827,902,39,190.25,1662.29,2022-12-18,630 Redwing Street,PayPal,shipped
730,955,413,58,127.81,8271.71,2022-06-03,1300 Amoth Pass,credit card,processing
731,374,234,10,710.1,3873.13,2020-06-17,08411 Eliot Park,PayPal,pending
732,760,535,29,553.74,2807.69,2020-09-26,4984 Shasta Alley,credit card,processing
733,234,232,83,651.87,6818.29,2022-11-03,00947 Oak Lane,credit card,shipped
734,923,988,5,547.37,195.16,2021-10-12,2108 Utah Alley,credit card,pending
735,177,516,1,487.36,3458.33,2022-12-27,5369 Mayfield Point,PayPal,shipped
736,922,742,75,319.53,6186.59,2021-12-04,93 Anthes Way,PayPal,shipped
737,20,324,94,935.9,9710.21,2021-07-03,0 Packers Point,credit card,shipped
738,316,801,18,352.68,9156.58,2021-12-09,609 Marquette Alley,credit card,processing
739,30,82,50,306.84,7123.88,2021-09-20,13597 Prairieview Way,credit card,shipped
740,927,402,12,967.02,8031.55,2020-06-23,418 Eastwood Alley,credit card,delivered
741,635,652,16,812.04,3457.85,2021-09-21,99 Starling Way,PayPal,shipped
742,495,949,22,948.53,9119.68,2022-03-09,2 Waxwing Circle,PayPal,shipped
743,991,870,100,668.86,8616.79,2020-02-29,25 Sunfield Point,Apple Pay,pending
744,167,119,27,594.78,3361.4,2020-10-03,1464 Browning Drive,PayPal,processing
745,700,284,46,472.26,3591.37,2020-02-06,7 Anniversary Park,Apple Pay,pending
746,121,507,69,186.01,4413.84,2020-04-30,45612 Paget Hill,Apple Pay,pending
747,179,827,66,764.13,3554.55,2021-04-06,03 Southridge Parkway,credit card,delivered
748,183,407,50,890.11,6600.87,2021-10-18,97691 Maywood Avenue,credit card,delivered
749,676,470,48,202.78,5826.93,2022-05-13,9315 Randy Drive,Apple Pay,delivered
750,587,969,11,233.26,4656.85,2021-04-09,9 Roxbury Court,credit card,shipped
751,312,600,93,202.26,5692.07,2020-12-19,2 Autumn Leaf Junction,credit card,shipped
752,943,906,91,486.44,1681.22,2022-07-23,6733 Lighthouse Bay Parkway,Apple Pay,shipped
753,24,561,32,846.96,5234.76,2021-10-08,102 Nelson Drive,PayPal,shipped
754,466,77,94,498.38,1238.28,2021-06-22,470 Vermont Plaza,Apple Pay,shipped
755,64,40,96,269.52,8000.84,2022-11-27,014 Autumn Leaf Pass,Apple Pay,pending
756,425,379,46,360.88,417.39,2022-10-31,9024 Kipling Trail,Apple Pay,processing
757,281,161,32,65.53,5438.61,2020-01-21,4129 Bunting Court,PayPal,processing
758,348,710,32,434.49,3325.22,2021-05-08,52 Oak Plaza,PayPal,shipped
759,757,759,53,664.51,9570.01,2020-03-06,15993 Oak Valley Point,PayPal,pending
760,537,808,95,498.85,1934.48,2022-02-12,15705 Riverside Terrace,Apple Pay,shipped
761,72,380,65,456.61,4944.1,2021-12-28,6250 Havey Crossing,credit card,shipped
762,812,614,13,512.43,2568.67,2021-07-13,7783 Golf View Park,PayPal,shipped
763,541,840,8,759.78,805.17,2022-09-30,124 Bartelt Avenue,Apple Pay,pending
764,148,445,16,570.49,9739.4,2021-03-09,796 Hoepker Avenue,PayPal,delivered
765,822,271,12,564.75,1160.5,2021-01-29,9 Maywood Crossing,PayPal,shipped
766,314,199,65,457.54,5922.47,2021-10-21,32 Spohn Trail,credit card,pending
767,936,543,46,737.31,7536.23,2022-12-13,76628 John Wall Center,PayPal,processing
768,141,712,91,821.03,2611.0,2021-04-08,13 Mariners Cove Lane,credit card,delivered
769,361,91,35,410.46,5209.9,2022-08-13,240 Anhalt Center,PayPal,processing
770,669,568,41,673.8,3478.45,2022-12-09,93 Sundown Trail,credit card,pending
771,571,517,65,717.99,3038.35,2022-05-13,5 Delaware Plaza,Apple Pay,delivered
772,10,185,16,523.57,6791.48,2021-01-21,07859 Barnett Avenue,PayPal,delivered
773,442,342,46,651.35,8742.28,2022-11-06,79960 Amoth Plaza,Apple Pay,pending
774,585,382,19,124.98,714.73,2022-11-12,211 Parkside Point,Apple Pay,delivered
775,722,433,11,54.62,72.19,2022-07-07,6180 Annamark Road,PayPal,processing
776,958,422,48,868.78,6131.53,2020-11-11,60 Service Avenue,credit card,shipped
777,444,746,66,250.65,1008.7,2020-05-02,10025 Novick Park,Apple Pay,pending
778,608,767,51,386.42,6372.07,2021-06-05,67638 Melby Point,credit card,shipped
779,168,646,74,762.42,7207.31,2020-02-04,2 Fieldstone Point,PayPal,processing
780,483,335,57,266.26,8579.19,2022-11-23,537 Hanover Street,Apple Pay,delivered
781,916,869,19,123.83,6320.56,2020-09-12,561 Union Way,credit card,processing
782,653,792,32,458.7,7630.86,2020-04-28,3 Oak Valley Parkway,credit card,delivered
783,804,965,39,736.25,4786.01,2021-01-21,616 Atwood Lane,PayPal,processing
784,116,10,9,629.2,1220.41,2021-04-19,4203 Green Ridge Trail,PayPal,delivered
785,156,403,5,862.87,9209.58,2020-03-15,1 Crest Line Point,Apple Pay,delivered
786,772,2,94,552.77,7752.77,2022-07-31,438 Karstens Junction,credit card,shipped
787,521,888,72,497.5,402.12,2020-03-30,207 Dorton Lane,credit card,shipped
788,94,732,88,950.18,442.96,2022-11-16,7 Scofield Crossing,Apple Pay,processing
789,777,903,7,541.62,6133.32,2022-06-11,06 Anniversary Crossing,Apple Pay,pending
790,639,439,52,456.1,1393.15,2022-07-20,80 Green Parkway,Apple Pay,delivered
791,182,946,97,221.81,2556.85,2021-11-16,14 Saint Paul Road,credit card,delivered
792,97,766,42,300.77,6941.8,2020-11-16,1928 Sunfield Pass,Apple Pay,pending
793,952,520,79,819.42,9556.3,2020-10-19,4 Washington Parkway,Apple Pay,processing
794,865,828,48,159.01,4846.65,2022-03-16,876 Carpenter Drive,PayPal,pending
795,433,445,86,348.16,3104.15,2022-05-17,429 Mifflin Pass,credit card,processing
796,161,994,43,607.41,3176.53,2021-02-24,7 Erie Place,PayPal,processing
797,186,428,13,861.53,7598.46,2021-06-26,0570 Pearson Parkway,credit card,shipped
798,730,287,90,917.93,3986.52,2020-12-06,6455 Cambridge Alley,credit card,pending
799,250,42,91,0.64,2954.66,2022-01-19,65139 Bartelt Court,Apple Pay,pending
800,968,686,53,410.73,4230.62,2021-04-17,28673 Grover Avenue,PayPal,delivered
801,114,272,3,912.57,9952.06,2021-02-04,853 Buell Point,PayPal,delivered
802,497,880,18,290.99,7125.94,2020-06-26,249 Buhler Crossing,credit card,shipped
803,661,532,99,951.1,8592.03,2022-03-27,67598 Express Center,Apple Pay,shipped
804,510,724,77,614.68,7595.61,2022-02-05,4 American Ash Road,Apple Pay,pending
805,346,350,57,144.67,9992.7,2020-07-16,894 Novick Junction,Apple Pay,delivered
806,514,611,62,839.59,4935.07,2020-01-16,9 Mayfield Junction,Apple Pay,delivered
807,221,707,83,516.55,1539.93,2021-04-14,1 Victoria Point,Apple Pay,processing
808,883,384,16,821.81,4372.23,2021-02-14,6 Hollow Ridge Place,PayPal,pending
809,157,578,34,447.79,8909.06,2020-12-07,403 West Road,PayPal,pending
810,800,302,71,123.01,6372.51,2022-08-18,2045 Clemons Trail,PayPal,delivered
811,341,556,77,719.37,8875.11,2020-06-21,50 Boyd Center,Apple Pay,processing
812,348,436,62,908.74,2910.3,2020-02-23,84 7th Alley,Apple Pay,shipped
813,349,111,84,998.86,7688.17,2022-11-08,7177 Daystar Center,credit card,pending
814,176,131,68,30.13,9266.93,2022-07-10,52415 Elka Hill,credit card,shipped
815,829,982,65,957.51,530.13,2022-06-12,344 Northland Center,credit card,pending
816,843,652,83,604.21,2372.09,2020-08-17,916 Crowley Center,credit card,pending
817,305,653,97,361.83,5353.02,2020-05-25,96 Rowland Road,PayPal,shipped
818,41,179,40,82.38,3598.62,2021-11-15,22 Lakewood Gardens Alley,Apple Pay,delivered
819,268,197,21,268.99,7719.63,2022-10-10,164 Rutledge Hill,Apple Pay,processing
820,91,685,44,875.19,8922.59,2022-08-20,80020 Towne Center,credit card,delivered
821,820,381,9,223.54,9303.48,2020-10-30,7064 Algoma Park,credit card,delivered
822,369,679,5,779.8,5346.41,2022-03-14,2 Towne Drive,PayPal,processing
823,844,43,36,431.46,6294.0,2022-03-31,66169 Westend Parkway,Apple Pay,shipped
824,667,984,48,211.73,6262.09,2022-04-07,60757 Kensington Drive,PayPal,delivered
825,985,92,26,858.83,4912.71,2021-01-03,93 Commercial Court,Apple Pay,shipped
826,776,488,58,710.89,8042.86,2022-10-02,6 Gina Trail,PayPal,pending
827,66,292,38,718.33,3911.85,2022-06-17,2 Butterfield Center,Apple Pay,delivered
828,621,504,10,403.79,7691.22,2021-09-02,2755 Moulton Road,Apple Pay,delivered
829,601,648,34,113.45,8528.33,2022-11-15,8344 Boyd Court,credit card,pending
830,315,123,3,378.24,1436.34,2022-12-05,479 Autumn Leaf Place,PayPal,shipped
831,104,907,3,565.47,3942.61,2020-08-28,2 Coolidge Crossing,PayPal,shipped
832,672,681,26,871.68,2863.57,2021-08-14,51528 Coleman Street,Apple Pay,pending
833,808,867,85,606.86,735.86,2020-11-26,875 Messerschmidt Trail,PayPal,pending
834,386,23,49,536.18,7342.78,2020-09-11,76636 Beilfuss Park,Apple Pay,delivered
835,915,489,57,614.05,343.7,2020-07-26,7 Anderson Terrace,credit card,pending
836,453,501,62,253.78,501.94,2020-04-19,9280 Pennsylvania Lane,PayPal,pending
837,2,881,92,466.93,8868.42,2021-12-03,49911 Parkside Hill,PayPal,shipped
838,997,465,15,320.84,6569.61,2021-04-02,02174 Cordelia Road,Apple Pay,delivered
839,763,200,68,823.69,5109.78,2020-07-26,4289 Cascade Park,PayPal,processing
840,871,874,6,310.82,5075.19,2020-09-08,966 Algoma Avenue,PayPal,shipped
841,244,585,44,376.45,1522.49,2022-12-15,516 Hauk Drive,credit card,shipped
842,920,891,73,257.2,9289.36,2020-11-15,446 Dakota Place,Apple Pay,pending
843,290,975,17,814.81,6622.49,2022-01-22,5565 Columbus Point,PayPal,pending
844,166,1000,77,174.42,7580.06,2022-01-23,43 Lighthouse Bay Street,PayPal,shipped
845,215,255,53,644.67,8812.55,2020-05-27,27939 Larry Court,PayPal,processing
846,298,271,51,527.55,3982.55,2022-04-13,8047 Blue Bill Park Junction,PayPal,delivered
847,69,115,28,178.09,2887.1,2022-10-26,443 Graedel Alley,credit card,delivered
848,969,699,27,112.86,8747.35,2021-06-04,61 Wayridge Street,PayPal,shipped
849,874,823,2,96.81,2933.83,2020-08-24,1 Dennis Court,Apple Pay,shipped
850,575,890,43,984.45,6467.36,2021-03-25,4 Kingsford Parkway,Apple Pay,delivered
851,393,542,59,393.89,3818.55,2021-05-16,2926 Schmedeman Parkway,credit card,shipped
852,306,427,76,434.99,2232.58,2020-06-25,90 Moose Street,PayPal,shipped
853,316,956,50,416.78,2166.65,2020-08-15,47371 Waxwing Hill,PayPal,processing
854,987,56,59,517.55,7315.54,2022-11-15,40891 Portage Parkway,Apple Pay,shipped
855,407,307,83,615.68,9961.6,2022-04-20,39486 Fieldstone Alley,credit card,shipped
856,533,393,42,802.83,8399.39,2021-03-26,757 Sundown Terrace,Apple Pay,delivered
857,732,857,47,26.95,6403.77,2022-11-20,3589 Sommers Drive,credit card,shipped
858,819,992,67,730.35,2420.9,2020-09-07,926 Kingsford Junction,PayPal,processing
859,748,466,1,9.83,5209.33,2021-03-04,9808 Almo Hill,PayPal,processing
860,602,435,32,871.41,2095.44,2021-01-26,0 Clyde Gallagher Pass,credit card,shipped
861,679,247,55,748.52,5379.98,2022-09-19,9 Reindahl Road,PayPal,pending
862,440,211,93,276.05,7543.42,2020-01-26,2 Meadow Vale Drive,PayPal,shipped
863,608,340,33,318.64,3089.24,2022-01-27,299 Rigney Drive,Apple Pay,pending
864,151,174,6,958.12,1242.51,2020-02-17,608 Fulton Way,Apple Pay,pending
865,159,514,48,218.64,2053.87,2020-09-29,126 Farmco Parkway,Apple Pay,pending
866,849,173,80,268.94,9344.43,2022-03-20,83 Monica Trail,Apple Pay,shipped
867,569,104,87,39.29,4003.46,2020-10-19,8613 Crest Line Drive,credit card,shipped
868,928,407,1,416.23,800.57,2021-09-20,34344 Luster Hill,Apple Pay,delivered
869,403,385,7,137.54,5969.58,2021-03-21,343 Dunning Junction,credit card,shipped
870,660,754,56,557.23,6391.88,2020-06-29,1 Westridge Lane,PayPal,pending
871,852,765,28,718.03,1963.59,2020-08-24,8340 Stuart Hill,credit card,delivered
872,878,301,77,280.8,5055.4,2021-09-01,84 Arizona Parkway,credit card,delivered
873,830,110,15,397.44,6396.22,2020-10-02,9 Saint Paul Place,Apple Pay,pending
874,56,450,52,440.48,1122.63,2022-12-21,1784 Farragut Trail,credit card,delivered
875,847,80,92,454.95,357.12,2022-11-21,91272 Nobel Parkway,credit card,shipped
876,226,606,62,535.75,4835.8,2022-01-22,8 Meadow Valley Center,PayPal,processing
877,428,631,84,703.54,4680.85,2022-09-18,114 Anhalt Plaza,Apple Pay,shipped
878,99,6,29,557.1,1777.25,2020-12-12,0 Hauk Way,Apple Pay,delivered
879,652,83,98,400.7,1965.62,2022-03-28,312 Nancy Place,Apple Pay,processing
880,680,96,6,145.63,7307.3,2021-09-03,83951 Loomis Plaza,credit card,delivered
881,631,116,18,486.65,1130.68,2020-03-09,5379 Fairview Lane,credit card,processing
882,57,570,46,95.13,9191.76,2020-08-22,007 Vera Hill,credit card,processing
883,368,296,24,602.05,3558.13,2021-03-13,8743 Spenser Hill,PayPal,shipped
884,552,941,8,429.18,978.04,2022-09-09,021 Troy Parkway,Apple Pay,shipped
885,677,797,63,595.22,6712.8,2022-08-21,8 Debra Way,PayPal,delivered
886,993,462,45,68.7,6730.15,2020-03-12,3 Quincy Park,credit card,pending
887,583,988,50,264.45,6206.59,2020-08-20,20939 Anniversary Circle,PayPal,processing
888,15,922,21,645.29,2314.85,2022-11-02,584 Welch Park,Apple Pay,processing
889,971,165,32,830.49,7559.41,2020-04-13,25 Rutledge Trail,credit card,pending
890,387,995,22,744.37,2943.88,2022-11-08,32462 Scoville Court,Apple Pay,processing
891,400,768,56,169.51,6156.71,2022-11-07,38607 Bartelt Lane,credit card,delivered
892,23,600,3,121.13,5327.49,2022-03-07,41 Texas Avenue,credit card,processing
893,27,357,70,994.33,3933.42,2022-05-15,4 Muir Pass,credit card,pending
894,500,242,8,688.02,8376.85,2022-11-07,05017 Crownhardt Park,Apple Pay,shipped
895,548,201,74,100.59,3126.76,2020-02-16,82284 Kipling Drive,credit card,pending
896,567,803,87,709.26,477.96,2022-04-21,392 Eastlawn Terrace,credit card,processing
897,485,321,74,179.35,2678.51,2021-05-25,57191 Maple Wood Plaza,credit card,pending
898,304,224,53,871.02,4498.94,2021-06-05,7485 Anzinger Crossing,PayPal,pending
899,444,282,20,442.79,761.85,2020-03-19,1611 Thompson Hill,PayPal,processing
900,34,446,17,737.22,3196.82,2021-11-06,41191 Sloan Trail,PayPal,pending
901,493,248,2,76.83,1832.8,2021-09-26,205 Granby Parkway,Apple Pay,shipped
902,437,882,1,801.81,7322.39,2022-02-13,33737 Summer Ridge Trail,credit card,pending
903,84,249,38,63.61,5095.73,2021-02-28,506 Sunbrook Terrace,Apple Pay,shipped
904,881,437,23,829.33,7817.42,2020-01-06,2 Kingsford Plaza,Apple Pay,processing
905,294,10,85,304.14,5567.73,2021-02-02,29 Washington Lane,credit card,processing
906,950,522,93,321.42,7341.46,2020-11-20,553 Swallow Trail,Apple Pay,processing
907,451,277,87,565.7,8612.62,2022-03-29,46032 Sheridan Point,PayPal,delivered
908,728,782,61,573.32,9358.45,2021-08-26,31 Graedel Avenue,Apple Pay,pending
909,345,536,91,379.7,7114.36,2022-11-08,54 Armistice Street,credit card,shipped
910,26,893,88,146.39,801.81,2022-11-15,609 Dahle Junction,Apple Pay,processing
911,242,215,11,345.02,4139.57,2022-06-08,54475 Rowland Crossing,PayPal,pending
912,688,473,43,55.92,7664.77,2022-06-29,1 Pleasure Drive,PayPal,shipped
913,939,549,82,55.39,1322.03,2022-05-11,9 Park Meadow Pass,Apple Pay,processing
914,644,736,21,600.16,3717.11,2022-06-15,78 Hollow Ridge Court,Apple Pay,shipped
915,753,399,41,446.74,5827.96,2022-05-04,74 Westridge Avenue,credit card,pending
916,154,839,91,500.66,4476.71,2021-08-24,93464 International Parkway,PayPal,shipped
917,790,363,29,833.69,2898.41,2021-08-05,88063 Ohio Avenue,credit card,pending
918,267,233,18,65.25,4700.27,2020-04-02,57 Brown Road,PayPal,processing
919,607,120,56,803.87,4348.82,2022-01-07,853 Garrison Circle,Apple Pay,shipped
920,691,580,3,717.46,6195.73,2020-02-22,565 Knutson Trail,credit card,delivered
921,43,848,61,532.69,2008.69,2021-07-10,70 Mesta Road,PayPal,processing
922,167,809,34,254.94,6434.79,2022-02-24,6403 Graedel Trail,PayPal,delivered
923,357,623,98,695.77,6772.57,2020-09-10,6696 Packers Avenue,PayPal,delivered
924,235,950,5,381.32,5597.04,2021-11-04,1632 Mitchell Junction,Apple Pay,pending
925,439,999,95,642.72,6323.13,2020-09-11,70642 Sutteridge Circle,Apple Pay,pending
926,300,841,91,259.01,9024.72,2022-02-01,282 Mandrake Trail,credit card,processing
927,124,678,64,431.46,421.54,2021-01-07,27 Fisk Junction,Apple Pay,shipped
928,560,710,43,562.36,3576.08,2022-03-23,77 Lawn Park,PayPal,shipped
929,972,746,39,160.36,3894.15,2022-03-15,219 Burrows Park,PayPal,shipped
930,172,579,51,199.2,8408.1,2021-10-10,343 Judy Pass,PayPal,pending
931,456,633,36,852.23,220.61,2020-11-24,09769 Nevada Crossing,credit card,processing
932,854,650,6,943.63,998.84,2021-08-16,82207 Becker Pass,credit card,shipped
933,80,837,49,942.73,6491.2,2020-11-24,50559 Milwaukee Junction,PayPal,pending
934,627,100,8,830.28,8781.0,2022-08-08,2 Schiller Court,Apple Pay,processing
935,11,94,79,898.26,8850.98,2021-01-19,7 Clarendon Drive,Apple Pay,pending
936,337,619,1,517.63,7178.71,2021-03-25,79 Sundown Avenue,credit card,pending
937,202,739,68,113.22,4365.53,2021-08-23,901 Ramsey Street,PayPal,delivered
938,640,898,45,666.76,9225.57,2022-06-08,3 Monica Point,PayPal,delivered
939,1,166,1,922.32,1499.06,2021-07-15,068 Spaight Terrace,Apple Pay,pending
940,482,253,78,327.16,2358.63,2020-12-01,44 Arizona Circle,Apple Pay,shipped
941,372,638,65,85.37,7871.1,2022-10-26,1 Kropf Court,Apple Pay,delivered
942,318,944,71,515.27,7305.93,2020-12-30,54 Canary Junction,Apple Pay,delivered
943,998,341,61,110.63,7114.42,2020-02-15,17871 Nevada Center,Apple Pay,processing
944,755,892,83,222.14,3035.89,2021-06-28,3515 Raven Road,credit card,shipped
945,446,278,26,651.69,1557.93,2021-03-17,50617 Cottonwood Drive,Apple Pay,shipped
946,676,406,13,210.33,1056.42,2022-07-01,5368 Farwell Drive,PayPal,processing
947,426,316,84,837.64,3694.3,2022-02-01,315 Jenna Pass,credit card,processing
948,363,31,64,765.41,8318.9,2022-06-18,7585 Mifflin Drive,Apple Pay,shipped
949,789,967,18,803.93,2968.48,2020-02-09,2 Vidon Plaza,PayPal,processing
950,826,314,87,667.76,7376.06,2020-09-19,777 Jay Place,credit card,pending
951,146,423,32,294.7,6984.15,2021-06-20,5 Northfield Street,credit card,pending
952,918,187,73,338.34,2129.07,2022-01-04,436 Ridgeview Parkway,PayPal,delivered
953,542,656,54,730.47,111.92,2020-09-24,933 Parkside Junction,PayPal,pending
954,414,939,49,936.32,2921.92,2020-03-23,3 Golf Junction,Apple Pay,pending
955,47,376,41,447.72,7716.69,2021-12-15,96 Pearson Circle,credit card,processing
956,330,562,2,632.72,4354.67,2020-07-23,816 Anzinger Point,PayPal,processing
957,629,175,29,994.22,388.6,2020-04-04,45 Eliot Road,credit card,processing
958,48,137,49,608.22,8720.27,2021-04-18,66085 Johnson Plaza,credit card,shipped
959,402,576,97,995.52,9320.58,2021-09-21,90117 Farmco Lane,credit card,pending
960,409,9,85,508.09,3650.21,2022-05-17,8141 Mockingbird Lane,Apple Pay,delivered
961,44,308,93,752.16,9623.14,2022-06-12,57 Artisan Way,PayPal,processing
962,190,981,14,19.69,6550.96,2021-12-25,71112 Schiller Road,Apple Pay,shipped
963,649,590,81,250.03,1508.34,2020-11-06,78 Mccormick Point,credit card,shipped
964,635,565,45,587.95,8205.26,2021-09-08,17549 Stuart Park,PayPal,pending
965,801,813,39,261.89,808.94,2021-07-30,66 Wayridge Street,PayPal,shipped
966,391,838,55,417.29,7832.73,2020-06-11,3185 Dovetail Alley,PayPal,processing
967,323,660,45,412.89,7727.22,2022-01-20,2 Blackbird Place,Apple Pay,pending
968,77,721,82,234.97,2287.39,2020-04-19,5376 Westridge Park,Apple Pay,processing
969,858,405,21,417.02,6977.66,2020-09-09,37399 Mcbride Alley,credit card,processing
970,366,714,78,223.21,8329.16,2021-12-03,396 Arapahoe Circle,Apple Pay,delivered
971,943,254,9,753.88,4695.81,2021-02-12,545 Luster Alley,credit card,pending
972,706,713,58,724.44,477.45,2022-07-13,03643 Independence Terrace,Apple Pay,processing
973,737,924,20,155.43,7314.29,2022-07-26,0 Grayhawk Circle,Apple Pay,delivered
974,264,471,86,145.92,4329.66,2022-04-28,979 Havey Center,PayPal,shipped
975,22,192,70,404.53,8831.24,2021-02-26,55 Gerald Center,PayPal,pending
976,818,228,96,782.16,76.66,2021-01-18,459 Carioca Circle,credit card,delivered
977,686,212,75,569.65,793.27,2021-09-10,6727 Old Gate Place,PayPal,shipped
978,890,990,45,971.85,9153.97,2021-02-25,04628 Armistice Alley,PayPal,shipped
979,253,498,100,740.19,4338.49,2020-06-08,5094 Roxbury Avenue,Apple Pay,processing
980,809,723,20,836.29,9051.39,2021-06-25,73 Melrose Alley,credit card,shipped
981,507,288,59,509.14,7243.15,2020-06-26,3622 Calypso Point,credit card,delivered
982,136,738,97,828.1,7283.21,2022-05-08,60316 Mendota Center,Apple Pay,delivered
983,580,533,65,611.76,162.76,2022-03-16,825 Anniversary Road,Apple Pay,processing
984,327,236,90,849.93,621.28,2020-04-06,34 Bellgrove Alley,credit card,processing
985,744,125,18,977.13,5437.49,2021-03-15,7762 Butterfield Drive,PayPal,processing
986,591,130,85,997.98,4677.7,2022-06-25,6516 Anderson Road,PayPal,processing
987,984,757,52,249.18,7221.07,2022-12-15,4670 Hollow Ridge Parkway,PayPal,delivered
988,693,222,5,557.12,5555.58,2020-06-30,3581 Twin Pines Terrace,Apple Pay,processing
989,596,630,88,761.7,1595.48,2021-01-25,11660 Fieldstone Court,credit card,processing
990,443,913,12,498.49,1595.44,2021-06-11,66 Crescent Oaks Way,credit card,delivered
991,609,235,3,404.71,3144.33,2020-01-10,441 Carioca Circle,credit card,pending
992,89,101,57,498.63,2165.04,2021-07-15,69 Kingsford Court,Apple Pay,shipped
993,1000,392,23,828.31,1294.05,2021-02-26,720 Corry Park,PayPal,pending
994,94,334,11,76.44,2433.13,2020-12-11,4 Haas Trail,credit card,shipped
995,513,452,43,202.35,5419.58,2020-04-27,85 Esker Avenue,PayPal,pending
996,470,753,55,8.33,4577.04,2021-12-13,745 American Place,credit card,processing
997,945,313,73,986.22,966.66,2020-01-09,049 Jana Terrace,PayPal,processing
998,574,858,15,589.71,8055.83,2020-06-15,23504 Lakeland Avenue,PayPal,processing
999,336,930,28,725.35,1636.06,2021-04-18,80367 Maple Wood Circle,Apple Pay,delivered
1000,742,548,3,206.01,4376.86,2021-03-22,194 Ohio Park,PayPal,processing
1001,788,311,63,939.4,9454.13,2020-09-02,2740 Sage Terrace,Apple Pay,processing
1002,796,225,10,302.33,4240.29,2022-12-23,79 Johnson Pass,Apple Pay,shipped
1003,39,733,9,432.87,6193.64,2022-10-01,9550 Glendale Pass,PayPal,processing
1004,62,85,84,288.77,3883.8,2022-10-13,4 Coleman Park,PayPal,pending
1005,40,870,55,206.19,2330.89,2020-09-27,805 Springs Point,Apple Pay,delivered
1006,237,305,33,556.48,3831.0,2021-06-03,1119 Bobwhite Crossing,Apple Pay,delivered
1007,935,416,98,436.59,2686.04,2021-05-15,4 Graceland Park,credit card,delivered
1008,630,470,10,651.06,9615.39,2022-12-13,3517 Village Green Junction,credit card,processing
1009,757,901,56,365.81,5340.29,2020-09-07,622 John Wall Hill,Apple Pay,pending
1010,678,147,97,429.09,5721.51,2021-03-10,8 Schmedeman Way,PayPal,processing
1011,4,309,89,718.48,895.59,2022-08-28,880 Lukken Road,credit card,shipped
1012,872,986,42,94.65,7883.81,2020-10-12,3087 School Road,Apple Pay,pending
1013,839,845,40,579.3,7564.8,2020-05-17,528 Claremont Alley,Apple Pay,delivered
1014,674,126,5,569.95,6063.87,2021-11-23,98 Red Cloud Road,credit card,delivered
1015,461,411,16,647.33,5951.58,2021-12-03,52 Coleman Street,PayPal,pending
1016,354,91,26,961.94,3836.64,2021-02-04,77 Reinke Circle,credit card,delivered
1017,464,53,45,567.12,1387.46,2020-10-06,3 Nevada Alley,PayPal,delivered
1018,751,455,42,558.71,6889.65,2022-01-23,2903 Nelson Way,Apple Pay,processing
1019,705,620,30,116.39,9175.87,2021-11-15,2756 Moland Avenue,credit card,pending
1020,702,218,44,290.13,7369.7,2021-04-28,0 Bonner Drive,credit card,delivered
1021,9,649,45,12.52,931.88,2021-11-22,3830 Superior Road,credit card,shipped
1022,824,492,30,572.49,2112.92,2021-10-10,714 Ryan Trail,PayPal,shipped
1023,663,705,18,834.67,2917.27,2021-12-25,3 Kropf Court,PayPal,delivered
1024,669,170,43,808.35,5756.45,2020-03-29,2 1st Parkway,PayPal,processing
1025,98,24,76,958.51,1376.55,2020-12-01,6386 Dottie Pass,PayPal,delivered
1026,725,610,51,63.16,9729.96,2022-01-17,9 Spaight Lane,credit card,shipped
1027,251,737,2,632.3,4586.46,2020-02-20,078 Utah Way,PayPal,shipped
1028,277,429,66,223.5,5399.34,2022-06-14,611 Reinke Circle,Apple Pay,shipped
1029,359,789,20,828.77,9350.46,2021-12-17,47500 Clarendon Lane,Apple Pay,delivered
1030,60,54,89,467.35,1092.03,2022-09-20,8578 Mosinee Drive,credit card,pending
1031,976,996,93,134.04,2864.53,2020-02-16,14 Acker Parkway,PayPal,pending
1032,687,759,70,512.08,8908.68,2020-11-30,0363 Holmberg Way,Apple Pay,delivered
1033,877,806,83,592.93,2379.65,2021-10-16,26 Thackeray Parkway,PayPal,shipped
1034,577,62,91,675.78,2896.32,2021-08-02,3671 Maple Junction,Apple Pay,delivered
1035,90,86,58,582.71,4559.82,2021-05-13,5 Algoma Trail,Apple Pay,delivered
1036,321,360,88,5.82,7707.51,2022-10-19,8 Wayridge Park,Apple Pay,pending
1037,31,183,72,2.5,360.36,2021-11-15,95834 Montana Circle,credit card,processing
1038,615,28,21,499.3,999.66,2021-09-14,93624 David Terrace,Apple Pay,pending
1039,611,102,68,962.01,1012.82,2022-08-22,347 High Crossing Way,PayPal,processing
1040,559,112,35,381.74,4103.97,2021-03-02,8871 Elgar Crossing,PayPal,processing
1041,134,51,32,936.33,3355.06,2020-09-09,0684 Summit Park,credit card,delivered
1042,128,226,28,258.47,1704.13,2020-01-10,04 Center Hill,credit card,shipped
1043,113,315,72,780.67,6415.98,2021-01-17,3352 Norway Maple Circle,credit card,processing
1044,922,701,31,544.77,2363.69,2020-07-16,7 Golden Leaf Road,credit card,shipped
1045,893,250,64,990.35,9100.34,2020-09-05,2491 Caliangt Center,Apple Pay,delivered
1046,734,474,87,952.2,6139.74,2022-05-17,22347 Del Mar Point,credit card,delivered
1047,690,194,87,960.63,5802.81,2022-08-28,429 Arkansas Circle,credit card,delivered
1048,958,538,10,73.12,4830.89,2021-02-12,7 Namekagon Center,PayPal,pending
1049,164,52,62,266.76,7202.18,2020-01-05,7 Pine View Way,Apple Pay,pending
1050,917,146,3,54.2,8953.78,2020-01-27,87 Fairfield Lane,Apple Pay,shipped
1051,913,925,100,206.94,876.67,2022-03-28,69980 Longview Lane,credit card,shipped
1052,281,509,91,31.93,6925.38,2022-11-15,5 Ridgeview Parkway,PayPal,pending
1053,270,920,86,849.89,8923.68,2021-08-06,8 Manufacturers Crossing,credit card,pending
1054,921,740,87,176.77,8830.19,2022-12-23,0253 Cottonwood Court,credit card,processing
1055,648,906,26,908.13,9757.58,2022-10-03,996 Hintze Road,PayPal,delivered
1056,892,592,42,139.78,9131.46,2021-08-04,69887 Kinsman Court,Apple Pay,delivered
1057,111,430,59,468.7,1066.46,2020-10-05,84 Sutherland Avenue,Apple Pay,pending
1058,594,138,69,876.91,9656.52,2022-11-18,153 Rowland Lane,PayPal,shipped
1059,759,529,59,529.19,3583.02,2020-10-07,44 Warrior Way,PayPal,delivered
1060,521,76,86,911.0,7666.18,2022-09-05,801 Vermont Hill,credit card,delivered
1061,689,400,73,742.14,6558.05,2021-11-30,97863 Stuart Crossing,Apple Pay,delivered
1062,986,485,96,767.93,2184.36,2022-06-13,102 Lillian Hill,PayPal,pending
1063,638,16,83,75.18,8795.91,2021-04-16,5807 American Ash Road,PayPal,delivered
1064,614,84,57,773.84,6415.97,2020-01-11,9298 American Terrace,PayPal,processing
1065,774,444,45,605.65,7196.3,2020-02-06,48 3rd Street,Apple Pay,pending
1066,668,295,97,201.87,4117.35,2022-06-19,472 Bunker Hill Avenue,PayPal,pending
1067,177,8,35,203.19,2437.36,2020-06-13,1 Vernon Center,Apple Pay,shipped
1068,991,632,77,476.68,4027.84,2022-08-12,6 Anhalt Court,credit card,processing
1069,685,389,80,281.2,4762.05,2022-06-25,477 Butterfield Court,credit card,processing
1070,263,58,60,408.57,2516.93,2020-07-31,3177 Kipling Parkway,Apple Pay,shipped
1071,109,555,29,507.13,2803.73,2020-08-01,177 Atwood Crossing,PayPal,pending
1072,750,970,10,775.72,1924.68,2021-12-28,8003 Hoffman Alley,PayPal,delivered
1073,581,886,19,723.71,2759.54,2022-08-24,5 John Wall Court,credit card,delivered
1074,373,386,39,268.44,9768.04,2022-05-31,448 Scofield Park,PayPal,pending
1075,501,191,52,86.32,4335.15,2022-06-26,03605 Independence Place,PayPal,shipped
1076,319,327,53,271.8,9757.11,2020-05-06,00 Milwaukee Way,credit card,processing
1077,292,918,19,8.73,2209.81,2021-08-09,6718 Dottie Crossing,Apple Pay,pending
1078,823,325,24,521.57,3263.79,2022-04-06,93762 Warner Lane,PayPal,pending
1079,492,804,58,934.53,4042.94,2021-03-01,39231 Sage Hill,Apple Pay,processing
1080,340,689,52,582.99,2815.38,2021-01-19,9319 Stone Corner Terrace,Apple Pay,delivered
1081,499,566,93,407.14,4199.76,2020-08-19,13 Mesta Point,Apple Pay,processing
1082,700,122,22,142.5,6875.57,2022-06-29,73 Heath Center,credit card,processing
1083,637,725,89,364.29,3748.09,2022-05-28,519 Calypso Hill,PayPal,pending
1084,953,507,47,221.95,1045.7,2020-12-18,28 Bultman Lane,credit card,pending
1085,224,641,91,265.4,5541.0,2020-08-28,8873 Charing Cross Crossing,Apple Pay,pending
1086,472,127,79,506.83,4166.35,2020-10-23,4199 Sundown Center,Apple Pay,processing
1087,120,431,17,833.41,3741.13,2022-12-28,66 Lukken Point,credit card,shipped
1088,875,231,94,343.34,1913.8,2022-12-20,90998 Clyde Gallagher Lane,Apple Pay,delivered
1089,836,574,43,902.3,5958.06,2021-10-10,0101 Waubesa Center,PayPal,delivered
1090,16,557,54,571.88,5613.97,2021-10-03,05487 Bunting Circle,Apple Pay,shipped
1091,14,716,35,691.02,4554.4,2022-03-21,526 Superior Court,PayPal,pending
1092,699,12,79,323.06,5088.13,2021-01-28,0 Green Hill,PayPal,shipped
1093,496,320,43,760.16,6107.15,2021-11-19,3240 Kedzie Place,Apple Pay,processing
1094,910,184,31,300.98,2055.58,2020-11-18,8685 Arkansas Avenue,Apple Pay,delivered
1095,924,998,65,801.18,926.98,2020-02-04,487 Moland Way,credit card,delivered
1096,206,554,78,215.37,8889.34,2021-10-26,27314 Magdeline Circle,PayPal,delivered
1097,102,483,58,766.79,7938.98,2021-07-05,9 Harper Plaza,Apple Pay,pending
1098,131,275,34,65.85,993.71,2020-11-03,4 Hoepker Crossing,credit card,shipped
1099,76,751,45,859.74,5972.88,2020-07-15,90345 Blaine Center,Apple Pay,pending
1100,351,844,83,574.57,4083.17,2022-10-12,9 Ridgeview Lane,PayPal,processing
1101,293,817,32,461.69,7806.79,2021-09-28,5 Cherokee Alley,credit card,pending
1102,178,167,9,52.11,4138.73,2022-01-16,6 Stuart Center,Apple Pay,delivered
1103,682,905,98,814.47,7302.6,2020-02-21,15 Petterle Place,PayPal,pending
1104,307,949,64,665.6,6022.32,2022-04-28,4 Esker Point,credit card,delivered
1105,938,966,36,571.13,2540.68,2021-06-20,56 Amoth Parkway,Apple Pay,processing
1106,483,344,93,192.6,3221.22,2020-06-03,0833 Almo Drive,PayPal,shipped
1107,610,294,35,902.42,2781.03,2022-05-10,6987 Service Junction,credit card,pending
1108,743,824,23,522.06,5280.21,2021-09-26,12012 Lakewood Gardens Avenue,PayPal,shipped
1109,822,626,57,982.58,7424.58,2020-07-21,110 Huxley Circle,PayPal,delivered
1110,527,680,77,223.66,6034.74,2022-06-10,48154 Straubel Point,PayPal,delivered
1111,246,258,92,569.79,4696.15,2020-01-12,28142 Northwestern Trail,Apple Pay,pending
1112,664,564,9,635.49,9512.69,2022-09-07,6401 Blackbird Circle,credit card,pending
1113,563,698,71,619.39,7310.5,2022-04-15,3220 Lukken Road,credit card,pending
1114,466,969,54,631.93,418.55,2020-02-14,9 Lighthouse Bay Junction,Apple Pay,shipped
1115,517,469,45,757.31,5081.87,2020-01-24,65 Fair Oaks Terrace,credit card,pending
1116,806,251,19,878.34,6570.12,2020-06-24,717 Knutson Center,PayPal,pending
1117,692,825,65,559.75,2754.31,2022-01-15,7835 Acker Drive,Apple Pay,pending
1118,273,792,70,735.21,5697.33,2022-11-20,83544 Autumn Leaf Point,Apple Pay,delivered
1119,427,368,72,480.92,4263.66,2020-10-03,80 Fairfield Park,Apple Pay,pending
1120,481,475,21,582.27,3938.46,2022-01-22,80 Continental Road,PayPal,shipped
1121,412,59,21,510.24,386.78,2020-10-20,418 Coleman Street,PayPal,processing
1122,75,877,91,518.93,262.9,2020-08-13,9 Anniversary Court,PayPal,shipped
1123,419,397,39,722.58,4610.65,2021-02-22,962 Bonner Avenue,credit card,shipped
1124,163,645,95,35.0,337.55,2022-02-04,52 Norway Maple Place,credit card,delivered
1125,248,919,2,587.05,5202.22,2022-08-03,22 Fallview Place,Apple Pay,delivered
1126,870,772,57,244.59,917.23,2020-07-10,4 Kenwood Hill,Apple Pay,delivered
1127,87,558,40,527.19,7330.41,2020-05-15,074 Farmco Point,Apple Pay,pending
1128,562,293,54,465.0,9442.24,2020-07-30,5620 Atwood Trail,credit card,shipped
1129,756,49,13,321.8,6853.69,2022-05-13,3960 Cherokee Lane,PayPal,pending
1130,420,760,59,83.87,7100.66,2020-07-08,4408 5th Pass,PayPal,pending
1131,929,178,22,118.21,1750.47,2022-01-10,718 Clove Circle,Apple Pay,delivered
1132,665,666,3,894.59,759.3,2020-03-04,23 Debs Court,credit card,processing
1133,550,150,67,721.49,8610.58,2020-02-16,642 Brickson Park Hill,Apple Pay,pending
1134,556,22,11,711.92,2932.22,2020-09-26,9 Hintze Court,PayPal,delivered
1135,205,453,42,500.2,4353.84,2021-07-23,21889 Hoffman Junction,credit card,pending
1136,940,826,68,801.96,6376.31,2020-08-30,95888 Ridge Oak Pass,Apple Pay,pending
1137,999,154,18,106.79,662.8,2021-12-05,7490 Jackson Center,Apple Pay,delivered
1138,632,367,85,894.71,7583.12,2021-10-27,16688 Lawn Alley,Apple Pay,pending
1139,133,190,56,413.01,5380.19,2020-02-20,9894 Elka Circle,credit card,shipped
1140,238,973,26,251.05,8970.54,2020-05-14,84 Carioca Crossing,PayPal,delivered
1141,286,219,85,321.77,6553.55,2022-07-14,0460 2nd Drive,PayPal,delivered
1142,416,945,77,621.4,8064.19,2020-04-18,31650 Melby Parkway,Apple Pay,shipped
1143,395,936,69,599.23,7450.66,2021-01-24,6537 Maple Junction,credit card,delivered
1144,882,856,42,504.89,1293.53,2021-06-21,32 Alpine Street,PayPal,delivered
1145,733,833,42,279.5,3505.15,2022-03-18,1 Truax Terrace,Apple Pay,pending
1146,184,365,3,522.63,6813.07,2021-06-26,42 Hauk Circle,PayPal,pending
1147,793,921,100,539.91,8976.47,2021-02-01,78 Texas Street,PayPal,pending
1148,389,596,27,107.33,120.14,2020-01-25,90 Schiller Circle,credit card,delivered
1149,71,618,10,193.28,5271.71,2022-08-06,64781 Schlimgen Alley,credit card,delivered
1150,42,613,22,226.71,7012.27,2021-11-02,42 Dryden Court,credit card,delivered
1151,137,866,96,209.03,8182.46,2021-09-09,7820 Pennsylvania Plaza,PayPal,pending
1152,12,331,46,415.93,3508.92,2021-11-19,435 Moose Lane,PayPal,shipped
1153,262,422,94,606.05,5207.42,2020-07-12,69 Victoria Parkway,PayPal,shipped
1154,835,244,79,773.57,4913.82,2020-09-10,0827 Birchwood Crossing,PayPal,pending
1155,862,108,19,301.93,3456.79,2021-08-17,92800 Waubesa Terrace,credit card,shipped
1156,162,152,93,915.4,1144.92,2021-11-28,10 Roxbury Way,Apple Pay,delivered
1157,780,871,19,242.4,625.65,2021-06-17,83 Tomscot Trail,Apple Pay,pending
1158,675,220,11,494.08,167.77,2022-07-05,0 Charing Cross Lane,credit card,shipped
1159,970,935,58,790.74,7466.19,2020-09-30,39 Haas Road,PayPal,processing
1160,382,954,85,965.85,6832.8,2020-01-06,949 Emmet Drive,Apple Pay,processing
1161,606,132,97,756.22,9753.72,2021-10-02,8 Shasta Park,PayPal,processing
1162,919,464,95,551.0,2481.37,2020-10-12,1455 Hauk Plaza,PayPal,pending
1163,358,114,72,387.81,4522.26,2022-10-31,422 Golf Center,credit card,delivered
1164,152,402,90,893.82,1689.69,2022-11-14,93 Buhler Center,PayPal,delivered
1165,232,503,53,771.33,1568.07,2021-09-25,50239 Fremont Hill,credit card,delivered
1166,853,729,87,246.25,6654.63,2022-05-24,0 Hoffman Parkway,credit card,shipped
1167,833,798,92,850.51,9714.1,2021-10-06,3828 Harbort Place,PayPal,shipped
1168,777,983,26,788.69,1481.68,2021-11-15,4 Onsgard Court,credit card,shipped
1169,220,326,97,336.37,2419.29,2021-01-14,5 Kenwood Place,credit card,delivered
1170,332,778,77,208.77,7789.51,2021-12-17,0066 Schmedeman Avenue,PayPal,pending
1171,479,41,64,97.29,1339.64,2021-03-02,77 Veith Drive,credit card,processing
1172,600,81,2,449.3,1047.8,2022-09-16,1648 Lerdahl Plaza,PayPal,pending
1173,132,571,7,156.44,106.78,2022-10-28,944 Mendota Pass,Apple Pay,pending
1174,279,153,62,276.56,2422.62,2022-11-11,1831 Esch Way,PayPal,processing
1175,436,672,59,945.03,1390.85,2021-02-03,72074 Pawling Drive,credit card,delivered
1176,13,972,14,730.68,5856.71,2020-05-22,8470 Carberry Place,PayPal,processing
1177,140,662,96,190.6,9428.56,2020-08-26,45816 Heath Junction,Apple Pay,processing
1178,598,461,87,710.53,8686.3,2022-10-11,5864 Haas Plaza,PayPal,delivered
1179,449,517,77,121.81,4922.88,2020-06-19,051 Bashford Park,Apple Pay,pending
1180,834,700,66,141.37,1236.33,2022-02-17,44 Manley Street,credit card,pending
1181,796,639,100,884.28,9950.99,2021-05-27,4 Columbus Street,PayPal,pending
1182,321,273,86,416.33,9882.34,2021-12-26,507 Eastwood Hill,credit card,pending
1183,729,133,16,902.46,5112.05,2021-03-27,50 Hanson Street,Apple Pay,delivered
1184,870,68,6,623.19,3818.57,2020-05-27,11366 Bluejay Hill,Apple Pay,pending
1185,554,774,37,938.64,6265.98,2021-03-30,900 Armistice Park,PayPal,delivered
1186,920,779,6,708.47,8228.25,2022-02-21,08 Arrowood Court,Apple Pay,shipped
1187,782,964,12,195.54,6004.23,2021-12-14,444 Lakeland Parkway,credit card,shipped
1188,497,477,72,37.0,3148.52,2021-10-31,6 8th Lane,credit card,pending
1189,627,931,64,36.6,8069.55,2022-09-23,0 Mockingbird Avenue,Apple Pay,delivered
1190,966,946,77,733.12,8991.79,2020-07-03,50229 Maywood Parkway,Apple Pay,shipped
1191,421,924,19,108.16,4539.49,2020-07-06,209 Elgar Park,PayPal,shipped
1192,962,797,23,271.15,5016.1,2021-11-19,197 Northview Crossing,PayPal,processing
1193,766,288,42,638.85,988.59,2022-08-27,65410 Moland Trail,Apple Pay,delivered
1194,397,708,61,452.04,1733.9,2021-05-07,3 Mallard Plaza,Apple Pay,delivered
1195,156,180,83,250.3,1331.09,2020-08-14,82 Homewood Pass,Apple Pay,delivered
1196,702,57,22,949.99,8569.29,2022-12-05,6 Mcguire Place,PayPal,shipped
1197,313,854,93,262.54,1236.84,2022-01-20,2721 7th Alley,PayPal,shipped
1198,213,177,58,54.31,7704.47,2021-08-21,1 Scott Point,PayPal,shipped
1199,814,355,37,555.68,3259.73,2021-11-12,7 Delladonna Avenue,Apple Pay,shipped
1200,546,108,88,0.55,479.58,2022-12-23,6337 Messerschmidt Junction,Apple Pay,shipped
1201,186,730,5,102.48,8047.42,2022-12-16,9478 Lindbergh Parkway,credit card,processing
1202,177,317,73,331.55,5621.99,2022-02-16,9 Northview Way,credit card,delivered
1203,327,192,75,111.57,897.67,2021-08-07,51 Westridge Lane,Apple Pay,pending
1204,855,942,35,270.03,7774.34,2020-02-11,119 Thackeray Center,PayPal,delivered
1205,88,301,17,863.61,7910.68,2022-03-04,02 Graceland Place,Apple Pay,delivered
1206,133,269,39,352.28,5694.25,2020-05-27,084 Sunbrook Crossing,credit card,shipped
1207,994,297,11,324.14,5130.18,2021-04-11,94 Sugar Trail,credit card,delivered
1208,394,390,43,862.78,3808.16,2021-03-08,373 Commercial Crossing,credit card,shipped
1209,10,23,44,409.36,6601.8,2021-10-01,734 Reindahl Way,Apple Pay,processing
1210,415,746,96,549.98,5322.77,2021-09-28,9227 Upham Court,PayPal,processing
1211,242,188,79,778.49,4819.92,2022-03-05,34 Golf Court,PayPal,delivered
1212,955,354,21,657.29,4073.17,2021-08-11,22589 Thackeray Way,PayPal,processing
1213,923,596,90,405.04,6802.08,2021-09-15,3 Del Sol Alley,Apple Pay,processing
1214,31,697,24,108.25,2640.32,2022-01-23,117 Karstens Terrace,PayPal,processing
1215,15,916,1,267.7,4676.83,2022-08-14,08 Fairfield Lane,credit card,shipped
1216,337,887,42,614.87,1297.91,2022-11-01,5 Merry Pass,PayPal,pending
1217,226,238,25,392.59,1827.62,2022-01-25,727 Butternut Place,PayPal,delivered
1218,204,170,13,859.77,8174.12,2021-01-25,47846 Bartillon Park,Apple Pay,processing
1219,654,533,81,851.7,1659.33,2021-09-19,95 New Castle Court,PayPal,processing
1220,76,206,55,186.0,6684.91,2021-10-30,3 Warrior Avenue,credit card,shipped
1221,198,944,2,420.82,3192.12,2022-12-08,2962 Duke Trail,PayPal,pending
1222,564,975,16,61.93,6108.1,2022-10-09,28648 Arapahoe Park,credit card,pending
1223,272,305,77,505.83,1519.28,2020-03-26,252 David Road,Apple Pay,processing
1224,163,590,35,126.86,7044.92,2020-10-19,710 Forest Run Court,credit card,delivered
1225,968,921,38,982.28,9139.63,2021-05-26,8245 Sunbrook Place,credit card,delivered
1226,458,69,78,473.5,4117.12,2021-06-18,792 Westport Terrace,credit card,pending
1227,758,705,26,939.98,5449.66,2022-08-10,135 Oakridge Junction,credit card,shipped
1228,522,457,94,283.88,2089.23,2020-02-17,3453 Daystar Lane,credit card,processing
1229,873,892,34,827.98,4828.99,2020-08-23,96 Knutson Plaza,credit card,pending
1230,495,815,70,799.04,8717.01,2022-06-18,013 Hazelcrest Crossing,PayPal,pending
1231,653,853,39,872.81,7929.5,2021-12-22,9129 Forster Avenue,PayPal,processing
1232,815,622,91,244.52,1048.19,2022-01-06,43 Bellgrove Place,Apple Pay,delivered
1233,84,484,27,475.76,5219.13,2022-01-14,028 Luster Hill,credit card,shipped
1234,725,823,100,854.0,4217.96,2021-08-30,06 Meadow Valley Terrace,PayPal,processing
1235,534,689,73,356.92,3692.48,2020-04-28,25468 Thackeray Drive,Apple Pay,delivered
1236,904,735,54,115.64,2388.71,2022-01-04,589 New Castle Street,PayPal,processing
1237,111,146,65,708.24,2626.02,2022-12-17,2 Pierstorff Alley,credit card,pending
1238,169,727,73,148.29,4577.46,2021-03-05,15 Declaration Alley,credit card,processing
1239,910,313,78,104.17,852.54,2021-04-02,51 Rutledge Court,PayPal,pending
1240,525,777,64,198.45,7583.68,2022-12-09,12 Starling Street,credit card,shipped
1241,563,386,6,369.08,7769.06,2020-09-18,1 Brown Court,credit card,pending
1242,658,302,55,393.8,4545.1,2022-06-26,866 Jana Plaza,PayPal,delivered
1243,917,356,97,180.83,5272.73,2022-11-16,50767 Helena Alley,Apple Pay,processing
1244,989,584,33,849.83,690.17,2022-04-02,047 Golden Leaf Alley,Apple Pay,pending
1245,468,970,29,49.41,9471.76,2020-08-20,738 Atwood Court,credit card,pending
1246,775,157,74,882.03,5779.8,2021-07-24,825 Maywood Plaza,Apple Pay,delivered
1247,862,26,13,879.99,821.47,2022-04-28,7 Vidon Place,Apple Pay,pending
1248,154,982,74,253.92,2325.75,2021-02-22,554 Golf View Center,Apple Pay,shipped
1249,27,566,93,84.5,9708.95,2021-08-05,8 Westend Place,PayPal,pending
1250,48,359,52,393.2,4403.47,2021-04-27,0415 Anthes Place,credit card,shipped
1251,615,330,10,916.02,167.35,2022-01-06,72643 Petterle Drive,credit card,delivered
1252,390,742,74,478.41,2494.99,2020-05-24,63 Garrison Crossing,Apple Pay,processing
1253,2,89,84,928.91,7547.68,2020-07-13,4 Charing Cross Alley,Apple Pay,delivered
1254,295,231,32,958.24,5909.24,2020-04-01,7127 Lunder Circle,PayPal,delivered
1255,842,715,100,976.86,2527.93,2022-07-30,5617 Gateway Lane,PayPal,delivered
1256,818,755,85,131.88,2620.82,2022-11-02,4705 Hovde Hill,credit card,processing
1257,9,276,18,9.97,3411.9,2022-02-06,9 Sachs Circle,PayPal,processing
1258,926,52,66,430.69,2193.94,2021-11-21,8 Luster Court,PayPal,processing
1259,113,136,33,503.52,251.18,2020-09-06,031 Westridge Junction,Apple Pay,processing
1260,339,994,8,948.65,6743.95,2022-11-02,00 Debra Parkway,Apple Pay,shipped
1261,288,520,12,216.29,5278.43,2022-09-01,1059 Killdeer Parkway,Apple Pay,pending
1262,224,190,21,492.09,7616.82,2021-12-04,689 Manitowish Terrace,credit card,processing
1263,372,264,25,266.04,2863.68,2021-01-29,1 Macpherson Alley,credit card,pending
1264,353,674,10,316.49,1952.01,2022-12-18,08460 Spohn Drive,credit card,shipped
1265,380,118,99,705.29,716.59,2021-07-03,1 Sundown Way,Apple Pay,delivered
1266,667,920,37,814.97,383.72,2020-07-02,25179 Bunker Hill Pass,credit card,shipped
1267,620,396,6,204.7,9263.66,2021-10-27,75 Truax Crossing,PayPal,shipped
1268,664,271,70,309.31,8143.03,2021-05-14,559 Riverside Way,credit card,shipped
1269,60,163,6,24.42,5830.19,2021-04-29,0683 Lukken Plaza,PayPal,shipped
1270,58,789,1,356.11,8375.66,2020-03-06,774 Thompson Trail,credit card,delivered
1271,613,495,82,11.4,79.98,2020-12-24,52062 Stoughton Road,Apple Pay,processing
1272,195,65,6,511.11,6978.97,2021-02-21,68 Kings Circle,PayPal,delivered
1273,575,362,17,480.97,638.9,2020-06-18,68 Doe Crossing Drive,Apple Pay,shipped
1274,208,340,77,319.74,2441.84,2021-01-26,2347 Kim Place,credit card,shipped
1275,131,99,57,483.63,9863.05,2022-07-27,0488 School Pass,PayPal,processing
1276,483,765,45,350.91,4928.8,2021-02-15,85 Dakota Court,PayPal,processing
1277,500,544,94,913.8,2115.27,2020-02-12,77 Dovetail Point,PayPal,pending
1278,750,123,33,689.41,5406.76,2020-04-15,021 Dottie Way,credit card,shipped
1279,151,860,3,741.2,7706.17,2020-05-11,26355 Ridgeway Road,credit card,shipped
1280,505,13,13,184.6,1280.34,2021-07-31,36 Esker Road,credit card,processing
1281,53,114,62,435.29,7223.59,2022-04-29,38934 Carey Court,PayPal,shipped
1282,710,559,63,68.54,4340.85,2022-06-26,82413 Eagan Pass,Apple Pay,pending
1283,245,310,83,131.09,4958.61,2022-11-25,0488 Sullivan Way,PayPal,pending
1284,383,517,1,415.55,3946.97,2022-01-08,446 Monica Street,PayPal,pending
1285,893,104,90,698.56,5651.19,2021-11-21,608 Forest Run Lane,PayPal,shipped
1286,493,478,9,704.41,2095.47,2020-10-30,49466 Roth Pass,PayPal,delivered
1287,597,18,45,97.46,2079.04,2022-07-07,3 Walton Terrace,PayPal,pending
1288,72,503,46,836.19,2092.5,2021-11-25,93 Mandrake Center,Apple Pay,delivered
1289,173,122,38,697.17,560.46,2020-09-02,385 Shoshone Parkway,Apple Pay,delivered
1290,85,998,1,43.47,6696.4,2021-06-10,0 Sutherland Alley,PayPal,shipped
1291,178,244,69,454.0,632.04,2020-08-12,172 Shasta Trail,Apple Pay,delivered
1292,426,792,48,277.35,6505.2,2020-06-10,45 Thompson Hill,PayPal,shipped
1293,953,621,37,950.51,2460.7,2021-10-19,9739 Mayfield Crossing,PayPal,shipped
1294,835,990,31,554.65,6190.53,2020-12-28,977 Monterey Street,PayPal,delivered
1295,686,592,42,846.32,3985.48,2022-07-07,907 Judy Junction,Apple Pay,processing
1296,467,189,9,651.86,9696.24,2020-02-22,49 International Place,credit card,processing
1297,987,645,46,321.82,9030.07,2021-08-03,54952 3rd Avenue,PayPal,shipped
1298,298,709,65,815.31,928.02,2021-10-03,691 Southridge Avenue,Apple Pay,pending
1299,521,884,13,923.58,8014.29,2022-04-02,39514 Arrowood Circle,credit card,shipped
1300,441,825,4,788.5,4965.31,2021-05-20,640 Jenna Alley,Apple Pay,shipped
1301,861,837,71,482.85,8545.77,2020-06-10,74908 Prairie Rose Plaza,credit card,shipped
1302,300,393,4,208.75,1825.05,2022-02-24,4356 Huxley Plaza,PayPal,delivered
1303,239,422,23,499.94,8940.72,2022-11-26,9701 Muir Road,credit card,delivered
1304,853,82,76,383.5,2330.2,2020-02-25,52 Village Trail,Apple Pay,processing
1305,997,468,78,196.37,7363.73,2022-10-10,1 Harper Terrace,Apple Pay,processing
1306,384,668,65,284.38,3989.82,2022-12-02,89 Bunker Hill Place,PayPal,processing
1307,712,201,88,95.72,7404.71,2021-12-06,8254 Delaware Place,credit card,shipped
1308,457,399,79,172.74,8801.01,2022-11-29,5002 Rowland Pass,Apple Pay,processing
1309,7,687,17,220.18,7384.62,2020-04-28,64447 Village Green Way,credit card,delivered
1310,190,257,1,526.12,8592.46,2020-08-05,90338 Harper Lane,PayPal,shipped
1311,22,573,26,549.73,9671.49,2021-04-23,63 Dawn Alley,credit card,processing
1312,293,401,62,812.14,3486.89,2022-01-02,7 Schlimgen Terrace,credit card,processing
1313,429,898,81,751.73,4087.94,2022-07-02,08 Weeping Birch Street,Apple Pay,shipped
1314,69,72,87,213.5,5179.23,2021-01-10,67309 Golf Course Way,PayPal,pending
1315,866,882,59,249.33,7995.2,2022-09-16,07043 Vahlen Point,Apple Pay,pending
1316,451,466,58,672.07,9032.69,2020-01-18,3757 Straubel Park,PayPal,pending
1317,777,350,92,700.9,5490.15,2022-06-04,17 Esker Plaza,PayPal,processing
1318,232,27,75,915.36,4817.99,2022-09-23,31781 Westridge Center,credit card,shipped
1319,117,216,29,20.8,9472.28,2020-04-11,262 Hansons Road,credit card,delivered
1320,333,60,70,713.33,571.42,2021-04-15,845 Bunker Hill Pass,PayPal,processing
1321,901,875,90,278.63,146.57,2021-05-22,9 Marquette Road,Apple Pay,delivered
1322,471,166,20,22.02,9746.45,2020-09-16,262 Hollow Ridge Crossing,credit card,delivered
1323,301,849,18,189.74,3886.05,2020-05-30,1 Lighthouse Bay Point,PayPal,shipped
1324,391,142,88,801.59,5924.61,2021-02-23,317 Caliangt Place,PayPal,delivered
1325,974,930,64,365.53,154.85,2021-03-18,027 Everett Hill,Apple Pay,delivered
1326,781,556,98,268.7,3986.0,2021-03-14,67250 Victoria Hill,credit card,pending
1327,672,400,91,492.56,8660.49,2020-10-17,1 Scofield Pass,PayPal,delivered
1328,104,377,16,438.7,9852.03,2021-10-26,075 Novick Center,PayPal,processing
1329,723,307,54,98.1,17.93,2021-04-03,92745 Division Place,PayPal,processing
1330,961,567,74,908.45,8135.61,2020-10-27,74 Grasskamp Street,Apple Pay,processing
1331,619,894,17,305.55,1777.99,2022-05-15,30802 West Pass,credit card,delivered
1332,241,769,42,931.76,5238.34,2021-08-07,2302 High Crossing Pass,credit card,pending
1333,343,25,19,838.72,4138.47,2020-05-13,07820 Weeping Birch Place,PayPal,processing
1334,749,572,50,328.41,7270.81,2021-07-26,14169 Evergreen Hill,PayPal,processing
1335,581,526,68,26.6,3432.22,2021-03-14,57167 Cherokee Center,PayPal,processing
1336,927,704,72,421.85,4073.68,2021-03-19,5 Bonner Avenue,Apple Pay,pending
1337,312,100,87,472.88,4892.42,2020-07-05,67 Crowley Street,credit card,processing
1338,423,423,99,30.39,4381.91,2020-06-16,34023 Harper Hill,PayPal,pending
1339,697,846,87,743.36,6247.74,2020-05-27,51 Lerdahl Court,credit card,pending
1340,181,627,50,273.55,4139.7,2021-06-01,3 Laurel Place,Apple Pay,processing
1341,763,247,4,705.15,5107.92,2020-07-11,7 Lillian Place,Apple Pay,delivered
1342,900,871,37,251.04,9507.66,2021-01-24,27 Arizona Terrace,Apple Pay,processing
1343,364,728,89,843.82,5443.82,2021-10-15,2115 Warrior Terrace,Apple Pay,pending
1344,694,673,65,865.08,4130.44,2022-03-05,3 Melody Trail,PayPal,shipped
1345,125,225,24,912.06,5542.91,2020-03-13,3 Thompson Hill,credit card,processing
1346,289,98,91,390.61,3227.23,2022-07-22,7817 Golf Road,Apple Pay,shipped
1347,395,94,4,431.48,6541.54,2020-12-05,5 Green Ridge Lane,PayPal,delivered
1348,260,749,50,992.11,5642.65,2021-12-07,92086 Elgar Hill,credit card,processing
1349,811,883,96,392.15,147.58,2021-07-30,8 Shasta Point,PayPal,shipped
1350,802,600,33,430.67,9244.83,2021-06-06,6182 Gateway Place,PayPal,shipped
1351,378,245,7,475.03,5548.55,2021-12-19,118 Carpenter Center,PayPal,shipped
1352,361,252,91,833.08,2560.67,2020-05-30,954 Sunbrook Plaza,Apple Pay,pending
1353,228,630,16,822.24,1238.0,2020-08-06,52 Fremont Center,PayPal,delivered
1354,566,756,12,219.69,6092.55,2020-07-26,221 Shoshone Drive,Apple Pay,pending
1355,578,877,88,271.77,2561.68,2020-05-04,74 Sunfield Plaza,PayPal,delivered
1356,970,659,90,306.93,379.49,2021-08-11,175 Hoepker Circle,credit card,delivered
1357,747,230,87,468.1,1302.72,2021-12-13,07347 Bunting Place,credit card,pending
1358,399,594,49,423.13,8444.97,2020-09-28,7 8th Road,PayPal,pending
1359,13,30,58,146.83,3095.69,2022-03-24,337 Forest Run Trail,credit card,processing
1360,246,21,92,258.89,5563.94,2021-09-20,5701 Stuart Plaza,credit card,delivered
1361,199,980,77,351.85,2357.37,2021-08-24,26 Warrior Trail,PayPal,delivered
1362,376,105,15,723.56,6948.21,2021-04-30,814 Southridge Avenue,credit card,delivered
1363,188,405,95,878.3,9622.62,2020-03-15,7 Pearson Street,credit card,processing
1364,428,740,26,841.51,5768.42,2020-12-16,9209 Roxbury Trail,Apple Pay,delivered
1365,418,154,64,488.54,4349.83,2021-06-27,53904 Glendale Way,Apple Pay,delivered
1366,778,750,27,373.31,2309.36,2020-10-05,18919 International Avenue,PayPal,shipped
1367,949,497,11,439.88,9172.89,2020-03-21,423 Brickson Park Street,PayPal,shipped
1368,611,449,94,147.36,223.81,2022-06-15,04 Tomscot Road,credit card,processing
1369,670,395,96,0.65,1203.53,2020-11-17,9 Arapahoe Drive,credit card,delivered
1370,841,947,62,538.59,5576.98,2020-09-01,7721 Boyd Trail,PayPal,delivered
1371,19,47,50,125.37,2695.26,2021-10-04,04209 Little Fleur Hill,credit card,pending
1372,263,55,57,809.49,9356.61,2020-04-19,4739 Montana Circle,credit card,delivered
1373,240,182,54,748.33,8441.05,2020-05-26,25452 Pennsylvania Plaza,Apple Pay,shipped
1374,348,636,85,69.44,2399.6,2022-07-10,02545 Reinke Park,PayPal,pending
1375,506,623,45,287.29,4353.19,2020-01-06,82487 Sherman Plaza,PayPal,pending
1376,6,358,96,852.27,754.81,2021-05-21,09646 Knutson Park,Apple Pay,shipped
1377,648,981,60,683.46,5067.28,2021-07-05,8 Claremont Court,credit card,pending
1378,105,901,10,36.8,4783.79,2022-10-30,734 Dennis Point,Apple Pay,delivered
1379,201,445,14,419.28,9070.82,2021-09-01,01036 Milwaukee Avenue,PayPal,pending
1380,161,973,85,529.3,7267.82,2020-07-18,6529 Donald Avenue,credit card,processing
1381,800,74,95,951.9,6762.65,2022-11-16,7224 Monument Plaza,PayPal,processing
1382,625,542,60,599.94,8584.53,2021-04-09,021 Kedzie Alley,PayPal,pending
1383,519,195,93,436.55,2440.33,2021-12-14,1029 Kropf Street,credit card,shipped
1384,25,959,44,399.59,8497.9,2020-11-22,1204 Toban Parkway,PayPal,processing
1385,560,643,45,676.52,7004.25,2020-09-09,71512 Rowland Junction,Apple Pay,pending
1386,555,912,88,776.21,5132.85,2020-03-17,6 Muir Pass,Apple Pay,processing
1387,552,679,48,512.64,2643.93,2021-07-05,2405 Fairview Parkway,Apple Pay,shipped
1388,557,289,19,847.31,8069.67,2021-01-10,711 Alpine Center,PayPal,delivered
1389,936,737,56,851.57,4387.4,2021-09-05,230 Kenwood Parkway,PayPal,processing
1390,481,518,80,762.84,7825.82,2022-01-18,89 Cascade Place,PayPal,delivered
1391,933,953,21,501.13,5827.84,2020-03-03,2962 Upham Court,Apple Pay,pending
1392,992,103,16,237.71,7601.17,2022-03-01,19985 Eagan Way,Apple Pay,pending
1393,528,312,26,848.71,602.6,2020-12-17,3442 Fairfield Alley,Apple Pay,delivered
1394,731,511,17,491.49,815.83,2021-10-26,51250 Butterfield Lane,PayPal,shipped
1395,565,647,26,382.1,7305.62,2021-08-24,84375 Cordelia Point,Apple Pay,delivered
1396,909,431,57,808.33,6632.48,2020-10-25,090 Magdeline Park,PayPal,pending
1397,183,109,5,721.48,7371.15,2020-04-05,39 Service Road,Apple Pay,shipped
1398,616,665,56,475.61,6539.98,2020-01-01,171 Victoria Alley,credit card,pending
1399,344,116,17,688.72,5327.25,2022-04-21,325 Loomis Point,Apple Pay,shipped
1400,831,270,80,565.36,5834.09,2022-04-24,88764 Stoughton Court,Apple Pay,processing
1401,284,227,7,77.87,4724.74,2022-06-02,16175 Bayside Crossing,credit card,delivered
1402,523,285,30,558.67,1350.23,2021-02-06,31991 Golf View Point,Apple Pay,processing
1403,819,532,54,369.11,7629.91,2021-02-07,321 Stuart Crossing,credit card,delivered
1404,978,311,78,641.91,9368.73,2022-05-23,2603 Thompson Junction,PayPal,delivered
1405,671,693,15,41.66,2537.43,2022-03-18,8972 Schiller Plaza,credit card,pending
1406,338,851,69,600.7,9626.53,2021-03-05,547 Oriole Plaza,credit card,processing
1407,769,938,51,161.3,7049.98,2020-11-07,8091 Onsgard Parkway,PayPal,pending
1408,309,639,11,112.43,232.27,2022-09-04,0 Manitowish Place,credit card,pending
1409,431,344,41,548.43,9771.01,2021-11-07,9306 Jenifer Parkway,Apple Pay,processing
1410,937,841,71,66.15,9850.28,2021-11-03,2305 Westend Court,Apple Pay,shipped
1411,279,832,50,170.67,1723.87,2021-01-05,411 Bartelt Alley,credit card,delivered
1412,496,827,66,131.83,3590.99,2020-10-27,4132 Hollow Ridge Avenue,credit card,pending
1413,170,581,91,610.57,5797.79,2022-01-15,9 Cherokee Place,Apple Pay,shipped
1414,192,259,51,658.64,1457.9,2021-06-27,71 Union Terrace,PayPal,pending
1415,454,235,46,410.47,2375.33,2022-12-01,49166 Carioca Way,Apple Pay,shipped
1416,837,943,95,206.8,9895.64,2020-08-28,8206 Hoepker Terrace,credit card,pending
1417,158,331,18,360.71,7989.43,2020-06-16,5996 Scofield Park,PayPal,shipped
1418,12,437,18,263.98,9701.14,2020-10-04,1650 Arrowood Crossing,PayPal,processing
1419,225,773,79,854.01,5306.28,2021-01-22,6 Ridgeway Street,credit card,delivered
1420,894,951,21,260.01,7494.34,2022-11-06,261 Mayfield Street,credit card,shipped
1421,62,436,17,968.69,914.63,2021-10-22,91491 Hooker Avenue,credit card,pending
1422,663,397,74,733.49,1235.34,2022-09-11,0319 Sachtjen Point,credit card,shipped
1423,37,995,100,841.81,7422.66,2021-04-07,7258 Hagan Street,credit card,shipped
1424,891,664,75,341.53,6558.76,2020-12-05,8260 Delaware Circle,Apple Pay,delivered
1425,75,71,49,320.11,7349.81,2021-11-24,4004 Thompson Circle,PayPal,shipped
1426,868,29,30,984.18,9752.76,2021-03-20,67612 Dexter Avenue,Apple Pay,delivered
1427,547,375,6,297.1,6451.8,2020-08-14,8859 Prairieview Pass,Apple Pay,delivered
1428,347,821,43,667.91,6741.95,2021-02-07,1628 Fairfield Alley,credit card,delivered
1429,696,620,89,662.9,6506.28,2022-11-27,489 Sugar Crossing,Apple Pay,pending
1430,375,409,32,837.53,7375.72,2022-01-11,22399 7th Pass,PayPal,delivered
1431,135,826,64,265.95,8846.89,2022-04-07,00 Gina Alley,Apple Pay,pending
1432,430,761,64,701.5,6336.86,2022-09-24,45 Westend Drive,Apple Pay,delivered
1433,975,885,46,134.17,7981.5,2021-09-04,6052 Dixon Plaza,Apple Pay,processing
1434,689,205,78,376.97,3735.21,2021-09-25,67 Judy Crossing,Apple Pay,processing
1435,585,16,8,837.78,5117.62,2020-07-18,6 Emmet Lane,Apple Pay,shipped
1436,494,185,88,625.14,3656.53,2020-10-29,2 Lukken Crossing,credit card,delivered
1437,110,426,87,220.94,8333.09,2020-05-30,8 Hansons Parkway,credit card,pending
1438,504,908,46,994.51,8702.39,2021-04-20,8 Longview Pass,PayPal,processing
1439,913,338,27,939.35,5078.07,2022-09-24,2464 Oak Valley Court,Apple Pay,delivered
1440,825,251,48,373.11,2935.63,2021-11-26,841 Lyons Lane,Apple Pay,pending
1441,70,716,66,248.85,7252.72,2022-03-20,404 Crescent Oaks Park,PayPal,processing
1442,715,504,24,285.78,8221.07,2021-03-15,389 Ramsey Terrace,Apple Pay,shipped
1443,688,463,69,393.99,7262.39,2020-04-03,0549 Delaware Drive,credit card,pending
1444,559,963,76,731.33,5704.68,2021-11-07,28 Porter Crossing,Apple Pay,processing
1445,905,869,61,48.56,4861.93,2020-05-14,0 Union Center,PayPal,pending
1446,601,379,79,846.78,6665.94,2020-09-21,08 Debra Drive,PayPal,pending
1447,398,363,63,345.44,1684.5,2021-05-23,624 Porter Plaza,credit card,pending
1448,78,646,20,931.62,8493.1,2021-04-27,568 Macpherson Drive,PayPal,shipped
1449,316,958,7,548.11,9649.98,2021-04-20,9920 Reinke Center,PayPal,shipped
1450,515,61,34,14.31,5390.87,2022-04-01,416 Spenser Circle,PayPal,delivered
1451,271,4,49,916.3,4590.24,2020-08-29,545 Gateway Point,Apple Pay,delivered
1452,843,530,22,987.06,9217.97,2021-04-20,297 Hanson Road,PayPal,pending
1453,732,169,62,484.81,4690.23,2020-03-27,48 Ilene Crossing,credit card,pending
1454,396,859,91,34.28,9267.54,2020-11-01,0119 Harbort Hill,PayPal,shipped
1455,665,476,54,18.27,6566.3,2021-06-01,50 Anniversary Way,PayPal,delivered
1456,474,462,29,27.77,6232.57,2020-02-12,3 New Castle Park,PayPal,processing
1457,265,554,50,124.07,2032.97,2020-01-05,0 Arkansas Center,Apple Pay,delivered
1458,661,848,10,768.78,2347.48,2021-09-03,294 Eagan Hill,PayPal,processing
1459,149,186,40,726.63,5154.68,2022-09-02,3327 Hintze Pass,credit card,delivered
1460,805,589,45,922.59,1034.39,2021-05-31,9281 Walton Pass,PayPal,delivered
1461,329,996,48,348.39,8949.12,2021-05-21,6109 International Place,Apple Pay,processing
1462,850,73,95,87.89,3438.12,2021-06-21,882 Northridge Drive,credit card,pending
1463,127,751,10,142.42,2299.42,2020-08-25,60247 Schiller Street,credit card,delivered
1464,71,588,52,977.96,3264.19,2021-02-02,6534 Kings Street,credit card,shipped
1465,194,577,76,57.33,4161.37,2022-04-12,22678 Claremont Court,PayPal,delivered
1466,274,576,73,265.09,2711.79,2022-10-15,043 Rusk Terrace,Apple Pay,delivered
1467,786,241,57,882.48,8961.24,2022-04-18,007 Maywood Avenue,credit card,processing
1468,647,376,53,405.47,401.08,2022-01-22,8498 Sachtjen Alley,PayPal,delivered
1469,607,465,41,224.86,2917.06,2020-12-31,35335 Eliot Way,credit card,processing
1470,26,988,19,130.05,3637.49,2021-11-15,4 American Ash Point,credit card,processing
1471,886,971,69,272.65,8272.9,2020-04-29,165 8th Parkway,PayPal,pending
1472,622,32,2,75.99,5745.05,2022-06-28,17183 5th Plaza,PayPal,delivered
1473,155,712,53,484.54,6191.04,2021-05-11,01764 Hoard Junction,Apple Pay,shipped
1474,808,427,73,370.66,3195.74,2020-05-26,89 Swallow Court,Apple Pay,delivered
1475,179,473,24,224.07,8322.15,2020-06-19,981 Eggendart Terrace,Apple Pay,delivered
1476,362,384,27,589.34,3428.83,2021-12-22,718 Lukken Center,PayPal,shipped
1477,206,161,1,780.05,2494.24,2022-12-18,34 Scoville Road,Apple Pay,pending
1478,318,701,98,816.2,3235.28,2021-02-17,9 Cordelia Street,PayPal,pending
1479,502,858,37,621.5,3464.18,2021-03-09,3 Mockingbird Circle,Apple Pay,shipped
1480,666,545,20,558.37,2379.58,2022-02-16,331 Kinsman Crossing,credit card,shipped
1481,738,388,32,862.91,9303.02,2022-09-28,62 Katie Place,PayPal,processing
1482,292,778,32,1.44,101.18,2021-04-14,81 Arizona Terrace,PayPal,delivered
1483,355,477,60,778.3,2210.66,2021-09-07,0 Farwell Lane,credit card,pending
1484,59,349,99,922.24,9789.95,2022-10-04,58339 Del Mar Junction,PayPal,pending
1485,678,855,51,249.19,6813.7,2022-12-30,6 Stoughton Plaza,PayPal,delivered
1486,908,260,91,920.16,7937.7,2021-09-08,28 Eagan Circle,credit card,shipped
1487,187,949,66,519.42,6910.12,2021-07-03,30 Eastlawn Lane,PayPal,pending
1488,128,22,66,604.94,6541.15,2020-09-10,65015 Di Loreto Road,PayPal,pending
1489,589,93,52,775.5,1668.08,2020-07-13,7 Rusk Street,credit card,pending
1490,261,814,74,902.33,4167.74,2021-01-12,12529 Summit Point,Apple Pay,delivered
1491,930,303,72,432.23,3922.11,2022-10-21,29 Anzinger Avenue,credit card,pending
1492,102,309,39,181.64,9483.77,2020-05-07,6 Jana Center,credit card,shipped
1493,896,879,88,770.86,9351.62,2021-07-25,047 Pierstorff Drive,credit card,pending
1494,210,538,67,84.51,7982.78,2021-07-27,3 Lawn Avenue,PayPal,processing
1495,727,932,33,126.49,8491.78,2021-08-29,0 Londonderry Circle,Apple Pay,pending
1496,610,447,99,992.73,7958.12,2022-05-17,4526 Lawn Park,credit card,pending
1497,134,759,43,25.66,693.97,2020-12-03,72085 Springs Way,Apple Pay,delivered
1498,276,81,14,728.11,9195.29,2020-11-09,870 Butternut Plaza,Apple Pay,delivered
1499,56,933,63,893.01,7201.03,2021-03-05,72986 Mesta Place,PayPal,delivered
1500,42,175,72,564.2,5758.67,2021-04-11,774 Blackbird Drive,PayPal,pending
1501,385,614,68,215.47,3416.97,2022-02-12,98 Memorial Crossing,credit card,delivered
1502,609,459,3,595.48,905.98,2020-08-10,9237 Pennsylvania Circle,Apple Pay,delivered
1503,804,845,69,216.15,2613.22,2022-10-26,1007 Merchant Road,credit card,shipped
1504,126,19,23,271.97,49.04,2020-01-08,74 Anhalt Circle,credit card,pending
1505,510,78,16,896.24,4036.02,2020-06-01,99600 Evergreen Center,Apple Pay,pending
1506,812,906,25,334.17,8536.83,2021-02-04,8 Oriole Street,PayPal,delivered
1507,649,719,100,138.58,6804.58,2021-11-25,58 Russell Drive,PayPal,delivered
1508,592,107,50,353.77,8216.0,2020-01-14,2279 John Wall Way,PayPal,delivered
1509,250,714,29,212.94,6875.14,2022-02-02,434 Ruskin Park,Apple Pay,processing
1510,617,298,94,911.84,9597.12,2021-07-08,4 Rowland Circle,credit card,shipped
1511,562,438,68,874.87,1407.52,2022-01-13,84 Stuart Plaza,PayPal,pending
1512,477,491,74,776.22,9380.59,2022-06-20,1 Graedel Trail,credit card,shipped
1513,303,878,55,938.87,2785.71,2020-07-20,5 Weeping Birch Court,Apple Pay,pending
1514,660,710,58,421.95,2555.23,2020-11-13,1 Twin Pines Point,PayPal,pending
1515,403,870,9,890.09,1302.7,2022-08-31,573 Cambridge Lane,PayPal,shipped
1516,34,172,22,146.06,9569.07,2022-03-04,8686 Northwestern Court,Apple Pay,shipped
1517,509,700,67,779.21,1913.74,2022-12-22,049 Butterfield Pass,PayPal,delivered
1518,982,411,68,185.21,2052.91,2021-08-11,9146 Vera Alley,Apple Pay,pending
1519,833,299,94,45.86,1481.92,2020-07-03,66042 Del Sol Road,Apple Pay,delivered
1520,16,578,22,313.28,8915.26,2021-04-26,2501 Fairfield Way,credit card,processing
1521,979,537,93,292.4,9359.56,2021-12-30,044 Oneill Park,credit card,processing
1522,572,800,20,208.03,1879.36,2022-04-30,5 Truax Plaza,Apple Pay,shipped
1523,570,585,29,693.74,2609.53,2021-04-11,702 Northview Hill,credit card,shipped
1524,472,472,17,343.07,2.69,2022-06-19,90892 Beilfuss Way,credit card,delivered
1525,915,729,87,53.48,6004.94,2021-11-25,92 Lyons Street,credit card,delivered
1526,230,138,38,305.79,9812.02,2021-11-16,71 Graceland Hill,credit card,shipped
1527,17,77,29,959.87,9977.52,2021-08-11,0 Prairieview Terrace,credit card,shipped
1528,779,443,2,531.07,4756.91,2021-06-23,66 Arkansas Crossing,Apple Pay,pending
1529,98,208,54,566.9,7767.27,2021-01-17,5 Bayside Road,credit card,delivered
1530,369,126,90,492.1,6166.02,2020-11-29,3 Lawn Pass,credit card,delivered
1531,885,179,56,995.05,3253.06,2020-02-15,5698 Corben Junction,credit card,pending
1532,677,329,96,395.26,6220.21,2021-10-23,2 Fieldstone Alley,PayPal,delivered
1533,488,993,15,747.56,2753.73,2020-08-31,74 Basil Junction,credit card,shipped
1534,205,164,38,398.82,9712.08,2022-03-19,7759 Cambridge Way,credit card,pending
1535,96,41,82,262.92,1186.19,2020-11-27,0 Manley Court,Apple Pay,pending
1536,884,79,61,815.65,4526.86,2021-01-03,14 Oxford Pass,Apple Pay,pending
1537,588,430,13,467.72,2432.04,2020-05-04,3 Bartillon Alley,PayPal,pending
1538,283,246,78,93.13,9942.75,2020-02-13,7983 Duke Park,Apple Pay,delivered
1539,311,680,44,990.03,7851.94,2020-02-19,6485 Lerdahl Plaza,credit card,delivered
1540,478,598,70,42.22,8988.79,2022-03-05,98860 Fairfield Hill,credit card,processing
1541,55,364,76,201.15,3650.24,2020-05-16,213 Charing Cross Trail,credit card,pending
1542,273,997,6,184.01,833.99,2021-03-28,992 Starling Parkway,credit card,shipped
1543,310,451,40,87.21,3619.45,2021-01-10,1 Bay Park,credit card,pending
1544,718,919,64,683.44,2538.42,2020-03-04,92656 Bunting Parkway,PayPal,processing
1545,770,144,29,860.55,6081.15,2020-03-24,73137 Waxwing Hill,credit card,pending
1546,836,85,13,628.79,5410.51,2022-11-23,6899 Carey Avenue,Apple Pay,shipped
1547,114,641,60,515.27,4489.27,2022-07-15,248 Jay Pass,PayPal,delivered
1548,748,695,51,452.7,6494.94,2020-05-12,3 Mcbride Center,Apple Pay,pending
1549,29,59,25,223.75,5055.24,2020-03-05,641 Eastlawn Pass,PayPal,processing
1550,881,713,7,61.45,4433.97,2020-08-07,59726 Marcy Place,credit card,shipped
1551,549,240,30,9.39,9380.3,2022-06-19,38 Warrior Way,credit card,processing
1552,41,147,57,768.27,4151.43,2020-06-20,6 Orin Parkway,PayPal,shipped
1553,593,217,17,900.91,133.11,2020-03-23,4066 Boyd Center,Apple Pay,processing
1554,282,406,11,69.11,6660.5,2022-03-25,3 Mayer Trail,credit card,processing
1555,275,184,32,215.25,3620.82,2022-02-11,294 Prentice Park,credit card,shipped
1556,596,677,57,649.71,3724.91,2021-03-05,41 Hanover Alley,credit card,delivered
1557,605,593,65,430.17,7621.41,2021-06-21,8 Hallows Hill,Apple Pay,delivered
1558,405,137,76,473.96,4618.73,2022-10-06,4 Commercial Circle,PayPal,processing
1559,792,711,91,950.98,1637.53,2022-12-24,8425 Michigan Plaza,credit card,shipped
1560,129,820,86,556.52,4579.6,2021-08-06,1 Mcguire Drive,PayPal,processing
1561,167,702,35,959.06,9995.27,2020-12-22,93269 Bowman Place,PayPal,processing
1562,996,672,94,548.33,8869.71,2022-11-03,50 Green Alley,Apple Pay,pending
1563,479,48,15,188.49,7394.78,2022-04-01,406 Golf Street,credit card,shipped
1564,57,506,92,868.84,3760.18,2020-05-18,96022 Logan Circle,PayPal,shipped
1565,325,229,21,924.72,8215.14,2021-11-21,2742 Barnett Plaza,Apple Pay,shipped
1566,809,893,21,672.04,954.55,2020-11-18,3546 Ridgeway Alley,PayPal,pending
1567,359,152,18,951.82,787.17,2022-11-04,95 Arizona Point,Apple Pay,processing
1568,247,187,27,746.02,2440.99,2020-12-15,85041 Northfield Hill,PayPal,delivered
1569,956,434,74,656.29,5338.18,2022-06-03,286 Hooker Center,Apple Pay,pending
1570,981,274,65,156.07,3488.81,2022-08-22,8 Bluestem Parkway,PayPal,processing
1571,182,604,99,256.73,2337.14,2022-03-23,3679 High Crossing Terrace,PayPal,processing
1572,707,565,19,152.89,1155.23,2022-08-19,3977 Oneill Lane,PayPal,shipped
1573,440,732,9,965.56,6440.62,2020-12-30,4069 Bultman Point,PayPal,shipped
1574,433,508,7,800.01,6859.51,2021-09-18,98 Ryan Street,Apple Pay,pending
1575,766,498,99,279.92,2150.24,2021-03-06,21743 Ridgeview Terrace,PayPal,delivered
1576,743,254,76,600.57,5177.36,2021-08-07,757 Village Green Terrace,PayPal,delivered
1577,977,868,92,871.69,3159.99,2022-07-02,4 Butterfield Way,credit card,processing
1578,112,628,63,872.93,5207.11,2020-05-23,41 Petterle Plaza,credit card,processing
1579,421,35,12,658.17,9418.66,2021-04-16,865 Truax Point,PayPal,processing
1580,902,809,31,613.27,5659.89,2021-10-20,8 Glacier Hill Parkway,Apple Pay,pending
1581,48,133,63,239.54,2600.3,2021-02-12,66621 Transport Lane,credit card,processing
1582,186,306,76,895.15,6620.16,2022-01-05,084 Crescent Oaks Crossing,Apple Pay,shipped
1583,564,221,52,986.77,3260.99,2020-09-10,624 West Road,Apple Pay,pending
1584,710,440,41,775.04,3021.67,2021-10-07,31 Melvin Parkway,credit card,shipped
1585,734,822,89,678.11,5964.39,2020-04-12,5 Roxbury Place,PayPal,shipped
1586,137,582,42,160.98,4742.44,2021-01-01,544 Namekagon Park,PayPal,pending
1587,396,475,79,832.83,7233.04,2020-04-06,96216 Arrowood Alley,Apple Pay,delivered
1588,238,763,59,466.92,7692.42,2022-12-30,26510 Ridgeview Plaza,credit card,shipped
1589,572,205,8,927.14,4079.04,2022-03-08,83166 Kensington Plaza,Apple Pay,shipped
1590,987,934,54,249.06,8604.44,2020-07-25,30646 Buhler Avenue,credit card,delivered
1591,7,745,27,674.29,6217.3,2022-02-23,9418 Del Sol Place,Apple Pay,pending
1592,270,323,28,35.77,5539.25,2022-08-05,74302 Donald Drive,credit card,delivered
1593,565,371,6,277.67,9429.42,2021-06-03,53681 Kensington Street,PayPal,shipped
1594,522,216,93,648.74,9273.92,2022-02-05,83692 Harper Park,credit card,delivered
1595,948,801,65,944.92,43.21,2022-12-20,772 Veith Terrace,PayPal,shipped
1596,277,275,71,15.01,8988.9,2020-06-16,22038 Esch Junction,credit card,processing
1597,834,423,68,759.92,1528.14,2022-01-09,46 6th Road,credit card,pending
1598,928,134,68,637.33,8233.04,2020-12-12,51447 Grover Circle,PayPal,delivered
1599,868,420,78,796.09,8930.66,2022-08-21,5161 Karstens Drive,PayPal,processing
1600,509,779,58,855.99,303.11,2022-12-23,49 Magdeline Drive,Apple Pay,delivered
1601,645,165,47,742.92,6394.6,2022-05-13,2258 Grasskamp Crossing,credit card,shipped
1602,635,977,64,757.3,5795.31,2022-01-19,56539 Hoard Crossing,Apple Pay,pending
1603,295,496,92,981.38,6701.88,2021-01-05,110 Cambridge Pass,PayPal,processing
1604,193,517,69,80.48,2313.68,2022-08-25,4 Stoughton Center,Apple Pay,delivered
1605,269,50,46,742.82,1629.14,2022-07-05,9998 Forest Dale Park,credit card,shipped
1606,584,235,47,117.06,9084.71,2022-11-05,75293 Randy Pass,credit card,processing
1607,219,557,65,866.71,7192.47,2020-03-11,8516 Moulton Parkway,credit card,pending
1608,688,384,36,35.41,3015.63,2022-06-09,612 Center Terrace,Apple Pay,delivered
1609,587,966,100,604.41,5086.49,2021-02-01,4491 Hansons Road,Apple Pay,shipped
1610,475,75,30,626.4,2545.86,2022-09-07,84 Bartelt Terrace,Apple Pay,pending
1611,689,760,62,325.32,7254.27,2022-12-20,9 Straubel Plaza,credit card,pending
1612,313,901,67,650.46,1884.07,2021-05-12,6644 Oriole Lane,Apple Pay,shipped
1613,192,497,47,296.58,1368.38,2020-12-07,60 Sundown Pass,credit card,shipped
1614,949,383,88,380.86,4802.86,2022-08-14,27642 Dakota Point,PayPal,pending
1615,420,806,36,289.6,5359.88,2021-12-27,71 Raven Avenue,credit card,shipped
1616,82,611,59,543.77,6795.87,2020-10-25,42 Dennis Trail,PayPal,pending
1617,265,650,34,742.28,7359.43,2020-08-01,9638 Montana Plaza,PayPal,shipped
1618,465,528,58,65.66,4806.58,2021-03-26,5129 Rieder Parkway,Apple Pay,delivered
1619,520,239,9,445.4,1736.91,2021-10-01,25 Little Fleur Lane,Apple Pay,processing
1620,721,418,44,347.95,2105.73,2022-05-23,451 Reinke Crossing,Apple Pay,shipped
1621,18,508,6,770.79,1665.61,2021-03-12,56 Glacier Hill Junction,Apple Pay,processing
1622,168,698,88,509.08,2202.83,2020-08-06,3939 Pine View Terrace,Apple Pay,delivered
1623,488,466,47,214.69,5374.97,2022-01-30,77 Artisan Plaza,credit card,pending
1624,845,905,35,697.84,1443.17,2020-10-10,173 Judy Way,credit card,delivered
1625,643,255,28,540.99,5163.0,2022-05-03,6031 Dapin Hill,credit card,processing
1626,163,691,78,796.34,3852.59,2022-04-16,8734 Darwin Circle,PayPal,pending
1627,684,166,65,269.13,7901.43,2020-04-26,473 Artisan Crossing,PayPal,shipped
1628,613,151,51,249.14,9444.66,2022-03-22,74 Green Ridge Junction,Apple Pay,pending
1629,13,479,80,710.46,3440.87,2022-03-14,0682 Hollow Ridge Circle,PayPal,processing
1630,74,187,61,150.51,6589.84,2020-08-26,962 Colorado Alley,PayPal,processing
1631,652,945,79,239.93,6437.06,2021-01-05,26 Westport Terrace,credit card,processing
1632,518,941,95,642.14,557.17,2022-05-14,1 Reinke Street,credit card,pending
1633,288,413,83,375.67,9043.8,2021-07-20,69658 Eagan Court,credit card,processing
1634,84,272,96,42.08,4077.2,2021-11-07,89 Ohio Street,credit card,shipped
1635,225,950,73,359.1,7340.74,2022-05-04,06 Cottonwood Road,Apple Pay,pending
1636,660,974,97,775.46,5154.54,2021-02-15,813 Lake View Circle,Apple Pay,pending
1637,65,273,60,461.15,3673.08,2020-04-19,7 Crownhardt Junction,PayPal,pending
1638,590,197,26,320.07,8008.77,2020-03-02,95833 Kedzie Street,PayPal,processing
1639,476,219,72,416.01,6243.38,2022-07-06,18 Autumn Leaf Court,PayPal,delivered
1640,253,221,64,823.45,760.0,2022-07-16,9 John Wall Lane,PayPal,pending
1641,251,168,30,55.5,3269.64,2022-08-13,5 Ruskin Alley,Apple Pay,shipped
1642,651,364,39,68.78,4931.3,2022-02-07,3 Fair Oaks Road,Apple Pay,shipped
1643,182,62,18,955.47,4833.89,2020-01-01,65 Derek Street,credit card,processing
1644,574,123,29,541.56,817.9,2022-07-21,5225 Maywood Circle,Apple Pay,delivered
1645,661,537,87,839.73,9420.88,2021-10-11,2 Miller Court,Apple Pay,shipped
1646,741,429,67,376.31,8370.42,2022-09-23,3663 Vidon Way,credit card,pending
1647,250,42,96,227.27,6414.33,2021-05-13,8 Fairview Parkway,PayPal,processing
1648,228,248,65,7.38,2318.79,2020-09-21,924 Westerfield Point,Apple Pay,shipped
1649,334,330,58,262.6,155.5,2020-12-30,1888 Forest Run Trail,PayPal,processing
1650,51,645,10,48.42,3819.42,2021-09-12,695 Paget Way,credit card,processing
1651,935,546,13,638.94,2209.08,2022-09-19,2338 Fieldstone Alley,credit card,delivered
1652,875,716,65,734.74,1289.33,2022-05-01,59 Bellgrove Avenue,Apple Pay,processing
1653,202,798,61,57.68,9921.1,2021-12-08,57 Valley Edge Junction,credit card,processing
1654,798,721,52,820.93,8205.71,2021-12-08,41 Monica Plaza,credit card,processing
1655,955,109,39,868.86,3168.54,2022-12-19,31 Bayside Place,Apple Pay,pending
1656,146,868,69,462.14,6861.46,2022-07-27,574 Mccormick Alley,credit card,pending
1657,194,523,9,808.82,9230.05,2022-07-31,487 Arkansas Street,PayPal,shipped
1658,201,833,5,828.81,5249.91,2020-01-08,91 Northland Plaza,credit card,shipped
1659,126,525,33,842.33,7504.1,2020-04-25,38854 Corry Court,PayPal,delivered
1660,594,360,60,805.84,5281.61,2022-04-20,0 American Ash Circle,Apple Pay,shipped
1661,457,5,90,827.98,2334.8,2021-01-14,7057 Troy Lane,PayPal,processing
1662,394,131,23,812.99,8367.53,2020-07-05,7214 Dorton Hill,Apple Pay,delivered
1663,39,292,41,745.37,5290.16,2022-10-06,23 Rieder Hill,credit card,pending
1664,31,568,98,829.93,9754.21,2021-12-10,3891 Porter Terrace,PayPal,shipped
1665,211,487,28,86.69,8702.24,2020-02-15,301 Pond Avenue,Apple Pay,shipped
1666,728,992,25,972.42,8790.4,2022-07-21,346 Kennedy Point,Apple Pay,delivered
1667,705,137,11,91.57,5637.78,2022-01-04,5149 Lillian Circle,PayPal,pending
1668,267,361,46,576.52,7712.84,2022-04-23,691 Oak Valley Park,PayPal,delivered
1669,440,331,87,609.74,8028.81,2020-09-30,1679 Lakeland Circle,PayPal,pending
1670,612,893,62,763.55,4118.54,2022-08-04,32 Cherokee Way,Apple Pay,pending
1671,389,353,7,104.13,943.96,2021-12-30,6 Cascade Center,Apple Pay,shipped
1672,285,922,65,679.41,7292.44,2020-06-26,955 Loomis Place,Apple Pay,delivered
1673,499,325,48,719.29,7711.83,2022-09-23,543 Cordelia Lane,Apple Pay,delivered
1674,669,107,100,980.76,6700.47,2021-06-26,658 Gateway Court,PayPal,pending
1675,178,600,39,5.41,1799.17,2020-01-27,6782 Norway Maple Lane,credit card,processing
1676,846,500,30,720.3,5913.37,2022-10-14,3 Namekagon Road,PayPal,pending
1677,984,15,32,221.34,8327.12,2020-01-07,08 Bluejay Road,credit card,delivered
1678,614,830,93,814.33,5656.6,2021-10-07,6343 Esker Parkway,PayPal,pending
1679,3,957,4,299.67,313.05,2022-08-28,648 Utah Street,credit card,processing
1680,208,856,72,784.33,5070.98,2022-07-21,29636 Dryden Crossing,credit card,delivered
1681,405,594,14,11.2,6620.37,2022-04-20,33881 Fisk Avenue,credit card,delivered
1682,363,294,61,33.26,4239.66,2021-02-21,1496 Ridgeview Terrace,PayPal,shipped
1683,316,701,42,403.76,7392.43,2021-06-03,08720 Bobwhite Place,PayPal,processing
1684,939,866,8,399.89,5793.45,2021-10-21,8731 Nobel Alley,Apple Pay,processing
1685,183,286,58,841.99,4923.66,2020-12-20,0 Tennessee Junction,Apple Pay,shipped
1686,697,960,10,137.05,513.04,2020-02-03,9196 Oneill Circle,credit card,processing
1687,786,77,86,751.83,6076.54,2021-06-08,98219 Barnett Park,Apple Pay,delivered
1688,703,377,32,406.07,2429.17,2021-08-17,21 Crescent Oaks Pass,Apple Pay,pending
1689,831,802,63,310.06,9971.2,2020-12-06,9 Rigney Avenue,credit card,delivered
1690,869,494,51,320.14,5663.75,2022-02-24,7329 Jana Court,credit card,pending
1691,355,552,38,361.57,1009.41,2022-02-04,368 Esch Point,Apple Pay,shipped
1692,297,234,59,823.04,4948.06,2021-11-10,87 5th Center,credit card,delivered
1693,264,336,80,773.06,1977.85,2022-12-04,83 Bunting Drive,credit card,delivered
1694,836,843,28,749.21,2499.4,2020-09-10,1 Clemons Crossing,credit card,delivered
1695,243,803,87,932.07,3979.97,2022-04-19,45 Maywood Hill,credit card,pending
1696,782,428,93,324.31,1561.48,2022-12-05,3238 Hazelcrest Road,PayPal,processing
1697,895,194,25,860.93,8861.12,2022-03-18,33 Pearson Way,Apple Pay,processing
1698,725,396,5,922.57,7890.55,2020-04-25,78 Bluejay Alley,Apple Pay,shipped
1699,34,762,18,546.03,7870.4,2020-02-05,28111 Nova Terrace,PayPal,pending
1700,49,932,71,596.62,2660.68,2022-06-06,6 Granby Point,PayPal,processing
1701,77,505,65,491.32,7926.72,2022-01-04,7918 High Crossing Hill,PayPal,shipped
1702,547,387,13,876.57,4842.93,2021-09-28,21103 Sullivan Court,PayPal,pending
1703,416,73,49,919.54,3871.48,2021-09-20,098 Park Meadow Lane,credit card,delivered
1704,914,281,5,415.39,4043.65,2022-02-13,6587 Elmside Point,PayPal,pending
1705,11,544,41,113.29,5399.05,2021-05-17,02247 Maple Hill,PayPal,processing
1706,910,512,92,177.18,6087.03,2020-12-19,29485 Glendale Place,Apple Pay,pending
1707,998,873,10,698.1,9645.82,2022-07-29,845 Anhalt Hill,credit card,delivered
1708,538,204,90,818.27,9493.81,2021-02-10,3879 Sutteridge Pass,PayPal,shipped
1709,877,480,68,779.65,1272.18,2022-05-01,00 Algoma Circle,Apple Pay,shipped
1710,136,577,72,394.17,2556.44,2020-10-08,3 Old Gate Point,Apple Pay,processing
1711,663,152,57,308.48,6674.26,2020-05-20,3 Killdeer Point,Apple Pay,pending
1712,512,33,85,405.16,5741.03,2021-06-27,47411 Eliot Way,PayPal,shipped
1713,321,267,30,194.98,9195.41,2022-03-25,955 Elgar Terrace,credit card,processing
1714,132,389,9,34.23,9434.45,2021-03-27,42064 Novick Alley,credit card,delivered
1715,166,340,13,965.72,2754.34,2021-10-10,941 Little Fleur Trail,credit card,pending
1716,258,100,52,668.15,1166.89,2021-11-08,160 Elmside Place,Apple Pay,shipped
1717,681,461,79,55.07,4545.36,2020-11-14,7 Hermina Street,Apple Pay,delivered
1718,555,622,100,370.93,253.31,2021-05-15,558 Vermont Court,Apple Pay,pending
1719,393,491,83,655.38,1638.02,2022-07-25,1 Judy Pass,PayPal,shipped
1720,754,585,59,774.59,6393.08,2021-12-25,51446 Nancy Parkway,credit card,shipped
1721,510,232,79,83.55,2503.35,2022-12-12,0354 Dunning Plaza,credit card,pending
1722,38,853,39,5.01,4730.01,2022-11-12,67 Swallow Road,credit card,delivered
1723,790,871,46,124.19,7886.37,2021-01-01,146 Wayridge Plaza,credit card,pending
1724,625,948,68,511.78,1214.58,2022-11-04,42157 Fuller Park,PayPal,pending
1725,404,419,75,144.13,347.92,2021-07-23,6747 Dovetail Place,Apple Pay,processing
1726,879,855,13,46.4,592.73,2021-07-12,3 Nobel Alley,PayPal,pending
1727,671,116,44,680.44,3472.9,2021-09-25,71 Sommers Pass,PayPal,pending
1728,667,880,40,609.65,4172.58,2022-11-29,89540 Brentwood Crossing,credit card,processing
1729,795,683,10,92.58,8254.18,2021-12-22,47814 Crowley Crossing,Apple Pay,pending
1730,309,598,6,456.79,9146.7,2021-02-24,0878 Texas Drive,credit card,shipped
1731,737,939,19,711.97,1211.59,2022-09-20,6 Acker Terrace,credit card,pending
1732,20,625,64,570.85,9888.39,2022-09-03,98 Memorial Lane,PayPal,shipped
1733,6,655,28,434.44,6305.85,2022-03-05,889 Hanson Court,credit card,pending
1734,755,610,12,856.46,2159.53,2021-02-20,332 Anniversary Parkway,PayPal,pending
1735,971,164,18,61.78,1281.68,2022-08-22,988 Scofield Plaza,PayPal,pending
1736,418,777,3,314.87,4742.49,2021-07-27,803 Portage Circle,PayPal,pending
1737,408,278,7,753.38,712.32,2021-08-04,7437 Sachs Court,PayPal,processing
1738,886,349,50,778.88,1539.55,2022-09-22,9 Moulton Alley,credit card,pending
1739,885,707,47,55.93,9241.57,2020-06-29,62 Parkside Drive,Apple Pay,delivered
1740,678,30,1,258.26,8394.91,2021-09-13,05375 Sunbrook Crossing,Apple Pay,processing
1741,952,991,11,803.28,3195.56,2020-08-30,1660 Express Avenue,PayPal,processing
1742,641,644,46,344.95,8917.65,2020-05-10,2676 Fuller Center,Apple Pay,pending
1743,611,45,7,390.41,7657.12,2022-05-26,7 Lotheville Place,credit card,pending
1744,634,535,61,59.3,6832.58,2020-12-08,0 South Drive,Apple Pay,delivered
1745,993,143,74,747.96,4875.1,2022-12-08,367 Nevada Court,Apple Pay,shipped
1746,333,850,53,628.33,141.0,2022-10-11,21 Welch Way,credit card,delivered
1747,205,927,63,103.13,6579.85,2020-11-17,0416 Roxbury Avenue,PayPal,pending
1748,232,417,67,155.68,6220.06,2020-09-08,6 Oak Valley Center,PayPal,pending
1749,623,111,89,1.58,2335.14,2020-10-21,81201 Rieder Court,credit card,shipped
1750,229,728,62,345.44,1147.36,2020-11-18,5792 Lake View Terrace,credit card,pending
1751,821,614,52,936.55,5043.36,2021-09-27,5 Buhler Place,credit card,shipped
1752,142,581,88,416.18,1914.58,2020-04-27,6070 Vernon Crossing,PayPal,delivered
1753,696,94,78,377.7,401.04,2022-12-22,16 Eastwood Trail,Apple Pay,processing
1754,61,606,18,888.06,9371.63,2022-02-01,211 Division Terrace,credit card,processing
1755,242,825,4,22.7,5988.02,2020-07-26,85771 Florence Street,PayPal,processing
1756,702,436,58,371.78,4654.89,2022-10-20,63 Reindahl Park,PayPal,shipped
1757,498,125,37,760.63,7049.71,2020-03-08,701 Forest Circle,PayPal,processing
1758,301,840,62,908.16,7802.53,2021-03-16,2 Thackeray Street,PayPal,shipped
1759,198,826,25,201.36,2676.65,2021-07-27,15199 Mariners Cove Hill,PayPal,processing
1760,779,228,5,413.21,5338.23,2020-05-22,28 Graedel Court,PayPal,processing
1761,339,978,13,22.35,572.84,2020-01-27,7789 Michigan Parkway,PayPal,processing
1762,329,438,50,551.7,964.31,2022-02-08,971 Knutson Crossing,Apple Pay,pending
1763,103,852,31,515.56,8950.77,2021-09-23,60 Esch Junction,credit card,pending
1764,496,780,1,943.94,5190.35,2020-09-19,77461 Vernon Avenue,credit card,pending
1765,995,758,33,150.35,4369.14,2021-11-01,9196 Maywood Plaza,Apple Pay,delivered
1766,503,815,27,828.28,6906.32,2020-03-20,043 Novick Place,credit card,pending
1767,560,212,77,883.76,2096.32,2022-08-04,3519 Amoth Drive,PayPal,pending
1768,648,869,87,61.91,7899.33,2020-06-18,42 Mayer Street,PayPal,delivered
1769,438,635,5,880.73,2383.89,2020-09-14,4848 Prairie Rose Point,PayPal,pending
1770,807,714,34,555.89,3852.55,2022-02-26,88 Comanche Trail,Apple Pay,processing
1771,328,781,1,130.29,790.91,2020-06-28,02 Hollow Ridge Crossing,PayPal,pending
1772,140,634,89,262.16,7721.37,2021-10-29,0 Stoughton Place,Apple Pay,shipped
1773,924,705,9,312.78,2983.69,2021-02-28,27430 Sauthoff Road,credit card,shipped
1774,602,426,19,821.2,8252.4,2021-02-25,44 Dahle Pass,Apple Pay,processing
1775,777,642,63,685.33,9247.04,2020-08-15,64071 Pankratz Junction,credit card,pending
1776,848,652,64,267.41,9819.43,2022-06-02,3 Dayton Junction,credit card,shipped
1777,778,883,12,86.27,5096.08,2020-11-01,77109 Buhler Lane,PayPal,processing
1778,973,551,34,708.94,3407.65,2022-02-01,0 7th Park,PayPal,processing
1779,723,157,33,906.49,7662.85,2022-10-18,5984 Mayfield Center,credit card,delivered
1780,940,118,59,997.33,1330.52,2021-09-05,760 Grasskamp Court,Apple Pay,processing
1781,353,980,32,643.35,6288.77,2022-04-04,3 Stang Way,Apple Pay,shipped
1782,764,768,27,414.28,2989.3,2020-07-29,64441 Sloan Point,Apple Pay,pending
1783,864,338,93,635.18,9190.61,2020-01-06,363 Fulton Plaza,credit card,shipped
1784,818,910,47,82.54,4702.59,2022-11-21,7204 Almo Trail,Apple Pay,shipped
1785,692,669,48,212.38,5774.81,2021-12-14,8420 Namekagon Way,Apple Pay,shipped
1786,774,10,63,271.41,1494.27,2020-08-19,1992 Bluejay Way,Apple Pay,pending
1787,419,778,30,970.46,7021.39,2022-12-18,48756 Homewood Hill,PayPal,shipped
1788,326,501,22,232.72,1849.72,2021-09-06,9968 Garrison Court,credit card,processing
1789,911,541,71,598.75,7028.37,2020-10-08,9165 New Castle Street,credit card,shipped
1790,601,981,35,0.27,3183.57,2022-07-25,36708 Cambridge Crossing,Apple Pay,shipped
1791,727,245,33,487.37,5574.24,2022-05-01,6 Goodland Circle,credit card,pending
1792,237,309,67,735.94,2924.14,2021-08-08,9225 Straubel Trail,PayPal,processing
1793,852,477,1,61.96,1826.46,2021-01-14,9986 Boyd Court,PayPal,pending
1794,592,589,92,696.21,4908.88,2020-08-17,0 Dennis Road,PayPal,delivered
1795,171,357,11,999.42,7717.81,2020-02-07,8 Beilfuss Alley,Apple Pay,delivered
1796,738,658,45,536.35,6642.63,2022-01-04,9 Heffernan Lane,credit card,processing
1797,272,667,95,0.81,8216.85,2022-09-06,8122 Prairieview Parkway,credit card,delivered
1798,5,693,52,42.67,4036.49,2021-08-05,5898 Burrows Hill,PayPal,processing
1799,391,848,90,241.56,5077.38,2022-05-13,29 Fremont Pass,credit card,shipped
1800,806,743,41,982.34,4796.22,2021-08-25,65798 Blue Bill Park Trail,credit card,shipped
1801,217,903,15,283.59,2484.87,2020-07-26,67 American Ash Hill,PayPal,pending
1802,477,409,25,935.86,2023.12,2022-02-10,88 Saint Paul Terrace,PayPal,processing
1803,783,630,38,0.33,383.51,2022-05-31,95 Dawn Plaza,Apple Pay,shipped
1804,907,394,78,790.57,1715.43,2022-07-01,4 Lakewood Parkway,PayPal,delivered
1805,78,452,17,746.31,7487.72,2021-03-12,091 Artisan Plaza,PayPal,pending
1806,622,882,41,991.44,8614.23,2022-11-02,07401 Schiller Place,PayPal,shipped
1807,147,575,71,740.81,7920.25,2020-11-01,33659 Huxley Junction,PayPal,pending
1808,639,753,76,412.5,871.66,2020-04-07,662 Marcy Pass,credit card,processing
1809,915,183,54,815.95,5806.01,2020-02-15,51966 Sage Terrace,credit card,shipped
1810,292,854,33,601.54,7301.85,2022-09-28,64831 Badeau Crossing,credit card,processing
1811,398,886,60,458.86,5061.88,2020-09-09,4 Sage Circle,PayPal,pending
1812,332,262,31,378.23,1701.34,2022-02-17,08 Mockingbird Crossing,Apple Pay,processing
1813,271,509,28,556.52,5167.06,2020-02-16,7 Scoville Drive,PayPal,processing
1814,656,247,35,447.72,3619.57,2020-01-31,09 Messerschmidt Crossing,PayPal,shipped
1815,720,649,69,374.59,4845.05,2021-03-04,6166 Green Ridge Way,credit card,delivered
1816,1000,298,87,218.22,6467.19,2021-01-01,519 Lyons Hill,PayPal,processing
1817,980,692,66,79.02,7884.28,2022-06-15,05752 Cherokee Place,credit card,pending
1818,128,414,92,40.8,5249.63,2022-04-26,81307 Valley Edge Point,credit card,processing
1819,261,257,31,127.06,8894.78,2020-01-05,79882 Monica Point,PayPal,delivered
1820,763,186,60,24.59,8519.44,2020-12-25,452 Harbort Parkway,Apple Pay,pending
1821,173,1000,93,483.51,263.72,2020-06-24,643 Harper Road,PayPal,shipped
1822,240,989,2,382.78,6365.87,2022-02-01,37 Continental Alley,PayPal,processing
1823,701,98,100,192.83,6889.63,2022-04-15,1119 La Follette Circle,credit card,pending
1824,223,772,12,925.71,313.81,2022-09-30,62 Di Loreto Terrace,Apple Pay,pending
1825,881,126,90,306.56,5032.79,2021-01-19,763 Myrtle Junction,PayPal,delivered
1826,775,458,14,431.41,4215.75,2021-04-30,54219 Randy Terrace,PayPal,shipped
1827,119,917,84,291.65,4592.62,2020-10-05,46227 Roxbury Parkway,PayPal,processing
1828,384,876,30,583.3,5776.06,2020-09-17,739 John Wall Place,PayPal,processing
1829,892,268,62,711.91,8047.84,2022-05-08,46 Elmside Circle,PayPal,pending
1830,346,259,64,938.94,1456.35,2021-10-16,42 Welch Road,PayPal,pending
1831,904,145,86,179.93,9212.96,2022-12-09,26787 Stephen Alley,Apple Pay,pending
1832,472,141,90,84.38,3763.51,2021-07-01,51327 Schiller Lane,credit card,delivered
1833,45,175,69,482.66,5196.32,2022-12-29,2429 Dennis Court,PayPal,processing
1834,989,13,49,135.72,691.32,2022-06-27,8763 Clarendon Circle,PayPal,pending
1835,66,468,19,799.13,4685.13,2022-12-21,73335 Bunker Hill Place,PayPal,shipped
1836,784,289,62,971.13,7405.95,2021-05-27,22 South Alley,Apple Pay,processing
1837,719,643,11,654.65,9979.13,2022-07-30,52637 Upham Hill,Apple Pay,pending
1838,649,979,91,588.11,7431.0,2020-03-31,6 Havey Avenue,Apple Pay,pending
1839,773,561,14,269.09,6308.61,2020-06-14,899 Waywood Court,Apple Pay,processing
1840,685,160,11,153.66,6804.93,2021-04-28,5443 Florence Terrace,PayPal,pending
1841,134,433,50,373.39,7325.52,2021-07-17,993 Thackeray Hill,PayPal,delivered
1842,839,44,82,274.23,5561.05,2020-12-21,6 Derek Drive,PayPal,processing
1843,850,984,65,710.7,1213.49,2022-04-26,805 Holmberg Way,credit card,delivered
1844,882,482,61,614.44,1072.29,2022-11-29,7106 Lerdahl Pass,PayPal,processing
1845,249,90,56,304.58,6208.24,2022-09-04,17240 Karstens Crossing,PayPal,delivered
1846,337,25,37,454.87,1114.3,2021-07-16,982 Service Way,Apple Pay,shipped
1847,753,307,45,171.34,9168.36,2021-05-04,9 Goodland Pass,credit card,shipped
1848,287,831,71,658.86,5652.79,2022-04-10,95041 Anthes Plaza,PayPal,delivered
1849,804,534,85,61.39,3122.84,2021-12-12,62073 Arkansas Trail,Apple Pay,shipped
1850,761,983,62,644.94,8599.37,2021-08-12,25896 Westridge Terrace,credit card,delivered
1851,713,958,47,797.08,6417.16,2021-09-22,23 Harbort Terrace,PayPal,pending
1852,751,472,37,749.56,6083.34,2022-09-15,719 Wayridge Pass,credit card,processing
1853,356,250,59,841.15,276.39,2020-04-15,6 Delaware Place,Apple Pay,processing
1854,227,627,61,160.37,6800.0,2020-09-21,51 Pond Drive,credit card,processing
1855,508,495,23,405.29,7012.19,2020-05-26,72687 Grayhawk Park,credit card,shipped
1856,585,38,50,332.15,4051.05,2022-07-29,9342 Anthes Street,Apple Pay,processing
1857,979,188,10,908.51,6898.44,2021-07-31,2825 Manitowish Parkway,Apple Pay,delivered
1858,471,290,51,110.64,3345.24,2022-06-20,78 Di Loreto Hill,Apple Pay,processing
1859,690,489,30,694.17,5758.23,2022-01-15,5 Stang Terrace,credit card,processing
1860,769,161,57,997.21,5858.7,2020-10-04,15450 Harper Place,credit card,shipped
1861,628,877,26,954.54,5307.38,2022-01-24,1349 Glendale Drive,Apple Pay,shipped
1862,276,608,64,567.13,9165.67,2021-06-04,005 Old Shore Center,PayPal,pending
1863,757,404,36,244.69,738.65,2022-04-21,1 Ludington Parkway,Apple Pay,processing
1864,104,816,37,349.13,451.17,2021-06-04,04 Milwaukee Center,Apple Pay,pending
1865,938,700,37,63.44,3914.08,2022-01-21,92118 Green Point,Apple Pay,shipped
1866,402,704,66,393.86,3634.5,2020-12-10,649 Troy Point,PayPal,delivered
1867,204,435,42,473.51,1550.15,2021-04-11,74219 Sachs Terrace,PayPal,delivered
1868,943,752,87,267.81,8145.84,2020-07-12,81102 Bashford Place,PayPal,pending
1869,437,765,55,715.69,1564.78,2020-07-24,69 Buell Place,Apple Pay,processing
1870,552,599,40,416.99,2192.9,2021-12-18,22 Gulseth Hill,Apple Pay,pending
1871,390,499,44,926.72,5827.67,2020-05-05,539 Portage Plaza,credit card,delivered
1872,711,787,82,202.31,1224.28,2022-11-08,85 Dahle Trail,credit card,pending
1873,715,596,37,608.81,9877.02,2021-02-04,95261 Fieldstone Place,PayPal,delivered
1874,30,451,35,853.11,9874.35,2021-01-24,828 Declaration Way,Apple Pay,pending
1875,83,648,10,763.35,644.94,2022-09-26,16 Manley Street,PayPal,pending
1876,588,864,21,170.37,9677.38,2020-01-04,86 Tomscot Alley,PayPal,pending
1877,62,863,77,990.16,3244.14,2022-01-02,32 Corry Court,PayPal,pending
1878,415,388,47,692.38,7950.92,2022-10-28,725 Havey Alley,Apple Pay,shipped
1879,294,810,2,886.0,8088.91,2022-11-29,76 Fulton Avenue,PayPal,pending
1880,307,919,95,159.5,5197.86,2022-06-28,6153 Algoma Trail,credit card,delivered
1881,527,110,77,926.35,5009.03,2020-08-20,931 Buhler Center,credit card,pending
1882,822,96,77,733.52,7951.96,2020-04-24,7 Evergreen Place,PayPal,pending
1883,997,968,3,677.23,7397.86,2021-06-01,7190 Rieder Plaza,PayPal,processing
1884,453,213,52,819.34,5859.15,2022-01-11,0744 Randy Terrace,Apple Pay,shipped
1885,501,311,71,490.1,2205.44,2021-07-29,26 Bonner Road,credit card,shipped
1886,842,539,20,296.34,2316.64,2020-04-17,7975 Elgar Parkway,credit card,delivered
1887,893,344,89,777.53,7144.28,2021-05-03,58826 Cherokee Place,PayPal,delivered
1888,383,593,59,875.41,4444.42,2020-02-25,0 Dwight Park,credit card,delivered
1889,422,963,18,617.39,4588.05,2021-05-26,56 Morning Circle,PayPal,shipped
1890,824,631,40,685.78,7155.57,2020-07-14,69 Little Fleur Alley,PayPal,shipped
1891,582,602,62,919.34,6971.02,2022-02-08,343 Algoma Terrace,Apple Pay,delivered
1892,925,310,33,145.79,8457.59,2021-09-22,284 Thackeray Terrace,PayPal,shipped
1893,647,567,84,359.82,2472.62,2022-05-13,866 Wayridge Place,credit card,pending
1894,730,421,48,450.17,7081.74,2022-05-28,8835 Declaration Street,PayPal,processing
1895,964,240,83,144.88,8175.17,2020-05-14,135 Artisan Drive,Apple Pay,pending
1896,917,613,98,573.52,1283.25,2020-11-14,810 Saint Paul Plaza,Apple Pay,delivered
1897,707,448,79,900.06,1306.55,2021-08-06,5 Dixon Pass,credit card,pending
1898,174,918,1,914.43,192.19,2020-11-24,95 Dottie Junction,PayPal,delivered
1899,215,237,51,841.65,6856.17,2020-11-10,659 Everett Alley,PayPal,shipped
1900,805,153,16,307.73,229.18,2021-05-02,77 Dryden Alley,PayPal,pending
1901,63,375,85,323.63,9224.51,2022-03-13,69183 Maywood Terrace,Apple Pay,processing
1902,15,718,18,570.87,983.27,2022-12-15,0424 Eastwood Pass,credit card,processing
1903,670,135,86,617.32,4714.55,2022-12-17,32572 Maryland Park,PayPal,processing
1904,982,335,54,482.55,9889.21,2020-11-21,985 Prairie Rose Point,PayPal,delivered
1905,55,970,72,725.03,7263.91,2021-06-21,03 Lukken Point,credit card,shipped
1906,115,215,76,779.43,4275.98,2020-04-14,2799 Donald Center,credit card,shipped
1907,829,553,80,687.63,9958.72,2021-03-14,74 Shasta Center,PayPal,processing
1908,598,661,42,926.68,4121.01,2022-05-14,7 Nova Parkway,credit card,delivered
1909,953,362,17,395.91,3485.87,2022-08-10,015 Fairview Road,credit card,delivered
1910,349,794,80,457.25,4492.42,2021-09-23,07 West Lane,PayPal,shipped
1911,341,786,99,797.06,2070.66,2022-12-08,91 Clyde Gallagher Lane,Apple Pay,delivered
1912,434,624,3,215.94,243.01,2022-03-09,81 Forster Parkway,Apple Pay,shipped
1913,247,713,63,604.91,9231.75,2022-05-28,4154 Arkansas Park,Apple Pay,delivered
1914,662,406,34,436.98,1229.39,2021-06-14,74380 Transport Way,PayPal,shipped
1915,248,754,53,324.31,5532.45,2021-12-08,2 Vera Parkway,credit card,delivered
1916,513,639,57,851.13,8563.17,2020-12-13,0859 Grim Crossing,credit card,delivered
1917,903,19,9,641.43,2230.49,2021-10-25,5 Fremont Plaza,PayPal,processing
1918,52,69,69,585.49,2117.05,2022-05-04,2126 Mariners Cove Alley,credit card,processing
1919,706,582,57,9.98,2537.87,2020-06-01,19041 Porter Avenue,Apple Pay,pending
1920,444,407,48,419.31,226.82,2020-03-27,812 Caliangt Parkway,PayPal,delivered
1921,578,114,1,822.95,1510.2,2020-06-11,44496 Lake View Junction,PayPal,shipped
1922,345,881,43,179.83,7041.55,2021-09-15,29401 Basil Street,PayPal,shipped
1923,443,708,8,733.98,54.5,2022-10-26,0 Westridge Alley,Apple Pay,delivered
1924,646,861,73,880.47,7649.93,2020-02-12,3052 Karstens Avenue,credit card,delivered
1925,792,66,96,31.21,2642.17,2020-05-01,8 Corscot Terrace,credit card,delivered
1926,26,339,94,41.23,5640.79,2020-07-05,2440 Golf Pass,Apple Pay,shipped
1927,677,101,93,832.99,5085.41,2020-09-20,76 Mcguire Center,Apple Pay,processing
1928,909,952,81,342.89,960.57,2022-01-19,0541 Packers Parkway,credit card,delivered
1929,633,373,60,645.65,5934.91,2022-12-03,3 Acker Alley,credit card,shipped
1930,158,203,99,816.51,1512.33,2022-01-20,0 Sachs Crossing,Apple Pay,shipped
1931,213,321,11,115.59,6350.37,2021-08-03,7 Hintze Way,PayPal,shipped
1932,595,623,17,580.9,9698.4,2020-02-15,3264 Melody Road,Apple Pay,pending
1933,919,653,22,182.39,5431.61,2022-08-02,46 Marcy Plaza,PayPal,processing
1934,430,196,86,273.58,5291.7,2021-12-02,2 Toban Lane,credit card,delivered
1935,963,258,20,600.45,2827.45,2020-07-19,49 Eliot Plaza,Apple Pay,pending
1936,121,524,67,288.96,4196.07,2021-07-19,02 Evergreen Circle,Apple Pay,delivered
1937,153,895,79,622.74,9012.67,2022-01-14,6986 Pleasure Trail,PayPal,pending
1938,802,586,83,838.73,9611.09,2020-07-03,67 Cardinal Drive,credit card,delivered
1939,787,923,11,667.56,1151.17,2021-05-28,05855 Ryan Crossing,PayPal,processing
1940,260,936,100,544.02,7780.27,2020-06-05,7330 Rusk Drive,Apple Pay,pending
1941,196,591,16,369.47,5947.85,2020-09-25,8023 Almo Hill,Apple Pay,delivered
1942,124,699,43,300.81,4692.05,2021-05-04,61 Killdeer Pass,credit card,pending
1943,550,694,70,53.53,2944.69,2022-03-02,57 Canary Alley,credit card,shipped
1944,367,162,80,243.4,7909.07,2021-07-04,3029 Schurz Trail,credit card,delivered
1945,481,529,87,194.89,6532.74,2021-11-13,16101 Lotheville Circle,credit card,delivered
1946,463,142,83,509.55,7493.48,2020-03-04,36542 Debs Parkway,PayPal,pending
1947,234,904,19,581.06,2103.88,2022-10-21,3664 Schlimgen Terrace,PayPal,pending
1948,994,502,43,407.32,7102.59,2022-07-12,8 Bonner Circle,Apple Pay,processing
1949,640,37,58,701.26,3832.74,2022-06-01,39579 Merry Court,PayPal,pending
1950,448,818,14,177.47,6.36,2022-06-29,4 Golf View Circle,Apple Pay,pending
1951,27,138,53,637.52,1794.33,2022-04-27,0 6th Junction,PayPal,processing
1952,797,231,35,11.21,8786.97,2021-12-11,0999 Troy Circle,credit card,delivered
1953,571,776,74,455.89,9834.41,2022-01-10,24 Loomis Drive,credit card,pending
1954,823,733,11,774.59,5536.18,2022-11-02,731 Buhler Junction,credit card,pending
1955,758,122,5,940.39,8324.16,2021-09-16,9 Granby Hill,Apple Pay,shipped
1956,838,20,90,925.07,2563.46,2021-06-07,545 Mcguire Way,credit card,delivered
1957,33,345,6,104.08,1074.48,2020-01-15,1872 Hooker Hill,credit card,pending
1958,226,955,10,834.08,9283.12,2020-03-27,419 North Point,Apple Pay,processing
1959,57,663,45,150.6,382.65,2021-06-10,337 Merrick Lane,Apple Pay,processing
1960,106,899,90,739.36,5630.43,2020-08-21,1008 Fair Oaks Lane,PayPal,processing
1961,414,761,7,568.01,9815.87,2022-02-02,58822 Tony Terrace,Apple Pay,pending
1962,476,253,3,731.89,8965.69,2021-02-03,5 Raven Point,Apple Pay,pending
1963,924,592,79,466.85,8174.17,2022-05-27,937 Hanover Hill,PayPal,delivered
1964,967,252,64,982.8,5345.38,2021-03-30,4523 Pine View Parkway,Apple Pay,shipped
1965,58,244,29,73.62,3590.56,2021-10-24,5998 Gulseth Lane,Apple Pay,shipped
1966,797,117,51,278.06,683.94,2022-05-20,75 School Street,PayPal,shipped
1967,415,925,74,11.21,2075.46,2020-04-08,2984 Green Ridge Lane,Apple Pay,processing
1968,265,822,34,173.32,5995.5,2020-10-22,7240 Commercial Crossing,Apple Pay,delivered
1969,540,933,47,895.36,559.34,2022-02-02,39548 Green Crossing,PayPal,delivered
1970,717,440,87,689.35,9819.95,2021-02-24,5 Thompson Park,PayPal,pending
1971,192,219,99,399.65,7570.97,2020-10-20,0 Blackbird Drive,credit card,delivered
1972,147,400,16,499.57,1854.28,2020-12-05,2 Merchant Avenue,Apple Pay,processing
1973,644,805,7,374.27,1787.11,2022-01-20,1 Utah Plaza,credit card,delivered
1974,64,241,5,6.71,613.29,2021-01-01,82263 Thierer Point,PayPal,delivered
1975,19,250,45,374.31,5801.25,2021-09-30,36035 Mosinee Way,credit card,pending
1976,434,792,18,123.99,2502.49,2021-10-06,28 School Way,Apple Pay,pending
1977,219,662,66,381.57,8016.94,2021-06-16,6022 Kropf Junction,credit card,shipped
1978,279,619,91,143.89,4009.43,2022-05-18,71023 Stone Corner Avenue,credit card,processing
1979,326,159,96,580.99,3793.62,2022-01-21,25 Fairview Trail,Apple Pay,delivered
1980,1,819,78,793.72,5382.45,2022-10-10,9738 Magdeline Street,PayPal,delivered
1981,978,138,56,815.92,7061.2,2021-05-03,9799 Crest Line Drive,PayPal,delivered
1982,685,761,47,810.28,584.25,2021-10-15,2545 Michigan Crossing,PayPal,pending
1983,418,909,56,23.87,6219.76,2021-08-23,9056 Duke Road,PayPal,pending
1984,55,120,80,731.36,5214.79,2022-06-02,928 Annamark Center,credit card,shipped
1985,37,739,99,825.54,4167.72,2020-11-24,8452 Becker Way,credit card,shipped
1986,861,452,54,561.31,9975.81,2021-12-10,5 Judy Alley,Apple Pay,pending
1987,930,621,8,512.12,6183.71,2021-08-04,8 Burning Wood Trail,Apple Pay,processing
1988,489,645,81,81.47,2196.63,2020-12-12,7696 Paget Plaza,credit card,delivered
1989,891,474,95,349.63,6803.5,2021-05-20,8 Sullivan Circle,credit card,pending
1990,59,595,29,756.07,58.13,2021-03-19,587 Fisk Park,credit card,shipped
1991,738,398,73,382.18,2029.02,2021-08-02,7 Loeprich Court,PayPal,shipped
1992,491,929,27,539.18,4917.11,2020-08-02,726 Pepper Wood Court,PayPal,pending
1993,314,903,72,751.96,8521.48,2021-12-07,65 Warrior Place,credit card,delivered
1994,450,92,13,779.75,7719.9,2020-02-08,47471 Barnett Pass,PayPal,processing
1995,473,732,33,216.54,1353.6,2022-03-11,218 Hazelcrest Hill,PayPal,delivered
1996,921,21,99,396.3,5152.22,2021-06-16,659 Jenna Pass,PayPal,shipped
1997,597,644,11,610.46,8574.18,2022-10-13,043 Fairfield Lane,credit card,processing
1998,834,790,79,765.1,4302.96,2020-04-22,2 Pine View Drive,Apple Pay,processing
1999,547,364,75,518.36,8558.86,2021-11-01,65 Hoffman Lane,Apple Pay,delivered
2000,137,872,38,259.63,68.97,2021-04-21,47 Pleasure Court,PayPal,pending
2001,517,618,45,840.91,8251.35,2020-09-16,07 Scott Street,Apple Pay,pending
2002,43,259,78,709.77,7799.6,2021-02-08,78294 West Junction,credit card,shipped
2003,799,608,78,635.88,3273.52,2021-06-16,423 Park Meadow Center,PayPal,delivered
2004,709,90,91,262.93,4073.39,2020-12-01,80799 Parkside Hill,credit card,shipped
2005,756,664,80,663.9,3716.69,2022-04-18,1364 Vahlen Lane,PayPal,processing
2006,539,809,33,177.21,4225.82,2020-01-10,47902 Oxford Park,PayPal,delivered
2007,35,464,43,986.29,435.35,2022-12-02,01667 4th Pass,Apple Pay,pending
2008,40,299,15,443.97,6878.24,2021-08-09,7088 Dottie Parkway,credit card,pending
2009,428,180,43,234.99,6544.7,2021-03-19,5 West Pass,credit card,pending
2010,23,223,87,408.08,9556.48,2020-09-09,53751 Trailsway Junction,Apple Pay,shipped
2011,557,993,67,110.69,7420.92,2021-09-03,9 Declaration Way,credit card,processing
2012,593,599,41,86.8,9067.62,2020-08-14,5 Killdeer Drive,Apple Pay,processing
2013,751,226,30,634.54,5809.5,2021-10-17,8 John Wall Plaza,Apple Pay,pending
2014,734,866,59,864.21,7456.25,2022-10-29,17 Loftsgordon Street,Apple Pay,processing
2015,385,478,26,555.02,3315.96,2021-06-18,41 Lunder Pass,Apple Pay,processing
2016,682,328,62,932.43,8387.99,2020-06-19,956 Stuart Street,PayPal,pending
2017,287,128,65,535.04,2447.52,2021-11-17,138 Little Fleur Circle,Apple Pay,shipped
2018,250,347,23,860.68,340.03,2022-01-26,57 Brown Parkway,PayPal,pending
2019,252,212,99,287.92,4688.98,2022-05-13,56 Barnett Street,credit card,delivered
2020,120,44,10,905.25,5712.67,2020-06-25,336 Mendota Trail,Apple Pay,delivered
2021,213,582,84,449.44,6823.76,2020-05-23,5911 Westridge Center,PayPal,delivered
2022,823,727,99,51.6,4133.16,2021-05-28,05 Pawling Alley,credit card,pending
2023,396,637,56,934.55,7514.54,2021-04-14,56 Declaration Plaza,PayPal,shipped
2024,720,325,41,345.29,4962.37,2022-12-29,93578 Crest Line Junction,PayPal,shipped
2025,647,369,6,530.29,4347.32,2021-08-17,392 Westridge Drive,PayPal,shipped
2026,41,676,43,745.19,2952.98,2020-11-22,225 Leroy Alley,Apple Pay,processing
2027,893,957,15,583.6,3192.53,2020-04-19,095 Elmside Center,credit card,processing
2028,369,85,44,878.39,1065.5,2022-02-13,30 Beilfuss Hill,Apple Pay,shipped
2029,311,287,74,880.47,3292.7,2022-09-13,7 Heath Trail,Apple Pay,processing
2030,511,611,93,238.5,2759.86,2022-03-08,952 Katie Pass,PayPal,processing
2031,398,17,50,71.13,2781.86,2020-07-08,4 Ludington Pass,PayPal,processing
2032,984,736,25,605.36,5066.29,2020-07-20,209 Kipling Junction,credit card,shipped
2033,255,408,12,673.56,5386.27,2020-11-11,5334 Delaware Road,PayPal,processing
2034,936,463,84,379.81,5396.15,2020-12-27,66 5th Place,credit card,delivered
2035,937,925,79,297.78,7424.2,2020-05-15,7778 Barby Center,credit card,processing
2036,812,143,6,314.92,7144.34,2022-07-31,485 Porter Street,credit card,shipped
2037,457,806,2,653.79,8271.45,2020-08-27,313 Maryland Parkway,Apple Pay,processing
2038,617,661,4,623.41,2703.04,2020-03-28,0944 Donald Terrace,PayPal,delivered
2039,95,679,30,989.61,7665.25,2022-06-19,613 Northland Crossing,PayPal,shipped
2040,94,506,86,676.03,6395.03,2021-10-07,5 Schiller Park,credit card,shipped
2041,665,566,87,195.96,6553.61,2022-11-23,63 Loomis Circle,credit card,pending
2042,93,802,98,591.19,3545.58,2022-12-29,2 Lerdahl Avenue,credit card,delivered
2043,109,142,1,966.46,3256.93,2022-12-06,4 Crownhardt Avenue,credit card,delivered
2044,530,845,2,28.01,3668.5,2022-04-26,11688 Dexter Terrace,Apple Pay,processing
2045,510,749,36,421.49,379.56,2021-03-17,668 Tomscot Circle,Apple Pay,shipped
2046,374,320,46,462.72,3039.03,2021-07-04,495 Sloan Parkway,Apple Pay,processing
2047,230,313,89,787.69,6771.31,2020-04-27,23404 Sullivan Way,PayPal,shipped
2048,359,877,60,726.66,4006.12,2021-10-08,054 Petterle Way,PayPal,pending
2049,573,564,82,825.29,9161.63,2022-03-19,9026 Ridgeway Crossing,PayPal,delivered
2050,832,509,24,929.02,1600.2,2020-09-14,8 Sherman Terrace,credit card,processing
2051,193,677,16,937.69,7281.79,2020-12-06,48 Waywood Point,PayPal,pending
2052,106,5,66,627.78,1601.96,2020-06-24,89544 Monument Way,PayPal,processing
2053,991,858,9,574.49,3988.34,2021-12-31,22667 Oakridge Terrace,PayPal,delivered
2054,436,601,15,921.38,1592.05,2021-11-18,7 Hazelcrest Junction,PayPal,processing
2055,525,923,14,438.73,3281.58,2021-10-22,3 Ryan Hill,Apple Pay,pending
2056,2,864,84,729.08,3990.86,2021-02-16,93 Lukken Avenue,PayPal,shipped
2057,166,203,13,557.54,7083.42,2021-09-23,6750 Dorton Plaza,PayPal,pending
2058,10,3,80,782.89,9585.9,2021-01-21,53188 Anhalt Road,credit card,shipped
2059,560,379,65,217.23,9181.72,2021-08-19,439 Fremont Point,PayPal,delivered
2060,393,730,49,578.46,5888.82,2022-12-04,06 Meadow Valley Place,credit card,pending
2061,196,252,27,512.52,2587.66,2021-03-11,9674 Mariners Cove Court,Apple Pay,processing
2062,312,927,18,481.71,5849.55,2022-12-15,0041 Linden Road,credit card,shipped
2063,813,291,28,680.84,9523.83,2022-07-18,1174 Arapahoe Pass,PayPal,shipped
2064,766,796,28,390.93,856.26,2020-11-22,10 Ridge Oak Drive,Apple Pay,processing
2065,915,762,20,287.57,4858.32,2021-06-03,9 Luster Junction,PayPal,pending
2066,50,354,53,707.13,2733.94,2020-04-16,677 Warner Crossing,Apple Pay,processing
2067,996,948,34,433.9,4449.84,2021-03-25,92621 Farwell Park,credit card,pending
2068,875,991,64,733.61,1282.31,2020-06-14,32 Express Circle,Apple Pay,processing
2069,429,919,95,615.17,5216.04,2021-06-12,2485 Trailsway Trail,PayPal,shipped
2070,843,433,82,616.76,82.67,2020-03-16,02507 Valley Edge Avenue,credit card,delivered
2071,699,46,97,409.74,3460.94,2020-04-08,8 5th Road,PayPal,processing
2072,494,24,81,919.97,9310.55,2022-10-10,7 Bultman Lane,credit card,delivered
2073,769,719,35,208.13,5713.84,2020-12-06,32 3rd Avenue,credit card,processing
2074,98,820,29,954.7,1977.66,2021-09-23,58532 Barnett Terrace,credit card,delivered
2075,512,718,37,118.56,2622.34,2022-02-24,03060 Drewry Avenue,PayPal,delivered
2076,589,777,8,954.81,494.5,2021-05-10,896 Merrick Park,Apple Pay,shipped
2077,122,409,71,5.44,3645.54,2020-01-20,94697 6th Terrace,PayPal,delivered
2078,223,254,73,758.21,8714.44,2021-11-02,90047 Paget Place,Apple Pay,pending
2079,12,697,82,99.93,981.57,2021-05-19,1 Victoria Way,PayPal,shipped
2080,552,434,88,641.54,4281.94,2020-03-02,8491 Oriole Junction,Apple Pay,delivered
2081,667,863,69,9.71,3126.76,2022-09-28,95927 Susan Parkway,credit card,pending
2082,859,234,4,69.37,4231.59,2021-12-21,0 Helena Road,PayPal,shipped
2083,918,753,26,333.46,1086.17,2020-08-14,9442 Parkside Parkway,Apple Pay,shipped
2084,680,380,39,540.72,478.94,2022-01-21,570 Reindahl Park,credit card,processing
2085,110,246,33,244.3,1758.79,2022-05-20,76468 Drewry Trail,Apple Pay,pending
2086,807,508,14,145.4,6866.34,2022-09-14,6 Namekagon Crossing,PayPal,pending
2087,271,52,74,380.53,1627.82,2021-01-03,4097 Gateway Trail,credit card,processing
2088,97,803,23,534.28,4295.35,2021-12-14,10 Bunting Alley,Apple Pay,processing
2089,973,702,84,700.95,8990.91,2021-10-08,6 Daystar Terrace,PayPal,delivered
2090,949,539,8,64.35,2014.81,2022-01-30,0 Westend Way,credit card,delivered
2091,448,959,33,902.38,9831.95,2021-09-13,73 Killdeer Point,PayPal,pending
2092,529,714,10,59.75,2121.3,2021-03-21,8084 Ramsey Circle,credit card,processing
2093,853,535,66,784.4,3781.59,2021-02-08,57 Lyons Avenue,credit card,processing
2094,26,546,36,239.1,7851.19,2021-07-30,83244 Independence Way,credit card,shipped
2095,536,182,41,288.46,7884.59,2020-04-16,93 Northwestern Terrace,credit card,delivered
2096,221,980,58,845.72,7050.63,2022-03-26,097 8th Terrace,credit card,shipped
2097,290,962,25,847.31,166.84,2020-08-26,11 Russell Crossing,Apple Pay,pending
2098,283,835,63,651.84,2528.22,2022-07-05,9504 Weeping Birch Terrace,PayPal,processing
2099,621,735,33,378.84,40.04,2022-03-04,8692 Brickson Park Way,PayPal,pending
2100,884,888,82,838.86,7421.29,2020-12-29,12374 Glacier Hill Street,Apple Pay,shipped
2101,678,934,13,372.46,6727.24,2022-12-18,9479 5th Street,credit card,pending
2102,725,151,54,750.21,1183.09,2022-02-18,5 Old Shore Road,PayPal,pending
2103,183,324,98,283.52,1916.26,2021-04-10,31648 Hoffman Court,credit card,shipped
2104,673,899,49,811.85,8456.4,2022-09-07,00284 Prairieview Avenue,credit card,processing
2105,825,152,77,90.44,8326.99,2020-03-21,70 Schmedeman Parkway,credit card,delivered
2106,528,446,24,283.79,212.33,2020-05-31,496 Elmside Trail,Apple Pay,delivered
2107,28,967,60,159.55,9742.73,2022-08-16,94 Brentwood Point,Apple Pay,shipped
2108,245,943,7,258.25,1820.92,2021-05-13,77 Spohn Terrace,credit card,shipped
2109,404,411,50,389.24,1007.94,2020-07-22,16 Maple Wood Hill,Apple Pay,delivered
2110,125,613,76,15.45,3736.49,2021-11-10,7478 Marcy Road,Apple Pay,delivered
2111,886,494,1,476.08,313.47,2021-12-24,244 Summit Avenue,Apple Pay,pending
2112,737,181,72,424.08,9628.04,2022-10-13,4 Longview Crossing,Apple Pay,pending
2113,67,490,100,497.8,4207.35,2021-12-27,68 Emmet Circle,credit card,delivered
2114,209,406,72,8.47,8163.75,2021-10-07,576 Westerfield Hill,credit card,shipped
2115,693,782,24,389.3,2871.28,2020-08-18,771 3rd Circle,PayPal,delivered
2116,640,91,31,204.89,6274.21,2022-11-01,78429 Fisk Park,credit card,processing
2117,662,693,52,514.74,2946.37,2022-12-05,91906 Manufacturers Pass,PayPal,shipped
2118,905,167,45,612.69,9832.71,2020-10-31,69148 Sloan Drive,credit card,processing
2119,191,875,76,91.24,4893.06,2021-06-21,6129 Prentice Center,credit card,pending
2120,481,471,17,571.03,9237.12,2021-11-26,94668 Orin Alley,credit card,processing
2121,981,499,14,717.73,803.8,2020-02-21,73 Westend Junction,credit card,pending
2122,89,685,26,968.58,9024.84,2020-03-28,470 Holy Cross Pass,Apple Pay,delivered
2123,623,852,5,588.74,3243.74,2020-08-04,6530 Mayer Crossing,PayPal,pending
2124,479,536,42,647.75,1367.08,2022-05-11,66 Southridge Trail,Apple Pay,processing
2125,463,767,76,94.95,499.25,2020-08-21,128 Hauk Road,credit card,shipped
2126,691,823,25,474.62,309.21,2020-03-09,84 Manley Court,PayPal,delivered
2127,430,672,59,290.4,24.65,2022-05-04,6858 Rusk Park,credit card,processing
2128,909,194,2,76.06,9212.02,2021-09-21,96691 4th Drive,Apple Pay,shipped
2129,841,979,87,187.15,3981.97,2022-04-29,2 Del Mar Avenue,credit card,processing
2130,48,15,29,691.17,5.15,2022-05-22,77 Havey Crossing,Apple Pay,shipped
2131,420,958,4,608.31,8716.08,2020-04-08,9586 Sunfield Hill,Apple Pay,processing
2132,263,674,56,858.84,7063.43,2020-04-07,611 Dexter Pass,PayPal,delivered
2133,805,781,56,340.07,2915.46,2020-11-09,4854 Texas Trail,Apple Pay,delivered
2134,304,482,67,454.18,4467.53,2020-09-17,509 Schurz Junction,credit card,delivered
2135,21,607,64,511.47,7024.99,2021-04-21,5 Hoepker Parkway,Apple Pay,processing
2136,112,184,29,794.02,6142.69,2020-11-27,822 School Point,PayPal,processing
2137,32,947,75,322.54,8056.09,2022-01-28,07 Cambridge Point,Apple Pay,delivered
2138,123,561,89,3.6,5037.38,2022-06-21,7 Pankratz Trail,Apple Pay,shipped
2139,45,537,25,144.67,6204.13,2022-09-17,384 Scoville Lane,credit card,delivered
2140,925,696,81,879.31,8679.24,2022-08-20,7 Sheridan Center,PayPal,shipped
2141,492,552,34,487.62,2724.6,2022-10-31,414 Corben Court,Apple Pay,delivered
2142,779,436,100,660.12,7367.03,2021-12-08,9432 Ilene Junction,credit card,shipped
2143,753,770,69,984.66,8833.67,2020-06-26,2354 Mosinee Terrace,credit card,processing
2144,144,289,27,540.95,5925.22,2021-02-09,04737 Hoard Street,PayPal,shipped
2145,334,558,23,725.56,1675.64,2022-02-26,7645 Brickson Park Point,Apple Pay,shipped
2146,878,288,33,340.19,6725.85,2021-05-27,09527 Summer Ridge Terrace,PayPal,delivered
2147,172,622,2,604.16,174.5,2020-09-17,34 Elka Plaza,Apple Pay,shipped
2148,92,251,44,25.44,1965.99,2020-09-17,6609 Dryden Road,PayPal,shipped
2149,485,306,33,341.61,7731.68,2021-05-18,203 Oneill Road,credit card,pending
2150,535,543,4,390.18,9786.91,2022-03-05,572 Dryden Plaza,credit card,pending
2151,550,722,60,21.79,5850.51,2020-03-26,37 Florence Hill,credit card,shipped
2152,274,510,76,883.06,8784.03,2021-08-18,0 Banding Trail,credit card,delivered
2153,350,239,80,192.71,5759.38,2022-02-11,7292 Dryden Way,PayPal,pending
2154,472,28,83,346.6,7198.63,2022-08-25,7 Dixon Hill,PayPal,shipped
2155,736,868,93,120.25,6909.91,2022-10-03,3284 Washington Pass,PayPal,delivered
2156,889,920,3,975.42,9882.11,2022-08-21,2137 Mifflin Terrace,Apple Pay,pending
2157,957,724,13,605.64,4379.83,2020-02-19,350 Lunder Crossing,PayPal,pending
2158,754,682,57,797.9,4854.0,2021-04-08,20 Fisk Center,credit card,pending
2159,822,827,33,875.86,3982.99,2022-10-17,7 Beilfuss Parkway,PayPal,delivered
2160,730,687,15,964.41,7460.53,2020-03-24,33468 3rd Point,PayPal,processing
2161,117,779,20,398.11,2335.59,2020-12-31,386 Reindahl Trail,Apple Pay,delivered
2162,649,454,85,881.01,2054.19,2022-01-13,0 Northport Drive,Apple Pay,pending
2163,288,139,19,187.13,7672.45,2022-01-24,2 Anhalt Hill,credit card,processing
2164,818,931,24,395.91,8787.28,2022-09-03,9 Beilfuss Alley,PayPal,shipped
2165,670,575,46,709.01,7258.23,2022-11-12,2 Corry Lane,credit card,processing
2166,572,211,48,422.2,6937.68,2021-07-06,5465 Roth Way,credit card,pending
2167,9,731,19,486.46,4567.35,2022-11-11,1884 Katie Way,PayPal,delivered
2168,507,146,67,902.36,9212.17,2021-03-09,91 Carioca Street,PayPal,shipped
2169,300,58,84,202.18,619.9,2021-09-15,09705 Kinsman Avenue,Apple Pay,delivered
2170,914,169,18,581.19,9366.32,2022-01-31,5 Schurz Pass,credit card,processing
2171,521,668,11,657.63,3341.14,2020-09-02,29 Melody Park,credit card,pending
2172,729,651,32,582.82,5469.63,2022-02-03,460 Hovde Avenue,credit card,shipped
2173,840,522,90,915.81,4892.07,2021-10-07,7 Utah Plaza,credit card,delivered
2174,184,709,61,982.35,2690.67,2022-06-23,204 John Wall Place,Apple Pay,shipped
2175,435,231,60,400.59,5762.1,2021-12-19,41701 Brown Plaza,Apple Pay,pending
2176,523,14,94,394.0,1786.37,2020-09-28,89959 Sauthoff Way,PayPal,delivered
2177,490,302,87,495.48,5200.35,2021-03-13,1 Lindbergh Park,credit card,pending
2178,111,303,91,545.7,6732.39,2020-03-10,4258 Butternut Place,credit card,shipped
2179,605,23,95,771.51,7315.59,2021-01-19,92 Laurel Drive,Apple Pay,processing
2180,410,870,65,277.27,1553.12,2022-09-07,7867 Haas Junction,credit card,shipped
2181,851,534,100,356.47,3791.69,2021-05-04,0 Spohn Point,Apple Pay,pending
2182,439,318,76,791.95,2468.85,2022-05-07,6203 Blaine Circle,Apple Pay,delivered
2183,788,20,44,350.43,8728.69,2022-11-03,553 Reindahl Point,Apple Pay,processing
2184,216,68,25,689.89,5261.89,2022-02-02,98216 Jay Pass,PayPal,pending
2185,888,515,95,232.34,1504.6,2021-12-16,81528 Waxwing Junction,PayPal,processing
2186,231,545,98,725.52,2947.98,2020-07-30,3 Trailsway Point,Apple Pay,pending
2187,486,765,35,4.47,233.74,2022-08-21,651 Commercial Plaza,Apple Pay,processing
2188,526,610,89,986.65,5190.44,2021-08-20,6 Anhalt Court,PayPal,processing
2189,275,449,78,234.28,3597.46,2022-09-15,3002 Tomscot Point,credit card,pending
2190,804,887,17,19.25,3803.58,2021-10-08,4089 Anderson Street,credit card,delivered
2191,758,723,53,138.1,2209.96,2020-07-12,3 Meadow Vale Hill,PayPal,delivered
2192,483,671,32,60.53,3102.14,2021-11-26,816 Stang Parkway,Apple Pay,pending
2193,302,368,81,338.05,7398.73,2022-11-30,01159 Golden Leaf Pass,Apple Pay,pending
2194,140,970,70,906.58,7332.54,2021-09-20,11738 Westridge Parkway,credit card,shipped
2195,13,248,72,2.68,4976.99,2020-10-31,047 Division Junction,PayPal,processing
2196,910,472,80,315.38,2406.63,2020-06-15,5 Carpenter Trail,credit card,delivered
2197,606,272,80,300.09,7111.12,2021-07-18,712 Memorial Center,PayPal,delivered
2198,146,230,31,377.72,587.36,2021-11-02,2 Evergreen Trail,Apple Pay,processing
2199,948,323,51,788.83,8881.46,2022-09-05,6 Reindahl Court,PayPal,shipped
2200,624,277,63,271.33,5382.36,2022-03-10,52 Mariners Cove Avenue,PayPal,delivered
2201,694,540,81,702.02,738.11,2020-07-22,62 Troy Plaza,PayPal,pending
2202,586,10,44,771.05,7671.91,2022-08-31,861 Red Cloud Center,credit card,shipped
2203,276,541,64,814.37,784.16,2021-11-23,84 Mcguire Hill,credit card,delivered
2204,881,745,56,335.99,2626.41,2020-12-12,083 Arkansas Place,Apple Pay,processing
2205,587,563,56,190.78,8443.48,2021-01-19,73 Helena Parkway,Apple Pay,pending
2206,20,982,87,120.74,3310.39,2021-09-05,405 Claremont Junction,Apple Pay,processing
2207,941,38,20,406.85,7322.18,2020-09-17,29872 Sloan Street,PayPal,shipped
2208,869,738,13,584.92,1063.62,2022-11-01,89367 Carpenter Drive,credit card,pending
2209,619,807,4,575.93,992.96,2021-08-18,153 Onsgard Plaza,PayPal,pending
2210,568,891,81,39.9,3042.88,2021-02-26,1 Morning Hill,PayPal,processing
2211,281,907,89,149.05,270.49,2020-06-02,278 Forest Dale Drive,credit card,processing
2212,229,597,95,257.82,8634.95,2020-07-27,22027 Delaware Plaza,PayPal,pending
2213,728,532,18,464.8,4691.96,2020-08-21,350 Melvin Way,PayPal,pending
2214,114,81,85,507.09,619.82,2022-12-13,65 Menomonie Place,credit card,delivered
2215,877,772,32,400.11,7701.02,2022-12-20,66 Quincy Terrace,PayPal,pending
2216,791,276,14,761.57,7572.08,2020-12-22,82 Sachs Parkway,Apple Pay,delivered
2217,150,213,3,315.99,8319.1,2022-01-17,70 Grover Park,credit card,pending
2218,604,414,97,492.97,2642.63,2020-11-02,6179 Walton Way,Apple Pay,processing
2219,226,944,32,623.63,5928.48,2022-12-16,032 Steensland Center,credit card,pending
2220,458,275,8,222.64,6189.88,2022-06-11,5 East Street,PayPal,processing
2221,181,606,50,621.23,8820.84,2022-09-20,273 Iowa Trail,credit card,pending
2222,394,528,68,872.23,9135.48,2020-04-23,739 Troy Parkway,Apple Pay,shipped
2223,375,634,71,29.63,9160.23,2022-11-19,7 Dennis Plaza,PayPal,shipped
2224,119,125,6,290.29,5473.18,2022-04-05,731 Riverside Avenue,Apple Pay,shipped
2225,664,986,90,562.53,8432.5,2021-05-26,66 Fulton Junction,credit card,shipped
2226,741,109,1,570.27,308.38,2020-05-21,3349 Magdeline Point,PayPal,pending
2227,376,27,25,868.18,9536.3,2020-08-19,01 Browning Court,credit card,shipped
2228,995,365,91,935.06,977.1,2020-05-31,33234 Northwestern Avenue,credit card,processing
2229,91,466,46,115.9,851.96,2022-01-08,9 Kenwood Pass,PayPal,pending
2230,131,853,49,189.45,5301.4,2021-04-10,8368 Dexter Hill,credit card,shipped
2231,620,881,37,423.87,401.33,2020-08-10,21 1st Drive,PayPal,processing
2232,99,7,53,280.72,3459.43,2020-03-09,66 Melody Crossing,credit card,shipped
2233,789,32,2,701.04,8934.98,2021-08-09,7532 Hoard Pass,Apple Pay,processing
2234,445,713,91,34.92,1829.35,2020-07-01,52 Kensington Terrace,Apple Pay,shipped
2235,81,331,26,380.41,2283.32,2021-08-22,60 Fordem Avenue,PayPal,delivered
2236,152,238,91,278.17,7119.63,2022-01-20,613 Tennyson Plaza,PayPal,pending
2237,793,810,38,623.98,1913.88,2021-10-31,0182 Merchant Park,Apple Pay,processing
2238,360,744,38,987.23,9211.55,2021-05-30,57138 Milwaukee Junction,Apple Pay,processing
2239,70,458,96,548.98,5000.52,2022-11-21,1 Vera Crossing,PayPal,delivered
2240,102,361,79,279.3,8587.04,2020-03-29,44 Magdeline Street,Apple Pay,shipped
2241,407,33,87,919.93,1739.41,2021-11-18,50 Eliot Way,PayPal,processing
2242,544,224,12,777.34,119.13,2020-07-18,3 Oxford Terrace,Apple Pay,processing
2243,629,296,29,732.51,4968.43,2021-11-19,37856 Bartelt Hill,PayPal,shipped
2244,646,838,59,203.41,2506.82,2021-05-30,78 Iowa Terrace,credit card,pending
2245,357,586,14,294.69,2329.32,2022-08-01,411 Hanson Circle,credit card,delivered
2246,72,834,6,663.5,3735.59,2020-12-21,7078 Sachs Court,PayPal,shipped
2247,749,416,23,854.69,8619.59,2020-01-24,16432 Raven Place,PayPal,delivered
2248,293,162,94,72.52,2647.11,2020-02-01,70 Randy Way,credit card,processing
2249,980,915,7,662.72,9742.16,2022-12-03,5 Mendota Way,credit card,processing
2250,722,86,51,885.4,2179.07,2021-12-07,024 Eliot Drive,PayPal,pending
2251,947,376,55,213.9,8976.51,2022-01-23,02747 Crowley Way,PayPal,delivered
2252,765,427,45,526.6,8438.6,2020-07-14,05 Paget Avenue,Apple Pay,delivered
2253,833,341,77,636.37,9647.38,2022-07-07,59 Sutherland Lane,credit card,shipped
2254,974,847,19,452.13,4964.53,2022-10-09,73 Bunker Hill Park,Apple Pay,pending
2255,692,988,14,266.44,7671.58,2021-12-25,8424 Rieder Way,credit card,shipped
2256,953,392,5,68.25,81.07,2022-07-01,34796 Grayhawk Circle,credit card,pending
2257,232,941,13,190.02,3743.49,2021-04-12,8927 Duke Plaza,credit card,delivered
2258,454,394,47,274.24,6209.49,2020-03-09,492 Comanche Circle,Apple Pay,processing
2259,330,67,61,803.86,2314.13,2022-01-06,8 Southridge Terrace,PayPal,delivered
2260,389,759,96,126.27,8745.66,2020-10-07,83 Kropf Circle,Apple Pay,delivered
2261,906,261,96,686.13,8724.29,2021-04-04,0995 Dahle Plaza,Apple Pay,processing
2262,566,221,47,608.36,6539.45,2022-11-02,25415 Grasskamp Circle,credit card,delivered
2263,315,641,35,9.08,5337.86,2021-03-03,7 Burning Wood Avenue,Apple Pay,processing
2264,733,851,60,356.8,7811.17,2021-03-31,059 Toban Road,Apple Pay,processing
2265,7,904,14,38.67,612.47,2021-12-29,3652 Anthes Junction,Apple Pay,pending
2266,73,902,7,63.19,4987.84,2022-09-15,7564 Claremont Park,credit card,pending
2267,6,193,22,915.78,2088.9,2021-05-10,48 Mockingbird Place,Apple Pay,pending
2268,994,339,95,469.69,6494.69,2021-12-05,41 Autumn Leaf Trail,credit card,processing
2269,397,686,27,454.14,5404.69,2020-06-08,32419 Blaine Trail,Apple Pay,pending
2270,201,721,9,37.2,4665.29,2020-12-13,38 Russell Terrace,credit card,shipped
2271,313,928,74,959.97,4746.39,2020-04-12,90 Cody Way,PayPal,delivered
2272,710,550,48,908.66,2656.19,2022-10-03,365 Spaight Place,PayPal,delivered
2273,658,578,94,98.0,3055.76,2022-12-18,21249 Badeau Avenue,PayPal,processing
2274,499,951,65,66.67,4984.83,2022-06-04,9406 Dorton Hill,credit card,pending
2275,985,431,91,197.2,2965.44,2021-02-24,34 Montana Terrace,credit card,delivered
2276,210,112,39,798.01,7209.34,2020-03-09,50 Oakridge Crossing,PayPal,pending
2277,5,799,70,295.78,4053.33,2021-06-07,7799 Delaware Junction,PayPal,delivered
2278,907,77,19,598.89,6959.18,2022-05-26,28 Forest Run Center,credit card,processing
2279,79,876,15,17.76,9442.73,2022-01-09,83 Farragut Plaza,PayPal,processing
2280,308,997,80,728.55,9877.09,2022-09-08,85912 Eliot Drive,PayPal,shipped
2281,655,763,13,2.46,6763.5,2022-12-01,7781 Prairieview Parkway,PayPal,processing
2282,831,916,33,342.72,3219.04,2022-04-13,676 Hintze Center,Apple Pay,processing
2283,672,62,98,3.8,8952.99,2022-01-05,0315 Sunfield Way,PayPal,processing
2284,992,65,1,642.38,6141.58,2020-08-06,8763 South Park,Apple Pay,shipped
2285,443,97,62,774.49,7083.64,2022-05-05,118 Corscot Hill,credit card,pending
2286,899,734,95,685.59,1525.35,2021-03-23,68569 South Lane,Apple Pay,shipped
2287,829,794,9,447.01,9384.25,2020-04-06,036 Oriole Plaza,Apple Pay,shipped
2288,748,126,3,772.5,3758.55,2022-09-14,8 Northridge Alley,credit card,pending
2289,961,31,70,27.18,322.96,2022-08-15,2393 Kedzie Avenue,Apple Pay,shipped
2290,695,720,16,845.97,2844.04,2022-01-07,7108 La Follette Center,credit card,shipped
2291,61,901,1,432.73,8698.14,2021-08-26,7177 High Crossing Parkway,Apple Pay,processing
2292,56,844,59,356.98,21.81,2020-09-08,20 Blue Bill Park Way,PayPal,processing
2293,835,338,27,750.43,3702.21,2021-02-20,66 Spaight Alley,Apple Pay,pending
2294,946,860,95,152.58,3015.07,2022-12-17,1905 Sutteridge Terrace,PayPal,processing
2295,770,773,11,965.08,1398.94,2021-01-25,736 Rowland Junction,credit card,delivered
2296,641,82,95,916.77,4992.49,2020-05-01,5 Hallows Plaza,PayPal,delivered
2297,322,553,47,748.85,4091.29,2021-12-12,85853 Dovetail Junction,credit card,shipped
2298,128,129,93,777.68,8832.67,2021-05-22,83 Sachs Plaza,credit card,processing
2299,203,663,36,496.21,8113.07,2021-10-05,727 Jay Lane,credit card,shipped
2300,830,579,88,611.06,5430.28,2021-03-09,8 Walton Place,Apple Pay,pending
2301,904,329,47,92.89,6541.84,2022-10-24,52139 American Street,PayPal,delivered
2302,820,633,93,802.93,2816.31,2021-09-27,90759 Pine View Park,credit card,processing
2303,208,689,39,976.37,5474.16,2022-04-29,4454 Truax Hill,Apple Pay,pending
2304,969,598,77,167.46,9918.7,2022-06-21,4 Brentwood Junction,PayPal,delivered
2305,400,140,64,865.69,7468.04,2020-03-15,50 Hayes Center,PayPal,shipped
2306,934,955,50,154.32,7395.7,2022-05-23,0 Larry Plaza,PayPal,pending
2307,107,544,47,319.24,1270.28,2020-10-28,9 Hooker Way,PayPal,delivered
2308,422,6,86,404.92,1437.86,2022-01-10,52804 7th Road,Apple Pay,processing
2309,156,746,25,0.55,6222.52,2022-09-13,0 Corscot Plaza,Apple Pay,delivered
2310,790,555,67,943.49,3455.06,2020-08-07,9442 Buell Court,Apple Pay,delivered
2311,136,547,8,492.25,273.48,2021-05-31,13 Duke Point,PayPal,shipped
2312,151,227,56,863.65,6889.64,2022-08-02,95837 Corscot Parkway,PayPal,processing
2313,116,141,1,359.91,9327.42,2020-05-29,7 Monterey Parkway,credit card,processing
2314,88,742,21,536.56,7796.16,2021-01-17,80761 Reindahl Park,credit card,delivered
2315,373,965,11,491.26,2465.74,2020-05-07,9233 Loftsgordon Plaza,credit card,delivered
2316,933,489,97,335.74,9361.8,2020-02-25,7 Stoughton Road,Apple Pay,shipped
2317,979,1,89,732.45,9443.78,2022-02-12,5582 Springview Way,credit card,pending
2318,348,110,17,382.56,584.62,2021-05-03,00453 East Drive,Apple Pay,shipped
2319,446,733,19,362.09,5162.8,2020-09-09,65259 Northridge Place,credit card,processing
2320,903,477,37,934.06,3814.76,2020-01-24,45883 Sheridan Point,PayPal,pending
2321,708,319,72,558.34,3839.47,2020-09-28,40340 Merchant Hill,Apple Pay,delivered
2322,52,642,17,341.48,1908.06,2022-11-18,58 Meadow Valley Plaza,credit card,processing
2323,260,2,43,719.54,3620.16,2020-08-23,030 Roth Lane,credit card,delivered
2324,596,843,75,688.6,3322.36,2021-12-17,030 Melrose Junction,credit card,pending
2325,441,308,66,467.42,1925.65,2022-06-11,28236 Sauthoff Point,credit card,pending
2326,872,831,31,198.48,3282.74,2021-07-15,46840 Kings Road,credit card,shipped
2327,757,496,19,173.62,6164.83,2020-06-06,6217 Aberg Avenue,PayPal,pending
2328,559,249,34,156.12,9303.91,2021-05-04,52 Schlimgen Lane,Apple Pay,delivered
2329,158,118,80,54.51,5546.57,2021-03-25,8132 Superior Lane,Apple Pay,processing
2330,976,874,89,132.56,4706.6,2020-08-09,49 Kingsford Trail,credit card,pending
2331,451,63,42,533.38,1716.44,2022-04-28,938 Garrison Pass,Apple Pay,shipped
2332,370,145,56,306.22,929.63,2020-04-23,95226 Rockefeller Junction,credit card,shipped
2333,15,861,76,546.93,6391.79,2021-10-10,81211 Twin Pines Parkway,Apple Pay,processing
2334,399,527,81,748.08,1744.02,2022-04-28,9710 Heath Terrace,Apple Pay,delivered
2335,916,216,78,563.9,4318.61,2022-05-31,16 Truax Plaza,PayPal,shipped
2336,482,533,14,998.61,3159.77,2022-10-30,89185 Mallory Trail,Apple Pay,delivered
2337,337,122,18,896.96,5939.28,2020-11-19,8 Waywood Circle,PayPal,shipped
2338,516,48,59,830.71,1901.79,2020-01-03,27998 Dovetail Hill,Apple Pay,delivered
2339,169,158,69,207.42,3028.49,2022-11-04,3883 Express Pass,PayPal,delivered
2340,155,12,39,519.64,1197.04,2022-10-28,45 Milwaukee Street,PayPal,processing
2341,712,483,72,410.62,5200.14,2022-01-01,87 Myrtle Road,Apple Pay,delivered
2342,29,381,61,458.78,9896.91,2022-08-28,44658 Schlimgen Place,credit card,delivered
2343,542,9,78,351.06,8208.75,2022-03-03,09 Judy Center,PayPal,shipped
2344,942,176,95,232.69,8726.04,2021-10-30,109 Pawling Avenue,PayPal,shipped
2345,527,425,100,124.56,6112.41,2020-10-21,0 Hanson Alley,PayPal,pending
2346,548,286,100,590.68,4272.55,2020-04-06,5 Monica Avenue,PayPal,pending
2347,826,480,82,242.54,5252.86,2022-11-09,457 Veith Junction,Apple Pay,shipped
2348,167,913,14,791.79,394.96,2022-06-25,2980 Bartillon Street,PayPal,shipped
2349,810,626,54,307.88,7965.14,2021-07-24,5 Jenna Court,Apple Pay,pending
2350,561,185,24,131.22,9900.48,2021-11-23,1 Thackeray Road,credit card,delivered
2351,675,160,17,907.97,9253.73,2022-09-11,27 Darwin Parkway,credit card,pending
2352,145,435,44,750.62,4826.04,2022-09-12,3 Mendota Trail,credit card,processing
2353,676,862,95,240.4,6470.84,2022-05-17,73 Armistice Circle,credit card,pending
2354,77,124,71,884.47,1590.35,2022-06-22,0684 Cottonwood Street,PayPal,pending
2355,171,258,32,663.6,4644.98,2022-10-30,0 Buhler Way,credit card,pending
2356,108,583,46,963.1,1153.0,2020-05-07,81319 Autumn Leaf Trail,PayPal,delivered
2357,413,358,20,696.67,5136.49,2022-03-14,95783 Farmco Alley,credit card,delivered
2358,696,804,12,827.52,3987.98,2020-10-15,2 Dawn Trail,credit card,pending
2359,423,49,84,704.9,5463.26,2022-03-07,53 Warrior Alley,PayPal,pending
2360,856,629,80,869.48,9221.66,2020-03-15,33103 Heffernan Junction,PayPal,pending
2361,225,80,70,673.45,9816.23,2020-02-18,9 Tennessee Crossing,PayPal,processing
2362,294,322,11,572.17,518.25,2021-03-27,8 Transport Street,PayPal,shipped
2363,416,605,83,350.3,766.76,2020-07-25,9 Ludington Junction,PayPal,pending
2364,453,684,39,327.36,3953.34,2020-03-10,696 Vahlen Plaza,PayPal,processing
2365,386,593,36,43.44,3196.61,2021-03-26,5 South Center,credit card,delivered
2366,474,122,89,659.64,1974.57,2020-08-16,011 Algoma Hill,PayPal,shipped
2367,677,611,36,15.01,7381.22,2020-07-17,1 Debs Street,Apple Pay,shipped
2368,152,406,79,177.41,9731.43,2020-10-02,85 Park Meadow Trail,credit card,pending
2369,693,975,9,360.94,297.19,2021-06-11,333 Norway Maple Lane,credit card,processing
2370,274,62,29,276.67,3544.88,2022-12-03,31 Hoffman Avenue,credit card,shipped
2371,843,443,100,81.25,2815.89,2020-02-07,40 Esker Crossing,Apple Pay,pending
2372,421,11,28,969.12,4083.24,2020-12-11,9 Wayridge Center,Apple Pay,pending
2373,84,735,76,505.44,6723.59,2022-02-08,2 4th Parkway,PayPal,pending
2374,145,266,61,835.11,9988.62,2021-01-12,1 Esker Point,credit card,processing
2375,838,940,44,150.83,5590.25,2020-12-26,14800 Cambridge Road,Apple Pay,shipped
2376,786,726,57,130.23,6660.54,2020-07-18,34 Declaration Parkway,credit card,pending
2377,635,707,25,761.86,7164.0,2020-11-30,520 Elka Circle,credit card,processing
2378,731,965,28,364.08,9551.66,2021-05-18,6195 Havey Pass,Apple Pay,pending
2379,14,193,20,867.31,5552.5,2021-11-19,5993 Reindahl Street,Apple Pay,processing
2380,159,395,87,739.25,7520.75,2022-02-23,38626 Glacier Hill Hill,Apple Pay,processing
2381,214,893,50,57.9,2290.8,2020-11-03,183 Brentwood Center,PayPal,shipped
2382,835,749,69,360.67,6657.17,2020-11-02,9543 Blackbird Plaza,Apple Pay,delivered
2383,621,910,10,272.47,5285.54,2021-03-06,4515 Kim Avenue,Apple Pay,delivered
2384,782,2,41,754.11,2209.02,2022-11-30,2314 Oxford Court,Apple Pay,pending
2385,204,201,8,544.32,8110.11,2022-02-01,953 Oneill Center,credit card,shipped
2386,210,728,21,705.73,7658.77,2020-01-24,00032 Buena Vista Center,credit card,pending
2387,345,516,58,621.84,3563.1,2022-10-20,84355 Southridge Trail,PayPal,processing
2388,767,861,60,549.11,3292.68,2021-06-15,8 Harper Road,credit card,pending
2389,914,303,88,804.42,9819.36,2020-05-10,9 Bartelt Drive,credit card,shipped
2390,683,256,67,782.56,8792.34,2022-11-27,2218 South Drive,credit card,pending
2391,221,217,12,103.68,112.93,2020-11-30,0494 Dapin Street,Apple Pay,pending
2392,11,529,73,651.92,7727.95,2021-02-21,9335 Birchwood Plaza,credit card,processing
2393,434,47,2,4.48,5513.2,2022-04-07,4 Arrowood Park,Apple Pay,pending
2394,737,607,4,259.67,1617.1,2022-03-17,6 Golf Course Drive,Apple Pay,delivered
2395,739,44,7,554.08,1028.64,2020-09-08,85951 Parkside Place,PayPal,shipped
2396,657,214,85,820.68,3621.59,2021-02-09,2 Hintze Place,PayPal,pending
2397,502,758,18,649.4,1452.34,2020-05-06,916 Springview Alley,Apple Pay,processing
2398,85,126,17,19.68,1113.8,2022-07-22,2 Cascade Plaza,Apple Pay,delivered
2399,111,788,28,391.29,926.29,2020-04-28,6971 Division Street,PayPal,shipped
2400,598,63,69,499.64,2912.13,2020-07-08,8086 Kedzie Terrace,PayPal,shipped
2401,959,678,75,118.64,6215.61,2022-07-24,164 Nova Circle,Apple Pay,shipped
2402,277,238,23,383.65,3064.5,2020-12-05,548 Lighthouse Bay Terrace,credit card,pending
2403,5,9,12,882.27,1122.32,2022-08-22,4 Harbort Circle,Apple Pay,delivered
2404,899,917,31,403.73,1126.46,2022-10-19,7244 Novick Terrace,credit card,pending
2405,531,634,54,260.8,8151.42,2020-06-21,56974 Briar Crest Trail,PayPal,delivered
2406,199,324,28,216.33,7560.29,2020-01-22,5749 Dahle Crossing,Apple Pay,processing
2407,544,702,86,911.8,6836.87,2021-09-26,6381 Tomscot Alley,credit card,pending
2408,320,274,34,750.45,557.52,2020-04-25,39985 Mosinee Parkway,Apple Pay,shipped
2409,789,729,2,848.52,8557.84,2020-02-29,70472 Ludington Park,Apple Pay,pending
2410,443,805,78,556.56,5443.77,2020-10-03,104 Kipling Way,PayPal,pending
2411,662,603,42,504.05,8315.48,2020-09-03,8 Arkansas Crossing,Apple Pay,delivered
2412,919,573,37,939.72,4008.08,2021-06-24,80894 Jenifer Way,PayPal,processing
2413,299,824,95,206.31,6531.92,2022-12-26,84 Nevada Pass,PayPal,pending
2414,610,812,80,546.4,5584.56,2020-01-27,6527 Burning Wood Court,Apple Pay,processing
2415,712,907,77,663.68,867.3,2021-03-15,275 Lake View Trail,PayPal,delivered
2416,873,523,25,701.94,1870.86,2021-11-22,64 Melrose Terrace,PayPal,processing
2417,140,118,90,882.57,5255.74,2020-08-29,349 Little Fleur Place,PayPal,pending
2418,313,632,2,800.12,2948.86,2022-10-22,5043 John Wall Trail,credit card,processing
2419,818,706,30,52.95,4388.62,2021-08-13,4 Kings Alley,PayPal,pending
2420,776,106,20,425.06,8684.03,2020-01-14,769 Towne Drive,PayPal,pending
2421,375,440,68,601.42,2278.4,2020-04-18,601 Bonner Point,PayPal,delivered
2422,225,224,1,260.46,2698.36,2022-06-12,4837 Brown Court,PayPal,processing
2423,996,64,61,896.06,4651.78,2020-12-18,1 Tennessee Junction,credit card,pending
2424,641,24,11,86.08,6449.21,2022-10-13,925 Boyd Drive,Apple Pay,shipped
2425,607,403,92,605.65,5907.66,2022-02-18,2064 Sage Court,credit card,delivered
2426,39,226,47,369.1,1015.58,2022-09-06,0228 Dahle Road,PayPal,delivered
2427,426,915,1,941.26,1716.57,2021-09-15,326 Hagan Terrace,credit card,processing
2428,923,27,16,19.2,7468.74,2020-11-23,831 Dennis Street,credit card,processing
2429,716,885,74,799.51,7375.66,2022-05-02,94 Havey Alley,PayPal,shipped
2430,208,264,35,939.68,8274.1,2021-03-29,52285 Lake View Way,PayPal,pending
2431,951,152,27,853.24,5498.39,2020-11-07,172 Nevada Drive,PayPal,delivered
2432,420,365,34,88.6,4002.46,2022-07-16,065 Mockingbird Crossing,Apple Pay,processing
2433,664,869,80,883.64,9994.99,2022-08-06,5 Mendota Circle,credit card,pending
2434,346,163,62,277.33,6596.37,2020-12-18,6395 Fieldstone Parkway,PayPal,shipped
2435,413,357,75,371.84,6773.9,2022-10-20,4203 Oak Valley Parkway,Apple Pay,shipped
2436,234,825,78,679.34,6844.37,2020-08-15,50 Judy Circle,credit card,processing
2437,994,638,77,892.42,4680.11,2022-12-23,8978 Oakridge Drive,Apple Pay,processing
2438,742,952,75,833.73,3392.22,2021-03-04,60 Hudson Park,Apple Pay,pending
2439,624,75,92,169.54,2187.34,2021-10-02,5809 Marquette Point,credit card,pending
2440,184,479,94,216.71,3399.82,2021-09-16,48651 Sundown Pass,PayPal,delivered
2441,681,131,69,836.05,1486.41,2021-09-12,4 Menomonie Circle,PayPal,pending
2442,991,157,71,109.77,7680.64,2020-04-07,903 Chinook Street,PayPal,processing
2443,968,230,33,518.42,3844.27,2021-02-12,98 Forest Run Circle,PayPal,delivered
2444,665,891,36,429.99,2272.98,2022-02-15,8 Center Plaza,Apple Pay,shipped
2445,167,920,64,958.3,7879.44,2020-03-06,54049 Haas Hill,PayPal,delivered
2446,927,561,30,967.88,2914.2,2021-06-12,451 Coolidge Court,PayPal,shipped
2447,548,104,11,404.22,9326.71,2021-10-05,25571 Union Avenue,PayPal,processing
2448,318,769,79,319.55,1330.93,2020-06-17,41 Lunder Crossing,PayPal,processing
2449,958,670,88,975.28,442.17,2020-11-27,2 Buhler Court,PayPal,pending
2450,539,31,98,856.34,7138.51,2020-07-04,43 Mesta Park,Apple Pay,pending
2451,149,624,83,229.47,2061.18,2021-02-06,67 Menomonie Crossing,Apple Pay,shipped
2452,887,254,32,680.93,5390.93,2022-12-04,15375 Anthes Parkway,Apple Pay,delivered
2453,912,310,44,666.36,8713.72,2020-01-23,533 Valley Edge Plaza,credit card,pending
2454,666,848,87,794.95,5141.38,2022-05-31,85174 Marcy Place,Apple Pay,delivered
2455,911,648,92,333.43,6047.28,2020-03-18,23695 Orin Pass,PayPal,delivered
2456,498,818,100,344.62,7933.63,2021-10-03,67895 Schmedeman Road,credit card,shipped
2457,195,787,8,547.4,3568.27,2020-04-02,4 Hooker Alley,credit card,shipped
2458,756,246,82,167.18,7813.95,2022-12-11,250 Nova Road,PayPal,pending
2459,59,828,57,225.83,6472.99,2021-03-15,7285 Southridge Alley,Apple Pay,pending
2460,162,455,3,722.88,4041.38,2021-03-22,4 Shopko Court,PayPal,pending
2461,205,639,64,854.53,1861.51,2021-03-07,71293 Lighthouse Bay Parkway,PayPal,delivered
2462,174,781,79,177.33,8941.46,2020-05-12,31862 Sunnyside Alley,Apple Pay,delivered
2463,623,562,72,378.72,4495.93,2021-06-21,430 Leroy Circle,Apple Pay,shipped
2464,572,476,91,742.38,6642.05,2022-12-09,1 Rutledge Point,credit card,delivered
2465,196,559,16,64.99,1744.77,2020-07-05,1 Washington Park,PayPal,shipped
2466,884,288,40,538.9,1535.89,2021-11-17,35 Mcguire Plaza,Apple Pay,processing
2467,209,552,68,131.52,492.79,2020-06-20,7 Ludington Trail,Apple Pay,shipped
2468,620,677,90,984.48,7221.36,2021-12-16,8272 Homewood Center,PayPal,pending
2469,565,219,18,756.04,8434.92,2021-07-18,157 Fairfield Alley,credit card,delivered
2470,298,362,18,959.19,1963.63,2020-07-31,66 Quincy Alley,credit card,shipped
2471,355,534,29,234.76,2787.19,2021-09-25,720 Cody Park,Apple Pay,pending
2472,938,178,68,504.35,5608.96,2022-05-13,6195 Manufacturers Alley,credit card,pending
2473,269,485,65,65.4,1024.11,2021-04-26,381 Spaight Plaza,credit card,shipped
2474,227,695,25,555.38,717.78,2022-12-17,686 Montana Circle,Apple Pay,pending
2475,105,391,21,218.13,7340.18,2022-04-06,46511 8th Alley,Apple Pay,shipped
2476,700,314,43,695.13,1012.15,2021-12-17,29803 Mockingbird Place,PayPal,pending
2477,672,740,44,45.53,7993.78,2021-03-15,64386 Florence Avenue,Apple Pay,processing
2478,882,585,8,709.4,2928.93,2020-05-13,92092 Sloan Plaza,Apple Pay,delivered
2479,879,600,41,377.61,9328.91,2022-07-26,84 Mesta Plaza,Apple Pay,processing
2480,632,167,80,966.62,3471.92,2021-05-23,7 5th Circle,PayPal,processing
2481,726,418,91,866.98,4200.21,2022-03-11,7557 Karstens Way,Apple Pay,pending
2482,925,372,100,338.37,138.0,2020-04-21,7325 Brown Avenue,PayPal,pending
2483,978,467,96,947.35,5044.13,2022-09-08,469 Independence Crossing,PayPal,pending
2484,23,605,89,744.94,4478.41,2021-02-20,0 Moose Street,credit card,delivered
2485,56,734,72,892.46,6912.7,2020-04-24,34773 Lukken Lane,PayPal,shipped
2486,904,138,64,58.37,9403.6,2021-07-06,85 Schmedeman Street,PayPal,pending
2487,75,676,1,477.19,7718.87,2020-11-10,4 Butternut Point,credit card,delivered
2488,573,361,96,525.03,7964.56,2022-08-03,79736 Eggendart Center,Apple Pay,pending
2489,407,73,72,864.81,7036.95,2022-02-05,97522 American Way,credit card,processing
2490,3,580,6,914.4,9145.15,2021-02-20,54 Colorado Point,Apple Pay,processing
2491,659,354,4,770.1,3563.78,2022-11-09,38540 Coolidge Circle,Apple Pay,processing
2492,325,387,30,965.78,9198.64,2020-02-27,7735 Glacier Hill Junction,Apple Pay,shipped
2493,250,497,30,757.0,3948.78,2021-11-02,06 Bartillon Park,PayPal,shipped
2494,823,892,84,780.41,4800.88,2022-03-15,99 Eagan Junction,credit card,pending
2495,834,875,41,276.09,6691.17,2020-12-24,943 Old Shore Way,credit card,delivered
2496,770,452,75,364.23,8939.24,2020-01-06,1764 Rowland Center,PayPal,processing
2497,136,533,57,76.65,6458.54,2020-03-31,4536 Kropf Lane,PayPal,delivered
2498,440,860,95,617.23,138.1,2021-11-05,5 Straubel Circle,PayPal,processing
2499,374,596,47,926.04,7902.28,2020-03-11,0050 Caliangt Park,credit card,pending
2500,856,587,20,644.82,2502.0,2020-08-05,432 Milwaukee Plaza,PayPal,pending
2501,918,850,17,986.06,153.81,2021-12-04,17 Huxley Park,credit card,processing
2502,952,723,75,888.18,6497.49,2020-01-03,4562 Columbus Trail,credit card,shipped
2503,633,326,13,305.01,5400.68,2021-09-02,237 Continental Place,PayPal,shipped
2504,910,297,56,594.63,4673.47,2021-11-15,729 Truax Pass,PayPal,delivered
2505,442,968,64,297.52,9029.97,2022-07-27,711 East Court,Apple Pay,delivered
2506,268,628,12,714.41,3712.37,2022-05-02,02607 Porter Plaza,credit card,delivered
2507,642,22,13,108.04,9787.24,2020-12-04,1156 Shelley Way,PayPal,processing
2508,637,683,41,291.11,3728.91,2022-04-23,25 Maple Parkway,credit card,delivered
2509,212,737,20,153.61,850.07,2020-07-25,9 Cascade Drive,Apple Pay,processing
2510,348,355,4,457.56,6859.35,2022-09-25,954 Crescent Oaks Pass,PayPal,delivered
2511,175,759,80,460.33,2713.36,2020-03-19,6600 Mayfield Place,credit card,shipped
2512,477,953,37,660.68,7094.26,2021-07-20,532 Sundown Circle,PayPal,delivered
2513,224,969,41,593.06,4769.44,2022-07-31,04438 Dryden Hill,Apple Pay,shipped
2514,998,211,65,194.45,3978.7,2022-04-01,607 Carey Terrace,credit card,delivered
2515,722,542,54,902.28,9671.5,2021-03-17,8 Kropf Parkway,Apple Pay,shipped
2516,695,344,40,423.5,938.11,2021-01-23,15 Declaration Place,Apple Pay,delivered
2517,323,725,17,368.89,8078.41,2020-09-18,2029 3rd Street,PayPal,delivered
2518,244,990,76,879.37,8588.95,2020-10-21,50583 Barby Place,PayPal,processing
2519,966,210,2,570.69,2664.07,2020-02-28,1199 Autumn Leaf Hill,PayPal,delivered
2520,765,566,5,539.71,6391.05,2021-08-08,4 Fordem Lane,Apple Pay,delivered
2521,590,507,68,64.81,7486.29,2021-07-08,19 Montana Lane,Apple Pay,pending
2522,753,42,84,59.97,9935.13,2022-01-12,6 Claremont Parkway,credit card,pending
2523,717,713,96,471.15,2395.99,2021-06-05,76 Cordelia Trail,Apple Pay,delivered
2524,784,411,68,96.19,8558.67,2020-03-20,40 Starling Point,PayPal,delivered
2525,584,183,85,697.58,3166.43,2021-03-19,3 Melvin Place,PayPal,shipped
2526,836,798,99,154.46,8964.19,2021-07-20,28 Lakeland Park,PayPal,delivered
2527,628,883,23,521.87,438.51,2020-06-29,489 Victoria Drive,PayPal,shipped
2528,977,423,47,346.62,3405.97,2022-07-15,278 8th Road,Apple Pay,processing
2529,247,796,20,622.71,313.65,2022-11-22,93209 Village Green Drive,Apple Pay,processing
2530,832,18,94,153.25,6441.74,2022-02-26,69341 Huxley Circle,credit card,delivered
2531,596,876,21,229.85,3768.43,2020-12-02,9 Florence Road,Apple Pay,pending
2532,80,609,47,660.16,6960.57,2020-09-14,16251 Hayes Drive,PayPal,shipped
2533,379,674,92,617.27,7018.33,2020-05-08,8162 Toban Park,Apple Pay,shipped
2534,748,173,7,777.29,6666.05,2021-04-06,282 Fieldstone Pass,credit card,delivered
2535,599,709,2,877.51,6402.75,2020-01-04,9 Sherman Court,credit card,delivered
2536,183,851,3,245.17,6828.67,2020-10-06,1 Dwight Parkway,credit card,shipped
2537,768,236,31,932.65,4361.46,2022-11-03,02688 Sundown Plaza,credit card,delivered
2538,669,938,51,23.71,5579.47,2020-06-19,7800 Farmco Drive,Apple Pay,delivered
2539,981,120,11,670.86,9731.67,2021-01-12,07 Marquette Parkway,PayPal,pending
2540,715,294,60,365.95,9448.88,2021-07-03,4004 Stoughton Court,Apple Pay,pending
2541,380,981,46,32.19,823.08,2021-02-05,2378 Boyd Drive,credit card,processing
2542,808,409,39,402.79,8098.13,2021-06-17,3 Bellgrove Terrace,Apple Pay,delivered
2543,663,346,40,653.63,6401.53,2022-03-07,760 Schurz Parkway,credit card,delivered
2544,409,575,4,938.61,3762.43,2020-11-04,15962 Hazelcrest Place,Apple Pay,processing
2545,446,262,59,411.01,7516.81,2020-08-29,3 Grayhawk Center,PayPal,delivered
2546,891,412,15,355.23,7769.41,2020-02-11,0 Crescent Oaks Road,credit card,processing
2547,862,50,71,282.16,1066.83,2021-06-24,8407 American Ash Plaza,Apple Pay,processing
2548,30,374,96,529.6,4291.72,2020-10-03,7860 Knutson Way,Apple Pay,pending
2549,406,928,89,650.5,2942.85,2022-02-19,04359 Kennedy Plaza,credit card,shipped
2550,653,80,15,419.79,6368.75,2021-01-30,6418 Pond Terrace,PayPal,shipped
2551,231,761,49,200.2,894.94,2022-01-14,04 Daystar Road,credit card,shipped
2552,441,508,85,936.08,8261.43,2021-11-05,6 4th Center,PayPal,shipped
2553,585,909,57,448.54,9743.23,2021-01-15,37796 Delaware Parkway,PayPal,delivered
2554,282,856,39,423.73,9143.91,2022-11-20,1610 Stone Corner Way,Apple Pay,delivered
2555,807,434,20,59.88,386.37,2021-03-08,558 Truax Parkway,Apple Pay,delivered
2556,264,136,50,678.45,9140.91,2020-10-04,33515 Clemons Court,Apple Pay,processing
2557,815,985,55,61.52,145.79,2021-07-30,552 Johnson Center,Apple Pay,shipped
2558,997,945,6,692.64,5992.05,2022-07-18,51 Messerschmidt Road,PayPal,processing
2559,315,515,3,825.22,9145.84,2022-02-10,50 Lakewood Gardens Parkway,credit card,processing
2560,165,54,75,741.64,9201.6,2020-09-20,0 Linden Pass,Apple Pay,delivered
2561,89,991,86,105.72,4831.19,2021-03-18,36323 Moose Plaza,credit card,delivered
2562,674,568,14,487.79,5474.95,2020-12-25,2 Summerview Hill,PayPal,pending
2563,909,960,99,79.08,2732.79,2020-08-09,88 Harper Court,PayPal,shipped
2564,356,222,41,243.56,7599.56,2022-12-09,6081 Lake View Place,credit card,processing
2565,91,696,62,454.1,1463.5,2022-12-02,0808 Fisk Road,Apple Pay,processing
2566,324,804,39,58.24,6558.93,2020-02-18,6483 Spohn Trail,credit card,shipped
2567,249,237,18,777.74,7876.17,2020-03-24,0 Center Drive,PayPal,shipped
2568,967,251,51,360.98,4497.63,2021-05-30,679 Eagan Center,PayPal,shipped
2569,631,691,98,63.28,4805.12,2020-05-25,5 Granby Crossing,PayPal,pending
2570,760,489,34,695.91,2189.11,2022-09-13,224 Pepper Wood Terrace,PayPal,shipped
2571,473,49,39,335.89,7984.47,2022-01-09,6 Norway Maple Lane,Apple Pay,pending
2572,134,802,68,937.37,7492.62,2021-06-19,03311 Rieder Park,Apple Pay,processing
2573,37,88,59,179.95,5156.61,2020-05-31,80 Tony Pass,PayPal,delivered
2574,915,93,96,518.08,1584.81,2021-12-13,6 Fuller Drive,credit card,delivered
2575,845,428,43,437.53,7152.62,2022-09-28,04 Summit Court,Apple Pay,processing
2576,730,765,9,199.4,3079.83,2020-12-05,6 Annamark Way,credit card,shipped
2577,319,716,32,413.76,2028.95,2022-02-15,55 Nova Lane,credit card,pending
2578,81,330,42,239.84,8456.55,2020-03-12,16 Hintze Alley,Apple Pay,pending
2579,322,766,13,785.87,4647.94,2020-10-18,58 Marquette Alley,credit card,shipped
2580,810,719,12,4.02,8574.73,2021-03-05,644 Northport Hill,credit card,processing
2581,241,153,53,17.88,777.78,2021-01-07,57083 Northridge Avenue,Apple Pay,processing
2582,357,929,86,77.79,8546.87,2021-01-17,62 Ramsey Trail,Apple Pay,pending
2583,154,446,89,850.25,6435.4,2022-02-20,58 Hovde Alley,PayPal,pending
2584,228,647,11,824.82,2469.36,2020-10-20,8554 Mendota Drive,credit card,pending
2585,55,375,81,229.99,512.32,2020-08-11,2505 Caliangt Pass,PayPal,shipped
2586,493,693,45,21.84,2210.96,2022-05-02,9550 Northfield Park,Apple Pay,pending
2587,727,614,16,920.77,7096.59,2020-01-25,8684 Norway Maple Road,credit card,processing
2588,144,155,61,529.2,9107.87,2021-04-26,9295 Park Meadow Circle,Apple Pay,delivered
2589,306,359,82,753.15,4677.39,2022-01-27,9 Pawling Court,PayPal,processing
2590,40,190,69,494.0,6556.93,2022-11-23,30588 Rowland Parkway,credit card,delivered
2591,806,886,19,476.16,7696.38,2022-10-16,76213 Hoepker Trail,PayPal,processing
2592,821,736,59,194.67,4342.64,2020-09-25,705 Gale Plaza,credit card,delivered
2593,172,673,65,798.2,2178.23,2022-06-29,74 4th Court,credit card,processing
2594,589,866,84,212.7,6049.47,2020-05-16,33184 Menomonie Trail,PayPal,pending
2595,936,218,60,680.26,8583.69,2020-06-13,62 Carey Place,credit card,processing
2596,350,954,4,96.3,6314.32,2021-09-04,39788 Melvin Crossing,PayPal,delivered
2597,788,795,81,230.07,383.07,2022-09-27,03018 Washington Hill,Apple Pay,pending
2598,908,431,9,13.59,6275.35,2020-05-15,186 Dixon Way,PayPal,delivered
2599,109,261,73,924.39,3149.91,2020-05-27,5284 Larry Point,PayPal,shipped
2600,157,108,76,960.86,5141.88,2020-07-04,61 Longview Way,PayPal,delivered
2601,258,494,47,455.09,656.05,2021-12-29,4 Anthes Place,Apple Pay,delivered
2602,382,590,56,817.11,655.0,2020-02-13,9600 Hansons Plaza,PayPal,processing
2603,352,270,61,434.36,3307.9,2020-02-07,16301 Upham Road,Apple Pay,processing
2604,103,710,23,210.42,1859.5,2021-12-27,284 Warrior Alley,credit card,pending
2605,99,410,46,524.82,3102.75,2021-04-03,52 Huxley Crossing,credit card,delivered
2606,334,57,75,387.14,1124.97,2022-09-02,1 Prairieview Hill,credit card,shipped
2607,865,378,76,274.69,1921.32,2021-03-28,4623 Rowland Pass,Apple Pay,processing
2608,890,250,18,476.3,4972.51,2021-01-25,10 Cottonwood Junction,Apple Pay,processing
2609,574,574,95,757.86,9881.59,2021-04-15,301 Oakridge Street,PayPal,shipped
2610,982,253,77,270.76,653.31,2020-07-12,8 Mcbride Plaza,Apple Pay,processing
2611,513,231,72,520.51,8774.71,2021-10-23,0137 Laurel Pass,PayPal,processing
2612,213,650,70,942.78,12.36,2020-07-09,710 Namekagon Plaza,Apple Pay,shipped
2613,896,597,32,263.51,9427.87,2022-01-01,587 Commercial Alley,credit card,shipped
2614,625,129,21,315.76,9475.86,2020-10-13,482 Leroy Road,credit card,shipped
2615,839,506,6,657.02,8177.84,2021-03-03,7469 Gale Court,credit card,shipped
2616,644,517,59,905.38,9166.17,2020-02-18,9359 Forest Pass,credit card,processing
2617,922,826,23,751.82,4901.83,2020-11-12,584 Utah Park,PayPal,processing
2618,263,295,41,846.47,2401.25,2020-05-09,1547 Golden Leaf Hill,credit card,shipped
2619,803,658,28,971.89,8120.83,2022-05-18,4144 Sullivan Plaza,Apple Pay,shipped
2620,102,553,3,79.06,8613.36,2020-07-02,74 Mcbride Hill,PayPal,processing
2621,344,308,64,237.96,6946.02,2022-11-29,6175 Village Green Place,PayPal,processing
2622,564,904,31,558.98,4977.55,2022-08-04,2382 Thackeray Crossing,PayPal,shipped
2623,888,369,65,518.1,2924.91,2020-08-26,3791 North Circle,PayPal,processing
2624,831,633,87,749.16,3297.36,2020-05-19,9477 Victoria Trail,credit card,shipped
2625,206,983,73,179.76,5036.41,2021-06-09,3 Thierer Parkway,Apple Pay,shipped
2626,687,602,67,589.44,2717.17,2020-09-15,14547 Waxwing Circle,credit card,shipped
2627,182,248,43,548.9,927.21,2020-06-02,78578 Sunnyside Pass,credit card,pending
2628,725,6,99,862.53,9806.53,2020-11-13,1 Glacier Hill Way,PayPal,processing
2629,429,631,62,957.64,8360.07,2022-03-29,872 Goodland Hill,credit card,delivered
2630,734,592,44,553.54,2017.0,2020-07-13,98932 Moose Crossing,Apple Pay,processing
2631,363,626,12,749.92,6018.98,2022-11-19,317 Vahlen Drive,Apple Pay,pending
2632,83,927,45,580.75,1881.14,2021-04-30,58 Hintze Junction,Apple Pay,shipped
2633,901,259,77,415.25,4987.05,2021-11-30,00074 New Castle Crossing,Apple Pay,pending
2634,704,743,77,676.93,5180.28,2020-03-13,36541 Dexter Court,PayPal,processing
2635,460,862,10,685.28,6229.07,2021-11-26,2900 Utah Alley,credit card,pending
2636,557,686,93,495.2,856.61,2020-02-14,36086 Vera Center,Apple Pay,shipped
2637,337,293,48,754.17,856.68,2021-09-30,3634 Lakewood Street,Apple Pay,shipped
2638,73,444,54,403.0,2260.21,2021-05-21,32 Crescent Oaks Trail,PayPal,shipped
2639,193,880,85,656.66,969.89,2021-04-29,9 Mandrake Crossing,PayPal,shipped
2640,701,287,20,770.78,973.97,2020-08-17,45 Clarendon Terrace,PayPal,shipped
2641,82,834,77,378.66,1051.74,2021-04-14,2865 Saint Paul Circle,PayPal,pending
2642,522,688,72,747.92,823.57,2022-07-24,88 Orin Park,PayPal,delivered
2643,481,521,1,768.49,2704.71,2021-08-10,05536 Hayes Hill,credit card,delivered
2644,170,877,45,21.84,7338.13,2020-01-07,283 Miller Trail,PayPal,delivered
2645,515,689,83,399.29,5766.34,2021-05-23,4220 Buena Vista Lane,PayPal,delivered
2646,491,715,85,626.43,6681.41,2022-09-02,780 Bayside Pass,PayPal,pending
2647,25,531,25,708.87,9182.59,2022-12-21,218 Atwood Circle,Apple Pay,pending
2648,62,48,64,396.55,7757.82,2021-04-02,8 Claremont Trail,credit card,processing
2649,444,40,68,781.94,2178.49,2022-08-18,37509 Pawling Trail,credit card,processing
2650,993,184,14,609.95,1523.97,2021-06-29,9511 Luster Junction,Apple Pay,delivered
2651,759,185,82,610.64,3042.14,2020-04-23,9202 Schurz Junction,PayPal,delivered
2652,26,532,33,640.18,8572.07,2021-11-14,67729 Morning Circle,PayPal,shipped
2653,1000,651,69,298.87,4670.93,2021-10-14,667 Dayton Crossing,PayPal,shipped
2654,629,168,71,958.58,9762.29,2022-09-09,8 Sutteridge Lane,Apple Pay,shipped
2655,800,588,60,10.4,4549.74,2022-09-10,82 Crowley Drive,PayPal,shipped
2656,520,376,50,180.8,8266.67,2021-12-17,74135 Fisk Circle,Apple Pay,processing
2657,995,123,17,705.02,5776.54,2021-10-01,05 Green Road,credit card,pending
2658,697,793,7,962.08,6033.25,2021-06-07,955 Corscot Place,PayPal,pending
2659,692,873,67,274.66,1832.94,2020-10-23,349 Barnett Lane,PayPal,pending
2660,259,495,12,22.69,2538.6,2020-06-04,9 Maywood Way,PayPal,shipped
2661,163,919,39,858.99,4135.78,2022-06-09,94763 American Parkway,PayPal,shipped
2662,655,137,52,482.53,991.99,2021-05-28,002 Hoepker Place,credit card,processing
2663,266,100,71,922.9,3762.66,2020-03-01,0035 Sunnyside Alley,Apple Pay,shipped
2664,222,472,93,148.63,3347.08,2022-07-05,021 Rutledge Terrace,Apple Pay,processing
2665,864,79,51,613.46,3102.76,2020-05-21,9 Crescent Oaks Court,credit card,delivered
2666,400,55,10,140.63,6243.18,2021-09-27,48 Kipling Crossing,credit card,delivered
2667,805,913,57,332.49,735.98,2021-05-24,05040 Old Gate Place,Apple Pay,pending
2668,24,399,8,344.39,7346.06,2021-06-10,5 Loomis Place,credit card,shipped
2669,524,973,97,895.9,3702.02,2022-02-22,87186 Beilfuss Drive,credit card,shipped
2670,125,175,42,583.85,874.3,2022-11-01,1 Meadow Vale Way,credit card,pending
2671,449,377,64,536.25,7827.93,2021-02-13,754 Loftsgordon Lane,Apple Pay,shipped
2672,61,109,39,806.88,9361.66,2021-05-08,54 Elka Junction,PayPal,pending
2673,885,621,26,293.97,4422.71,2021-04-03,157 Bonner Road,Apple Pay,shipped
2674,935,127,1,359.38,4038.2,2020-10-01,7 Messerschmidt Circle,credit card,shipped
2675,804,971,52,600.66,7111.98,2020-11-11,41 Badeau Avenue,credit card,shipped
2676,36,352,98,430.16,8127.23,2022-04-27,58902 Veith Junction,PayPal,pending
2677,970,291,71,781.73,486.37,2021-05-14,5 Susan Way,Apple Pay,shipped
2678,130,899,69,311.65,5806.04,2022-12-10,02601 Hazelcrest Circle,PayPal,delivered
2679,485,730,6,145.07,4340.3,2021-06-10,028 Judy Plaza,Apple Pay,delivered
2680,217,615,16,884.62,3809.12,2020-07-31,77019 Prairieview Center,PayPal,shipped
2681,65,283,36,240.06,6982.18,2022-01-18,7 Michigan Court,PayPal,processing
2682,990,463,17,667.38,2913.83,2021-01-11,8 Burrows Circle,PayPal,delivered
2683,44,942,81,85.5,2092.75,2021-08-08,17306 Darwin Point,credit card,pending
2684,801,731,31,572.92,8482.26,2021-07-19,65710 Hollow Ridge Park,PayPal,delivered
2685,579,149,69,901.08,3328.46,2020-08-13,508 Welch Way,Apple Pay,delivered
2686,689,738,73,39.5,9487.57,2020-02-14,7017 Mcguire Crossing,credit card,shipped
2687,410,462,53,56.72,4154.84,2021-09-05,9 Paget Parkway,credit card,pending
2688,418,25,73,560.09,6967.57,2020-05-05,185 Red Cloud Court,PayPal,pending
2689,467,84,84,722.5,4600.82,2021-08-05,781 Cardinal Terrace,PayPal,pending
2690,431,752,98,713.14,215.71,2022-08-28,0 Carpenter Alley,PayPal,pending
2691,451,513,78,557.05,6238.67,2020-07-07,1 Corry Way,PayPal,pending
2692,365,894,34,551.99,156.9,2022-09-05,79 Johnson Alley,Apple Pay,processing
2693,906,544,24,367.26,3286.93,2021-04-29,070 Fuller Road,Apple Pay,processing
2694,35,381,85,326.78,7892.08,2021-12-09,14983 Oriole Avenue,PayPal,pending
2695,141,186,20,157.18,4340.4,2022-12-14,15381 Jana Circle,Apple Pay,shipped
2696,871,432,42,638.76,591.83,2022-06-19,98 Porter Street,credit card,delivered
2697,331,613,32,584.49,12.32,2020-01-27,35723 Forest Circle,credit card,processing
2698,368,939,24,445.97,6964.98,2022-02-12,06865 Hollow Ridge Place,credit card,delivered
2699,675,383,90,128.96,4583.09,2022-03-09,2277 Moland Circle,PayPal,delivered
2700,604,125,37,732.8,8694.11,2021-11-25,418 Riverside Road,PayPal,delivered
2701,472,610,59,802.97,6784.29,2020-06-07,912 Hoard Hill,credit card,pending
2702,791,367,91,657.53,4376.43,2021-04-16,18758 Fairview Junction,Apple Pay,shipped
2703,97,282,76,689.4,2347.62,2021-05-25,3143 Mitchell Lane,Apple Pay,delivered
2704,332,99,78,723.02,6603.68,2021-09-28,6205 Fallview Place,credit card,shipped
2705,527,279,93,261.57,1206.14,2020-01-05,49606 Roxbury Plaza,credit card,delivered
2706,939,404,82,535.5,9607.45,2022-09-15,50 Milwaukee Hill,PayPal,shipped
2707,570,334,20,1.31,4216.61,2020-11-04,22137 Melrose Way,PayPal,shipped
2708,171,203,48,697.14,7472.55,2020-10-19,95 Marquette Avenue,PayPal,shipped
2709,636,541,49,239.05,8030.32,2020-04-16,9 Harbort Trail,Apple Pay,shipped
2710,287,751,20,167.91,2835.68,2020-08-01,95 Algoma Trail,Apple Pay,pending
2711,638,992,54,637.34,8707.57,2021-11-11,036 Eliot Way,credit card,processing
2712,749,616,48,282.37,7368.33,2021-09-18,1512 Upham Center,PayPal,processing
2713,394,925,29,735.22,3038.86,2021-01-08,4508 8th Park,PayPal,pending
2714,116,792,47,744.91,4723.25,2022-05-12,02 Grim Center,PayPal,processing
2715,587,103,45,130.39,7719.89,2022-08-20,8407 Hanson Circle,credit card,processing
2716,794,26,94,685.65,6970.61,2021-09-09,3170 Debra Drive,PayPal,processing
2717,903,277,62,933.74,7035.95,2022-02-15,22742 Carey Center,PayPal,pending
2718,489,692,62,549.38,1773.12,2020-05-15,0352 Springview Junction,credit card,shipped
2719,41,225,75,946.78,235.57,2020-07-20,8502 Union Alley,PayPal,pending
2720,603,871,31,735.95,2207.42,2020-07-05,409 Bluejay Alley,PayPal,pending
2721,987,356,39,287.22,5253.46,2020-01-12,7463 Michigan Terrace,PayPal,pending
2722,728,53,34,412.76,740.21,2022-05-18,4297 Fairview Plaza,credit card,shipped
2723,437,331,26,820.42,6901.46,2020-07-26,3123 Northridge Hill,credit card,delivered
2724,883,83,94,340.76,619.21,2020-01-15,81958 Melby Park,credit card,delivered
2725,353,773,37,570.65,2577.85,2021-02-01,69754 Rusk Crossing,PayPal,delivered
2726,156,908,26,688.92,7776.49,2021-06-16,928 Linden Junction,Apple Pay,processing
2727,684,527,14,63.6,9374.51,2020-02-21,9903 Fair Oaks Parkway,credit card,processing
2728,482,958,23,849.02,9976.09,2022-10-26,492 Forest Run Park,Apple Pay,shipped
2729,706,90,44,661.76,3498.09,2020-02-20,5410 Prentice Junction,Apple Pay,delivered
2730,600,128,58,68.86,5410.56,2021-08-28,81938 Waubesa Point,Apple Pay,shipped
2731,436,941,47,94.52,9339.0,2021-03-30,4883 Crescent Oaks Court,Apple Pay,pending
2732,954,143,95,687.75,502.27,2022-09-11,2 Lotheville Alley,credit card,pending
2733,795,865,93,434.56,8506.17,2020-03-16,80172 Harper Circle,Apple Pay,pending
2734,359,837,13,192.08,5010.41,2021-04-09,35268 Meadow Valley Avenue,Apple Pay,shipped
2735,892,999,13,700.26,740.55,2020-05-16,98445 Trailsway Parkway,credit card,shipped
2736,392,242,49,560.72,714.98,2020-04-11,7 Warrior Crossing,Apple Pay,shipped
2737,790,323,31,933.38,1393.3,2021-08-08,18586 Northview Parkway,PayPal,delivered
2738,798,922,39,795.62,3851.96,2020-05-27,07187 Pearson Parkway,PayPal,shipped
2739,330,333,24,595.47,3295.82,2022-06-07,6911 Eagan Way,credit card,shipped
2740,187,305,36,797.8,759.41,2022-02-20,58 Hoard Lane,PayPal,processing
2741,536,505,68,396.44,5257.97,2021-03-09,28589 Lighthouse Bay Place,credit card,shipped
2742,78,107,69,159.13,8059.01,2020-10-19,36 Johnson Parkway,Apple Pay,delivered
2743,707,292,90,169.27,1357.37,2021-03-14,4 Artisan Junction,Apple Pay,shipped
2744,486,636,69,205.64,2317.66,2021-06-02,2242 Truax Pass,credit card,delivered
2745,525,703,59,23.71,6529.16,2021-05-21,7384 Messerschmidt Park,Apple Pay,pending
2746,452,269,72,988.76,4152.79,2021-07-03,8 Knutson Plaza,Apple Pay,pending
2747,22,704,28,435.67,6315.32,2022-07-18,12 Jana Avenue,Apple Pay,pending
2748,569,721,9,532.36,3072.98,2020-09-28,1516 North Parkway,Apple Pay,delivered
2749,586,488,25,594.28,8249.3,2021-07-20,91895 Erie Hill,credit card,processing
2750,593,111,3,239.33,5133.1,2021-08-23,8831 Thompson Trail,Apple Pay,delivered
2751,354,976,47,433.91,5925.69,2020-11-20,9494 Grim Circle,Apple Pay,processing
2752,439,803,22,981.96,734.43,2021-04-08,62907 Luster Junction,Apple Pay,pending
2753,575,427,62,465.38,9015.14,2020-05-03,13069 Mayfield Road,credit card,pending
2754,757,652,93,42.28,9854.96,2020-10-06,3273 Pleasure Pass,credit card,shipped
2755,488,160,94,62.39,3637.24,2022-12-19,7906 South Pass,PayPal,processing
2756,197,56,97,204.34,499.46,2022-08-28,25 Anderson Terrace,PayPal,shipped
2757,303,503,30,426.48,7242.73,2022-09-29,6 Service Way,credit card,processing
2758,194,887,33,175.72,9290.45,2021-08-27,29548 Packers Pass,PayPal,pending
2759,581,110,86,672.12,5026.32,2022-07-18,5 Dapin Court,credit card,delivered
2760,19,71,94,736.47,4001.9,2022-08-04,75 Vermont Plaza,Apple Pay,pending
2761,248,202,56,954.46,4513.34,2020-03-30,8 Darwin Circle,PayPal,shipped
2762,996,659,5,109.19,2918.53,2021-03-18,14047 Express Center,Apple Pay,shipped
2763,94,447,69,729.77,8492.01,2020-05-19,07 Shasta Drive,PayPal,shipped
2764,671,179,4,351.32,4626.13,2021-03-08,4889 Del Mar Crossing,credit card,shipped
2765,480,196,63,292.9,3383.1,2021-03-15,56 Reindahl Street,Apple Pay,pending
2766,646,207,33,848.65,350.24,2021-07-25,301 Algoma Plaza,credit card,shipped
2767,219,900,74,674.29,213.7,2022-03-28,41 Talmadge Drive,Apple Pay,processing
2768,32,963,87,561.61,782.83,2022-09-27,8831 American Circle,Apple Pay,pending
2769,176,165,61,841.43,9022.65,2021-04-21,71840 Northland Circle,PayPal,shipped
2770,135,949,44,229.69,5987.54,2021-12-08,18 Golf View Point,credit card,processing
2771,483,265,58,402.19,6429.61,2020-01-11,771 Eliot Junction,Apple Pay,pending
2772,641,880,71,92.81,8431.08,2021-07-06,12 Village Green Road,PayPal,pending
2773,850,464,48,274.99,4446.56,2022-03-01,81798 Kim Park,Apple Pay,processing
2774,670,427,75,504.67,2795.91,2020-06-03,517 Meadow Ridge Place,credit card,delivered
2775,6,260,69,484.32,5385.23,2021-06-14,20 Sachs Street,PayPal,delivered
2776,965,619,34,76.89,5626.13,2021-09-01,60499 Summer Ridge Point,Apple Pay,shipped
2777,39,616,74,108.81,8021.36,2021-11-27,3 Eagle Crest Park,Apple Pay,delivered
2778,530,765,39,130.27,4510.86,2021-04-26,285 Forest Drive,PayPal,shipped
2779,242,851,25,452.46,7619.87,2020-01-13,79 5th Parkway,PayPal,pending
2780,27,275,70,942.94,5683.19,2020-10-01,2 Northridge Circle,credit card,delivered
2781,871,483,33,847.45,8536.96,2022-07-05,865 Clarendon Trail,Apple Pay,shipped
2782,583,656,50,597.16,4640.21,2022-11-26,06 Caliangt Terrace,PayPal,pending
2783,741,106,7,783.28,6949.81,2021-04-18,610 Sutteridge Lane,credit card,shipped
2784,652,651,63,817.55,1286.3,2020-09-05,2 Homewood Parkway,Apple Pay,pending
2785,469,907,93,907.54,3317.72,2021-11-28,1 Pepper Wood Plaza,credit card,pending
2786,589,401,54,180.54,44.59,2022-02-28,40197 Sage Crossing,PayPal,pending
2787,494,289,60,958.0,2392.61,2021-09-20,91733 Jenna Place,credit card,delivered
2788,555,601,34,23.79,2594.19,2021-04-13,92842 Beilfuss Point,credit card,processing
2789,970,392,82,56.39,8276.23,2020-01-08,4 Artisan Trail,PayPal,delivered
2790,865,351,74,544.49,2313.11,2021-08-24,9103 Shopko Way,PayPal,processing
2791,562,27,89,782.54,2050.44,2021-05-01,7129 Myrtle Place,PayPal,processing
2792,136,325,84,706.4,3353.16,2022-01-07,7 Ilene Lane,PayPal,pending
2793,425,1,29,321.07,7549.82,2022-02-06,0 Hauk Center,Apple Pay,shipped
2794,634,228,98,358.27,1956.35,2021-05-27,02 Glendale Terrace,Apple Pay,pending
2795,673,496,29,445.55,478.58,2022-05-25,4859 Carey Lane,credit card,shipped
2796,143,279,94,851.54,979.18,2021-01-26,787 Tony Drive,credit card,pending
2797,75,738,36,878.17,2535.2,2022-07-07,1 Burrows Place,credit card,delivered
2798,601,264,5,385.63,1119.79,2020-04-12,3152 Lukken Avenue,credit card,delivered
2799,503,791,36,832.54,8639.4,2020-08-11,17681 Hallows Drive,Apple Pay,processing
2800,279,284,5,960.16,9567.25,2022-12-10,8 Jana Road,PayPal,delivered
2801,770,807,29,550.94,9476.02,2020-12-07,399 Texas Drive,PayPal,pending
2802,237,884,73,592.42,18.62,2022-04-04,95 Leroy Way,credit card,shipped
2803,580,895,83,295.87,5481.45,2022-12-06,24109 Riverside Center,PayPal,pending
2804,945,562,39,688.36,4000.99,2022-03-20,1901 Fisk Drive,credit card,pending
2805,738,781,19,612.39,5709.45,2020-07-25,2742 Autumn Leaf Parkway,PayPal,shipped
2806,628,602,75,568.56,6315.6,2022-09-25,91 Browning Road,Apple Pay,pending
2807,660,553,62,430.69,1198.25,2021-01-04,03 Paget Lane,credit card,pending
2808,788,155,16,349.19,4477.79,2022-06-05,60191 Di Loreto Terrace,Apple Pay,delivered
2809,241,908,98,353.04,1701.82,2021-12-22,595 1st Terrace,Apple Pay,shipped
2810,828,701,3,294.38,7434.62,2021-12-14,93673 Moland Center,credit card,delivered
2811,977,178,20,913.57,6710.34,2021-03-12,880 Morningstar Place,PayPal,shipped
2812,677,866,64,441.63,6107.06,2022-04-19,5 Oak Lane,PayPal,processing
2813,259,320,37,94.1,4960.29,2020-04-04,0 Rieder Parkway,Apple Pay,processing
2814,460,610,62,677.61,5558.34,2022-06-28,29 Birchwood Parkway,PayPal,processing
2815,566,600,95,982.99,1432.2,2020-03-07,99 Utah Street,credit card,pending
2816,822,691,29,613.44,5981.03,2021-09-12,80 Marcy Parkway,credit card,delivered
2817,892,1000,72,989.96,6341.02,2020-04-17,8400 Bayside Parkway,credit card,delivered
2818,296,124,41,142.33,3835.67,2020-03-05,3 Lien Point,credit card,delivered
2819,406,525,11,538.21,5206.22,2021-02-04,06 Spenser Court,credit card,processing
2820,906,679,62,608.18,8227.94,2022-11-30,3 8th Court,Apple Pay,processing
2821,943,384,20,887.65,1401.03,2020-09-30,217 Hanover Junction,credit card,delivered
2822,957,254,68,289.56,2404.24,2021-09-03,192 Wayridge Crossing,Apple Pay,pending
2823,723,434,64,879.39,291.62,2022-07-20,4918 International Junction,credit card,shipped
2824,267,386,60,90.23,7384.97,2021-03-07,1 Brickson Park Terrace,credit card,pending
2825,347,346,13,766.85,5854.69,2022-03-18,8 Sherman Trail,PayPal,delivered
2826,979,444,61,961.08,4290.99,2022-05-10,351 Judy Pass,PayPal,delivered
2827,145,648,40,425.53,6679.07,2022-11-22,966 Elgar Point,Apple Pay,delivered
2828,816,950,26,513.89,4326.49,2021-06-04,166 Declaration Street,PayPal,delivered
2829,504,914,26,60.94,3612.92,2020-09-10,51765 Crownhardt Hill,PayPal,delivered
2830,546,506,40,18.04,9559.34,2021-01-28,2475 Twin Pines Junction,PayPal,pending
2831,759,877,7,919.76,7432.84,2022-02-06,7129 Burning Wood Park,Apple Pay,pending
2832,197,633,7,669.58,4188.58,2022-06-13,6104 Elka Point,Apple Pay,pending
2833,793,517,29,893.48,7644.83,2021-01-03,642 Iowa Lane,Apple Pay,pending
2834,817,992,56,77.56,3703.65,2021-03-23,4 Hintze Crossing,credit card,pending
2835,68,241,60,884.76,3382.78,2022-12-05,4 Londonderry Place,credit card,processing
2836,362,831,38,884.97,1460.08,2020-05-10,63585 Randy Trail,PayPal,pending
2837,636,746,20,44.35,4192.8,2022-09-27,661 Lindbergh Trail,credit card,pending
2838,377,331,94,703.18,9582.0,2022-04-06,0134 Stone Corner Crossing,Apple Pay,delivered
2839,36,853,7,385.05,8044.12,2021-10-12,941 Jenna Road,Apple Pay,shipped
2840,491,66,68,464.59,3467.19,2022-04-24,6340 Erie Road,credit card,processing
2841,361,667,83,60.16,5373.96,2021-11-08,90369 Hanover Road,Apple Pay,shipped
2842,995,623,15,303.07,822.92,2020-05-25,8 Swallow Avenue,PayPal,pending
2843,486,923,68,988.28,4425.65,2020-01-13,53 Sommers Alley,Apple Pay,shipped
2844,586,319,17,61.24,2675.48,2022-01-08,18646 Oak Parkway,credit card,pending
2845,656,31,82,137.61,7364.03,2022-02-06,7561 Cascade Circle,PayPal,processing
2846,399,50,13,236.68,519.29,2021-02-09,07119 Sullivan Parkway,credit card,processing
2847,324,12,46,380.39,694.1,2022-06-25,0853 Golf Drive,PayPal,delivered
2848,831,452,40,385.87,3683.97,2021-12-13,9 Quincy Center,PayPal,processing
2849,38,663,90,52.91,4541.96,2022-08-12,3 Knutson Point,credit card,processing
2850,90,75,96,930.28,80.67,2020-10-15,6720 Corben Terrace,PayPal,delivered
2851,919,323,69,655.16,4114.79,2021-02-06,6 Ronald Regan Place,Apple Pay,pending
2852,944,173,13,182.87,6239.33,2020-10-14,5 Hansons Pass,credit card,delivered
2853,604,804,19,581.85,4446.5,2020-06-29,1 Sherman Trail,PayPal,delivered
2854,325,246,100,674.38,2713.81,2020-02-10,3737 Onsgard Park,Apple Pay,delivered
2855,595,297,1,189.4,3272.06,2020-04-22,50967 Blaine Trail,PayPal,pending
2856,336,709,89,144.08,8352.22,2021-11-10,3 Schurz Parkway,Apple Pay,shipped
2857,468,47,93,883.89,5980.02,2020-04-25,343 Declaration Hill,Apple Pay,shipped
2858,343,529,73,132.05,1465.07,2020-10-05,54 Vera Place,PayPal,processing
2859,631,913,36,558.92,1207.33,2020-11-22,58419 Oriole Place,Apple Pay,delivered
2860,140,641,1,366.18,3159.94,2021-12-12,853 Commercial Pass,credit card,shipped
2861,256,123,60,667.73,4627.21,2022-02-14,144 Luster Street,PayPal,processing
2862,471,169,68,563.53,9490.99,2020-08-22,68 Eagan Junction,credit card,delivered
2863,861,166,56,595.64,7910.42,2021-03-21,1 Old Gate Court,Apple Pay,pending
2864,942,776,28,880.64,3246.59,2021-03-02,450 Quincy Parkway,credit card,processing
2865,896,405,91,678.97,2773.64,2021-07-20,94 Shasta Road,Apple Pay,delivered
2866,567,755,15,122.58,3758.57,2022-04-04,498 Ridgeway Point,Apple Pay,shipped
2867,731,270,80,51.55,970.16,2022-12-25,530 Corry Pass,credit card,delivered
2868,543,671,80,84.18,9279.0,2022-11-18,0 High Crossing Center,PayPal,delivered
2869,508,724,91,586.68,9375.62,2021-06-01,21631 Nova Street,Apple Pay,pending
2870,47,524,33,183.15,2599.39,2020-12-06,0 Springview Point,Apple Pay,shipped
2871,973,846,76,910.17,58.6,2022-01-12,6477 Transport Road,PayPal,delivered
2872,367,703,11,557.55,2860.57,2022-06-20,9148 Darwin Crossing,Apple Pay,delivered
2873,911,79,57,734.86,9165.35,2020-03-19,7402 Parkside Junction,credit card,pending
2874,156,145,42,752.76,9398.48,2021-06-27,62299 Riverside Circle,Apple Pay,pending
2875,139,44,87,204.81,5519.11,2021-07-02,94 Artisan Place,credit card,pending
2876,542,377,11,633.91,1912.57,2020-09-16,03 Heath Parkway,PayPal,delivered
2877,901,480,4,102.42,6774.46,2020-11-01,70565 Parkside Way,PayPal,shipped
2878,44,435,95,224.63,8674.08,2022-11-20,58 Holmberg Lane,PayPal,delivered
2879,810,418,56,526.53,889.72,2020-04-06,52372 1st Street,credit card,delivered
2880,674,380,35,553.79,4449.32,2020-08-08,77 Hudson Park,PayPal,processing
2881,112,272,80,976.93,9601.66,2020-11-13,030 Dottie Drive,PayPal,shipped
2882,975,749,99,87.23,9169.35,2022-09-04,3164 Walton Way,PayPal,processing
2883,921,111,3,811.63,5511.28,2021-06-25,823 Gina Terrace,PayPal,shipped
2884,658,15,19,212.44,3925.11,2021-03-19,3 Buhler Road,credit card,shipped
2885,276,58,95,142.85,8697.2,2021-02-07,0760 Vernon Parkway,credit card,shipped
2886,569,211,21,711.07,9501.81,2021-03-23,0 Heffernan Plaza,credit card,processing
2887,903,179,11,626.8,8624.73,2021-11-03,395 Wayridge Terrace,PayPal,pending
2888,703,546,42,569.76,209.28,2021-12-27,6883 Luster Lane,Apple Pay,processing
2889,757,193,14,811.13,4790.08,2022-08-21,4058 Elmside Court,credit card,shipped
2890,848,22,93,841.33,5035.44,2022-08-06,211 Ronald Regan Center,Apple Pay,shipped
2891,447,339,76,115.07,6979.69,2020-08-19,198 Warner Avenue,credit card,shipped
2892,989,90,31,323.34,3708.2,2020-08-03,63531 Fieldstone Court,PayPal,shipped
2893,675,661,48,963.95,7718.56,2021-04-29,233 Rigney Trail,Apple Pay,processing
2894,106,597,86,518.65,5625.93,2020-04-18,541 Rieder Place,credit card,pending
2895,342,967,37,76.38,8482.61,2021-07-28,422 6th Circle,PayPal,processing
2896,493,522,71,372.86,1060.31,2022-02-06,0207 Erie Road,credit card,delivered
2897,380,756,64,548.77,6870.74,2020-08-21,84275 6th Point,PayPal,pending
2898,541,783,69,346.4,2460.17,2022-06-06,54761 Doe Crossing Circle,Apple Pay,delivered
2899,150,164,75,218.48,9170.33,2020-06-23,8357 Leroy Point,PayPal,pending
2900,763,381,35,456.59,176.79,2021-03-05,15431 Ronald Regan Way,credit card,delivered
2901,768,445,66,769.72,5068.82,2021-12-25,53 Hanover Road,Apple Pay,delivered
2902,9,210,48,88.86,8955.8,2020-05-05,991 Commercial Avenue,PayPal,delivered
2903,74,239,87,629.01,4717.16,2020-02-23,09593 Brown Junction,PayPal,pending
2904,819,625,60,652.89,1555.64,2022-03-27,6328 Continental Place,Apple Pay,delivered
2905,722,785,3,827.09,4791.75,2020-02-19,0042 Stang Pass,credit card,delivered
2906,374,332,94,630.86,7426.29,2020-04-08,79 Loeprich Terrace,Apple Pay,processing
2907,114,958,19,645.29,2133.34,2022-07-04,1076 Lukken Way,Apple Pay,shipped
2908,802,836,57,290.68,7214.2,2021-04-23,6 Del Sol Park,credit card,processing
2909,35,495,14,222.22,3181.19,2022-03-27,2 Lakewood Hill,credit card,shipped
2910,46,207,37,12.82,8687.92,2021-09-01,2593 Gateway Road,PayPal,delivered
2911,127,456,19,66.9,1095.83,2020-10-12,4 Bonner Park,credit card,shipped
2912,796,943,37,458.31,3707.03,2022-08-17,9 Tennessee Pass,credit card,shipped
2913,345,531,92,321.34,8531.86,2021-01-08,41900 Twin Pines Way,credit card,shipped
2914,5,690,70,432.65,7044.03,2020-07-31,5 Gina Center,Apple Pay,processing
2915,228,491,36,652.47,6984.01,2022-10-06,4 Toban Drive,PayPal,pending
2916,187,24,82,95.45,3579.24,2020-11-01,7 Melody Circle,Apple Pay,shipped
2917,53,581,7,844.4,1536.52,2021-09-01,298 Grover Alley,PayPal,processing
2918,992,551,33,152.33,4572.53,2022-11-27,356 Roth Park,credit card,delivered
2919,611,231,54,301.04,9366.2,2020-03-31,85 Center Point,PayPal,shipped
2920,62,628,52,526.72,696.64,2021-07-15,64935 Porter Alley,PayPal,delivered
2921,969,894,86,53.67,3972.02,2021-03-23,8 Toban Circle,Apple Pay,shipped
2922,532,872,43,450.23,4021.61,2020-07-30,687 Vidon Road,PayPal,delivered
2923,694,242,35,73.46,8920.37,2020-06-18,4410 Arizona Hill,Apple Pay,processing
2924,86,68,77,580.27,4487.21,2021-04-03,79631 Forest Run Road,credit card,processing
2925,680,163,29,53.81,8836.56,2021-02-18,0 Schmedeman Court,PayPal,delivered
2926,24,153,55,259.26,2067.09,2021-07-01,2 Superior Pass,credit card,pending
2927,85,60,42,509.21,2879.37,2020-02-14,9 Becker Crossing,credit card,processing
2928,585,904,87,329.41,7965.55,2020-11-29,92 Atwood Street,Apple Pay,shipped
2929,511,364,80,608.1,3407.3,2021-12-25,53998 Scott Plaza,credit card,delivered
2930,311,900,40,675.19,7685.24,2022-05-19,40 Chinook Avenue,Apple Pay,shipped
2931,130,556,3,965.02,9058.72,2021-08-13,111 6th Center,PayPal,processing
2932,692,56,84,880.25,1199.4,2020-01-07,5751 Sunfield Drive,PayPal,processing
2933,754,632,22,759.81,1729.65,2020-03-11,493 Rieder Court,credit card,delivered
2934,801,99,32,591.3,2334.67,2021-04-09,37 Eagle Crest Court,PayPal,delivered
2935,246,72,38,879.16,8904.64,2021-10-26,9477 Knutson Park,Apple Pay,pending
2936,787,129,30,550.5,7149.82,2022-06-09,39 Marquette Alley,PayPal,pending
2937,155,574,79,109.3,1521.29,2022-01-01,8287 Larry Court,credit card,delivered
2938,952,102,91,913.39,816.28,2022-11-07,215 Ridgeview Lane,credit card,processing
2939,474,414,92,847.86,1862.11,2021-02-07,129 Gerald Circle,Apple Pay,processing
2940,432,962,26,950.67,8114.56,2020-05-21,6 8th Plaza,PayPal,pending
2941,640,715,2,146.99,9971.36,2020-04-02,5438 Nobel Pass,credit card,pending
2942,81,23,64,717.08,545.28,2021-05-07,342 Arrowood Trail,credit card,pending
2943,916,250,30,973.35,2802.0,2020-01-11,83528 Carey Center,credit card,pending
2944,422,296,15,668.77,5014.99,2020-02-19,59755 Steensland Court,credit card,shipped
2945,498,441,29,319.54,1480.15,2021-08-04,97910 Del Mar Point,PayPal,shipped
2946,384,816,100,757.63,4593.8,2020-06-19,786 Anzinger Circle,Apple Pay,delivered
2947,245,893,70,744.64,7802.11,2020-07-26,7 Fordem Terrace,credit card,shipped
2948,627,670,77,313.54,1225.71,2022-01-26,6 Emmet Place,Apple Pay,shipped
2949,786,222,76,662.58,1868.17,2021-09-28,9130 Nelson Park,PayPal,pending
2950,867,857,56,726.4,4941.98,2022-05-17,29904 Artisan Way,credit card,delivered
2951,435,946,36,187.28,3219.33,2022-09-18,025 Ryan Avenue,credit card,processing
2952,304,758,46,828.2,5049.63,2021-03-01,6 Schurz Drive,credit card,processing
2953,547,29,24,832.47,4337.84,2022-06-24,73 Eagle Crest Drive,credit card,delivered
2954,258,503,81,853.09,3418.43,2021-03-05,4220 Eggendart Place,Apple Pay,processing
2955,19,586,22,591.38,8896.14,2020-09-10,7 Stuart Drive,Apple Pay,shipped
2956,440,917,30,788.83,3110.64,2021-12-08,7 Sheridan Parkway,credit card,shipped
2957,662,834,16,199.53,4534.91,2020-11-11,6 Dunning Trail,Apple Pay,shipped
2958,319,165,27,429.26,7264.71,2022-01-04,400 Burning Wood Alley,credit card,shipped
2959,624,104,13,13.42,4213.95,2022-12-21,00867 Oak Court,PayPal,processing
2960,608,526,31,201.58,8398.69,2020-11-06,47816 Dapin Plaza,Apple Pay,processing
2961,424,305,49,10.47,3543.18,2021-12-25,691 Northport Lane,PayPal,pending
2962,25,612,3,542.56,9719.19,2020-02-08,39 Golf View Way,PayPal,pending
2963,451,379,77,856.52,629.46,2022-08-01,1 Darwin Place,Apple Pay,processing
2964,747,176,62,797.46,9841.27,2022-11-25,46 Graceland Lane,credit card,processing
2965,153,977,49,627.4,2272.41,2020-02-10,8811 2nd Pass,Apple Pay,shipped
2966,359,127,60,763.42,5476.98,2022-09-09,43 Clemons Street,PayPal,shipped
2967,501,645,48,672.42,4843.42,2020-06-12,0940 Swallow Center,PayPal,delivered
2968,313,389,17,490.88,3939.61,2020-11-11,1047 Anhalt Drive,Apple Pay,delivered
2969,538,826,29,459.45,9493.36,2021-04-03,938 Cardinal Trail,PayPal,delivered
2970,175,666,87,796.35,9126.19,2022-01-14,0159 Sachtjen Road,PayPal,shipped
2971,298,370,68,66.95,4553.76,2021-01-29,91704 Luster Center,credit card,pending
2972,3,578,55,428.99,5627.17,2021-05-01,61 Service Avenue,Apple Pay,delivered
2973,676,404,92,201.32,4854.62,2021-05-14,82929 Graceland Avenue,credit card,shipped
2974,513,494,11,186.44,1019.56,2021-07-14,91 East Lane,PayPal,pending
2975,353,810,92,366.52,6023.19,2021-05-29,0 Summer Ridge Hill,credit card,delivered
2976,709,801,23,213.25,179.52,2020-10-25,87815 Hollow Ridge Plaza,PayPal,delivered
2977,860,227,65,386.73,7353.75,2020-11-14,9656 Forest Run Avenue,Apple Pay,pending
2978,730,588,4,645.19,4466.77,2022-03-27,50174 Killdeer Pass,PayPal,shipped
2979,568,13,100,131.74,666.45,2020-12-01,773 Fisk Hill,PayPal,pending
2980,939,752,59,833.29,46.85,2020-08-02,07887 Hazelcrest Way,PayPal,processing
2981,128,415,71,963.08,9608.78,2022-07-26,680 Schlimgen Avenue,PayPal,shipped
2982,274,699,18,178.1,9898.72,2021-11-29,036 Towne Court,PayPal,processing
2983,263,395,58,185.64,8075.87,2021-12-01,62675 Granby Point,Apple Pay,pending
2984,17,678,74,306.27,8096.87,2021-09-07,525 Doe Crossing Junction,PayPal,processing
2985,932,609,12,923.54,4777.44,2020-07-22,2240 Warner Plaza,PayPal,shipped
2986,907,568,5,497.4,3157.98,2020-12-17,7618 Golf Trail,credit card,delivered
2987,858,493,2,782.3,5195.49,2020-05-29,9 Melby Way,PayPal,shipped
2988,261,285,34,200.35,8335.85,2022-04-06,1719 Lawn Circle,Apple Pay,delivered
2989,409,508,2,161.05,314.75,2020-12-25,274 Sherman Drive,PayPal,shipped
2990,708,70,7,855.09,8410.24,2021-09-28,2 Veith Circle,PayPal,processing
2991,161,733,57,260.77,7169.9,2021-05-18,318 Oneill Plaza,PayPal,delivered
2992,410,680,45,14.03,8055.75,2020-10-29,5 Dovetail Hill,Apple Pay,delivered
2993,545,473,19,70.95,5968.06,2022-01-04,7344 Spaight Way,PayPal,pending
2994,882,36,13,896.79,3326.58,2020-02-03,133 Armistice Center,credit card,processing
2995,625,180,39,825.58,6898.31,2021-07-05,5741 Jenna Avenue,Apple Pay,pending
2996,278,221,59,791.52,4699.11,2022-01-23,6031 Mayer Park,Apple Pay,shipped
2997,574,727,9,813.69,421.94,2020-08-22,926 Thompson Parkway,PayPal,pending
2998,930,865,38,411.79,258.66,2022-02-27,734 Golf Point,credit card,pending
2999,414,365,65,789.97,7268.41,2022-10-22,3 Maple Wood Center,PayPal,pending
3000,632,818,17,355.05,3716.34,2020-05-23,7 Hollow Ridge Junction,credit card,shipped
