product_id,product_name,description,price,discount_percentage,category,brand,stock_quantity,color,size,weight,release_date,rating,reviews_count,seller_name,seller_rating,seller_reviews_count,shipping_method,shipping_cost
1,parturient montes nascetur,Mauris sit amet eros. Suspendisse accumsan tortor quis turpis. Sed ante.,754.16,22.4,clothing,Eayo,379,Mauv,small,3.7,2011-09-25,3.8,258,id lobortis convallis tortor,3.6,877,free,22.57
2,iaculis justo,Duis bibendum. Morbi non quam nec dui luctus rutrum. Nulla tellus. In sagittis dui vel nisl. Duis ac nibh.,234.75,17.52,electronics,Mydeo,940,Orange,small,4.2,2011-07-21,3.8,586,pede,4.8,51,express,39.55
3,magna at nunc commodo,"Aenean auctor gravida sem. Praesent id massa id nisl venenatis lacinia. Aenean sit amet justo. Morbi ut odio. Cras mi pede, malesuada in, imperdiet et, commodo vulputate, justo.",511.22,34.85,home decor,Feedfish,900,Green,small,7.0,2018-07-06,3.9,545,primis in faucibus orci,3.7,711,express,21.72
4,diam erat fermentum,Sed vel enim sit amet nunc viverra dapibus.,124.25,6.45,electronics,Abata,331,Yellow,large,3.9,2022-11-05,1.8,578,nulla,4.8,32,express,13.5
5,a suscipit nulla,"Pellentesque eget nunc. Donec quis orci eget orci vehicula condimentum. Curabitur in libero ut massa volutpat convallis. Morbi odio odio, elementum eu, interdum eu, tincidunt in, leo.",294.71,24.85,clothing,Twiyo,205,Teal,small,8.7,2015-04-05,3.0,344,magnis dis parturient montes nascetur ridiculus,4.4,274,standard,24.61
6,ipsum primis in,"Donec diam neque, vestibulum eget, vulputate ut, ultrices vel, augue. Vestibulum ante ipsum primis in faucibus orci luctus et ultrices posuere cubilia Curae; Donec pharetra, magna vestibulum aliquet ultrices, erat tortor sollicitudin mi, sit amet lobortis sapien sapien non mi. Integer ac neque.",389.16,30.62,home decor,Meedoo,915,Violet,small,6.0,2020-01-12,3.3,498,praesent lectus vestibulum,4.3,717,free,38.58
7,etiam vel augue vestibulum,"Nulla suscipit ligula in lacus. Curabitur at ipsum ac tellus semper interdum. Mauris ullamcorper purus sit amet nulla. Quisque arcu libero, rutrum ac, lobortis vel, dapibus at, diam.",582.58,26.95,toys,Snaptags,649,Purple,large,2.3,2018-08-09,2.1,849,urna,2.2,319,free,13.64
8,hac habitasse platea dictumst,"Integer aliquet, massa id lobortis convallis, tortor risus dapibus augue, vel accumsan tellus nisi eu orci. Mauris lacinia sapien quis libero. Nullam sit amet turpis elementum ligula vehicula consequat.",866.19,44.15,clothing,Browsetype,787,Violet,small,8.2,2016-08-02,4.5,221,est congue elementum,3.4,856,express,37.24
9,congue vivamus,Curabitur convallis. Duis consequat dui nec nisi volutpat eleifend. Donec ut dolor. Morbi vel lectus in quam fringilla rhoncus.,227.49,21.31,toys,Wordware,30,Khaki,medium,9.4,2016-12-29,1.4,185,ut,3.5,180,standard,1.23
10,ultrices posuere,"Donec vitae nisi. Nam ultrices, libero non mattis pulvinar, nulla pede ullamcorper augue, a suscipit nulla elit ac nulla. Sed vel enim sit amet nunc viverra dapibus. Nulla suscipit ligula in lacus. Curabitur at ipsum ac tellus semper interdum.",137.72,13.38,home decor,Youfeed,324,Turquoise,large,6.6,2014-01-23,2.1,363,nibh fusce,2.1,255,free,21.9
11,mi integer ac neque,"Nunc rhoncus dui vel sem. Sed sagittis. Nam congue, risus semper porta volutpat, quam pede lobortis ligula, sit amet eleifend pede libero quis orci. Nullam molestie nibh in lectus. Pellentesque at nulla.",392.5,35.05,clothing,Topiclounge,892,Purple,extra large,1.8,2022-10-22,3.2,326,sed augue,3.0,702,free,8.36
12,vestibulum proin eu mi,Cras non velit nec nisi vulputate nonummy. Maecenas tincidunt lacus at velit. Vivamus vel nulla eget eros elementum pellentesque. Quisque porta volutpat erat.,645.76,21.21,beauty,Oodoo,559,Yellow,small,7.5,2018-07-06,1.2,145,faucibus accumsan odio curabitur convallis duis,4.5,489,free,30.97
13,iaculis diam,"Lorem ipsum dolor sit amet, consectetuer adipiscing elit. Proin risus. Praesent lectus. Vestibulum quam sapien, varius ut, blandit non, interdum in, ante.",964.76,4.82,home decor,Minyx,426,Maroon,small,3.8,2012-12-29,2.1,893,leo odio porttitor id,4.2,981,standard,49.36
14,metus arcu adipiscing molestie,"Maecenas leo odio, condimentum id, luctus nec, molestie sed, justo. Pellentesque viverra pede ac diam.",114.63,33.86,home decor,Mybuzz,521,Blue,medium,1.4,2022-05-17,3.9,454,nulla nunc,2.7,90,free,27.72
15,scelerisque quam turpis,Aliquam sit amet diam in magna bibendum imperdiet.,848.81,33.13,electronics,Twitterbridge,349,Crimson,large,2.9,2021-03-12,2.2,766,ipsum primis in faucibus,4.7,698,express,40.25
16,in quis justo maecenas,Ut at dolor quis odio consequat varius.,756.88,30.67,home decor,Fliptune,442,Red,medium,9.8,2015-11-22,2.1,814,ante ipsum primis in faucibus orci,2.4,773,standard,36.64
17,cubilia curae,"In sagittis dui vel nisl. Duis ac nibh. Fusce lacus purus, aliquet at, feugiat non, pretium quis, lectus. Suspendisse potenti. In eleifend quam a odio.",783.82,11.1,clothing,Wikizz,649,Violet,small,9.0,2011-10-31,4.0,805,consequat varius integer ac leo,1.7,34,standard,48.82
18,in eleifend quam a,Suspendisse potenti. Nullam porttitor lacus at turpis. Donec posuere metus vitae ipsum. Aliquam non mauris.,874.73,33.52,beauty,Trupe,981,Aquamarine,medium,3.8,2021-04-21,2.4,235,amet eros,2.0,784,express,6.61
19,id turpis integer,"Fusce posuere felis sed lacus. Morbi sem mauris, laoreet ut, rhoncus aliquet, pulvinar sed, nisl. Nunc rhoncus dui vel sem.",630.69,17.48,clothing,Voonte,137,Fuscia,small,0.4,2014-12-28,3.3,284,tempus vivamus in felis,2.0,395,standard,5.6
20,blandit non interdum in,Integer tincidunt ante vel ipsum. Praesent blandit lacinia erat.,246.0,4.52,electronics,Mita,409,Blue,small,9.6,2013-08-02,1.1,83,sed tincidunt,2.6,234,standard,40.72
21,proin at turpis,"Mauris enim leo, rhoncus sed, vestibulum sit amet, cursus id, turpis. Integer aliquet, massa id lobortis convallis, tortor risus dapibus augue, vel accumsan tellus nisi eu orci.",523.99,2.68,toys,Meevee,454,Turquoise,medium,0.8,2012-09-14,2.6,575,at nulla suspendisse potenti,3.5,179,free,29.98
22,mauris enim leo rhoncus,Sed ante. Vivamus tortor. Duis mattis egestas metus.,625.39,17.31,electronics,Thoughtstorm,646,Goldenrod,large,5.1,2020-09-29,1.8,378,odio,4.8,971,free,12.43
23,purus eu magna,Morbi porttitor lorem id ligula. Suspendisse ornare consequat lectus.,178.65,13.24,clothing,Linktype,247,Orange,extra large,0.1,2017-01-04,1.8,134,nullam sit amet turpis,2.7,658,standard,3.96
24,vehicula condimentum curabitur in,Vestibulum ante ipsum primis in faucibus orci luctus et ultrices posuere cubilia Curae; Nulla dapibus dolor vel est.,647.52,27.95,beauty,Zoomcast,759,Teal,extra large,8.2,2012-07-19,1.6,694,fusce consequat nulla nisl nunc nisl,1.9,216,express,39.34
25,condimentum curabitur in,"Nulla neque libero, convallis eget, eleifend luctus, ultricies eu, nibh. Quisque id justo sit amet sapien dignissim vestibulum. Vestibulum ante ipsum primis in faucibus orci luctus et ultrices posuere cubilia Curae; Nulla dapibus dolor vel est.",567.01,48.0,beauty,Livetube,522,Red,small,5.3,2020-08-16,1.5,175,dis parturient montes nascetur ridiculus mus,4.5,813,free,27.41
26,curabitur gravida nisi at,"Cras pellentesque volutpat dui. Maecenas tristique, est et tempus semper, est quam pharetra magna, ac consequat metus sapien ut nunc. Vestibulum ante ipsum primis in faucibus orci luctus et ultrices posuere cubilia Curae; Mauris viverra diam vitae quam. Suspendisse potenti. Nullam porttitor lacus at turpis.",525.56,41.31,beauty,Voolith,594,Fuscia,large,7.0,2016-11-09,2.0,293,molestie sed justo pellentesque viverra pede,1.6,389,express,34.15
27,turpis a,"Aliquam sit amet diam in magna bibendum imperdiet. Nullam orci pede, venenatis non, sodales sed, tincidunt eu, felis. Fusce posuere felis sed lacus. Morbi sem mauris, laoreet ut, rhoncus aliquet, pulvinar sed, nisl.",495.84,39.91,electronics,Jaxbean,307,Purple,extra large,6.0,2010-03-08,2.0,216,vel dapibus,1.1,464,free,0.3
28,tincidunt lacus at,"Morbi porttitor lorem id ligula. Suspendisse ornare consequat lectus. In est risus, auctor sed, tristique in, tempus sit amet, sem.",621.55,4.96,toys,Realfire,787,Mauv,small,5.7,2022-10-26,1.6,662,vestibulum ante ipsum,1.6,366,free,17.17
29,consequat morbi a ipsum,In hac habitasse platea dictumst. Etiam faucibus cursus urna.,692.78,12.95,clothing,Jetwire,492,Maroon,extra large,8.3,2021-10-17,1.7,59,morbi a ipsum integer a,1.8,672,express,14.32
30,porttitor id consequat,Integer ac leo. Pellentesque ultrices mattis odio. Donec vitae nisi.,180.92,11.88,toys,Skivee,871,Khaki,extra large,9.6,2019-05-29,3.0,522,volutpat dui maecenas tristique est et,4.2,538,standard,16.65
31,odio donec vitae nisi,Mauris sit amet eros. Suspendisse accumsan tortor quis turpis. Sed ante.,543.79,46.32,beauty,Thoughtblab,981,Fuscia,large,2.7,2014-09-09,3.3,517,consectetuer eget,2.7,979,express,37.22
32,orci pede,"Vestibulum sed magna at nunc commodo placerat. Praesent blandit. Nam nulla. Integer pede justo, lacinia eget, tincidunt eget, tempus vel, pede. Morbi porttitor lorem id ligula.",78.97,26.27,toys,Zava,43,Fuscia,extra large,3.7,2013-05-03,3.6,345,a suscipit nulla,4.6,128,express,20.85
33,dolor quis,Aliquam non mauris.,458.72,31.35,clothing,Eire,300,Orange,medium,7.5,2013-11-03,4.7,217,dui maecenas,2.5,229,express,25.88
34,eu massa donec dapibus,Proin eu mi.,574.0,38.17,home decor,Cogibox,934,Green,medium,1.7,2012-06-14,4.7,455,viverra diam vitae quam,4.7,227,standard,15.17
35,ante ipsum primis,"Nam ultrices, libero non mattis pulvinar, nulla pede ullamcorper augue, a suscipit nulla elit ac nulla. Sed vel enim sit amet nunc viverra dapibus.",620.43,46.73,clothing,Eayo,797,Fuscia,medium,5.6,2013-05-02,2.6,247,viverra eget congue eget semper,3.6,949,free,28.29
36,faucibus orci,Ut at dolor quis odio consequat varius.,799.88,18.35,home decor,Voomm,533,Maroon,small,5.5,2011-01-07,3.0,546,quis augue luctus tincidunt nulla,1.5,533,express,31.67
37,in hac habitasse platea,"Proin risus. Praesent lectus. Vestibulum quam sapien, varius ut, blandit non, interdum in, ante. Vestibulum ante ipsum primis in faucibus orci luctus et ultrices posuere cubilia Curae; Duis faucibus accumsan odio.",95.58,4.7,toys,Quaxo,267,Green,medium,9.7,2013-05-21,2.2,323,justo pellentesque,4.3,960,standard,36.12
38,vel est,Integer ac neque. Duis bibendum. Morbi non quam nec dui luctus rutrum. Nulla tellus. In sagittis dui vel nisl.,821.05,12.26,electronics,Voonix,825,Teal,medium,3.5,2022-02-12,3.0,651,donec odio justo sollicitudin ut,3.9,534,express,0.19
39,ligula in lacus curabitur,"Sed sagittis. Nam congue, risus semper porta volutpat, quam pede lobortis ligula, sit amet eleifend pede libero quis orci. Nullam molestie nibh in lectus.",229.9,20.92,clothing,Centizu,226,Crimson,extra large,9.7,2012-05-20,1.8,800,phasellus,1.9,322,free,42.54
40,velit donec,"Suspendisse ornare consequat lectus. In est risus, auctor sed, tristique in, tempus sit amet, sem.",513.43,4.47,beauty,Dazzlesphere,698,Blue,large,2.6,2015-11-02,2.7,53,a,1.3,785,express,28.18
41,at velit eu est,"Mauris enim leo, rhoncus sed, vestibulum sit amet, cursus id, turpis. Integer aliquet, massa id lobortis convallis, tortor risus dapibus augue, vel accumsan tellus nisi eu orci. Mauris lacinia sapien quis libero. Nullam sit amet turpis elementum ligula vehicula consequat.",401.18,4.74,clothing,Babbleblab,427,Violet,medium,10.0,2021-01-27,2.6,378,diam vitae quam suspendisse potenti nullam,2.5,500,standard,46.82
42,sit amet,"Nam nulla. Integer pede justo, lacinia eget, tincidunt eget, tempus vel, pede. Morbi porttitor lorem id ligula. Suspendisse ornare consequat lectus.",137.91,33.71,electronics,Divavu,273,Violet,medium,3.7,2020-12-11,1.4,324,donec vitae nisi nam,1.5,707,standard,42.93
43,duis aliquam,"Lorem ipsum dolor sit amet, consectetuer adipiscing elit. Proin risus.",572.56,21.12,beauty,Zoombeat,527,Red,large,7.7,2018-04-08,3.0,44,duis aliquam convallis,1.3,936,standard,10.39
44,quis orci eget,Morbi non quam nec dui luctus rutrum. Nulla tellus. In sagittis dui vel nisl.,684.33,32.52,clothing,Riffpath,815,Indigo,large,7.8,2021-11-19,3.4,594,semper porta volutpat,1.4,854,standard,39.76
45,ante ipsum primis,"Vivamus vestibulum sagittis sapien. Cum sociis natoque penatibus et magnis dis parturient montes, nascetur ridiculus mus. Etiam vel augue.",794.58,37.0,clothing,Brainverse,191,Puce,small,1.2,2011-04-29,2.5,234,vivamus vestibulum sagittis sapien,2.3,421,express,20.7
46,gravida sem,In hac habitasse platea dictumst. Etiam faucibus cursus urna. Ut tellus. Nulla ut erat id mauris vulputate elementum.,233.4,29.9,beauty,Tagchat,242,Puce,large,0.7,2021-03-03,1.9,519,libero rutrum ac,4.6,347,free,15.39
47,eget massa tempor convallis,Duis mattis egestas metus. Aenean fermentum. Donec ut mauris eget massa tempor convallis.,336.65,12.36,clothing,Muxo,981,Mauv,small,2.4,2016-10-18,1.5,398,vestibulum vestibulum ante,4.1,316,free,3.45
48,phasellus in felis,"Nulla neque libero, convallis eget, eleifend luctus, ultricies eu, nibh. Quisque id justo sit amet sapien dignissim vestibulum. Vestibulum ante ipsum primis in faucibus orci luctus et ultrices posuere cubilia Curae; Nulla dapibus dolor vel est.",442.69,27.06,clothing,Podcat,777,Fuscia,medium,3.6,2020-12-08,1.9,586,nunc commodo placerat praesent blandit nam,2.2,998,standard,39.49
49,vitae mattis,"Suspendisse ornare consequat lectus. In est risus, auctor sed, tristique in, tempus sit amet, sem. Fusce consequat. Nulla nisl. Nunc nisl.",375.72,10.04,home decor,InnoZ,272,Red,extra large,5.9,2015-03-10,3.8,72,sed tincidunt eu felis,2.2,835,free,47.92
50,justo eu massa,"Maecenas tristique, est et tempus semper, est quam pharetra magna, ac consequat metus sapien ut nunc. Vestibulum ante ipsum primis in faucibus orci luctus et ultrices posuere cubilia Curae; Mauris viverra diam vitae quam.",950.81,7.77,clothing,Chatterbridge,698,Blue,medium,9.6,2017-07-11,3.8,78,morbi non,4.5,121,free,7.81
51,accumsan tortor quis turpis,"Maecenas tincidunt lacus at velit. Vivamus vel nulla eget eros elementum pellentesque. Quisque porta volutpat erat. Quisque erat eros, viverra eget, congue eget, semper rutrum, nulla. Nunc purus.",759.1,40.67,toys,Myworks,712,Mauv,medium,8.7,2020-06-26,1.2,258,massa id lobortis convallis,2.8,659,free,8.9
52,at ipsum,"Lorem ipsum dolor sit amet, consectetuer adipiscing elit. Proin risus. Praesent lectus.",752.98,12.58,home decor,Skalith,694,Aquamarine,extra large,6.8,2019-10-16,2.0,588,lobortis est phasellus,4.2,886,express,38.35
53,platea dictumst aliquam,Donec posuere metus vitae ipsum. Aliquam non mauris.,969.08,0.11,electronics,Oba,909,Green,large,5.8,2014-06-15,1.8,473,est et tempus semper,2.3,463,standard,49.6
54,dui vel,Aliquam non mauris. Morbi non lectus. Aliquam sit amet diam in magna bibendum imperdiet.,240.78,4.8,electronics,Quatz,570,Aquamarine,extra large,3.3,2021-08-05,1.7,629,nam,3.6,600,express,15.53
55,cum sociis natoque penatibus,Duis mattis egestas metus.,263.48,17.61,beauty,Leexo,608,Mauv,small,6.7,2020-04-30,4.2,452,at nibh in,3.8,972,free,42.33
56,iaculis diam erat fermentum,"Quisque porta volutpat erat. Quisque erat eros, viverra eget, congue eget, semper rutrum, nulla. Nunc purus. Phasellus in felis.",456.34,11.74,home decor,Teklist,122,Purple,large,6.9,2011-02-18,4.0,132,maecenas leo odio condimentum,4.4,662,free,12.79
57,lacus morbi,"In quis justo. Maecenas rhoncus aliquam lacus. Morbi quis tortor id nulla ultrices aliquet. Maecenas leo odio, condimentum id, luctus nec, molestie sed, justo. Pellentesque viverra pede ac diam.",186.64,2.16,electronics,Pixoboo,504,Aquamarine,extra large,1.2,2016-12-09,2.2,332,vitae consectetuer eget,4.1,152,express,40.05
58,aliquam convallis,"Aenean fermentum. Donec ut mauris eget massa tempor convallis. Nulla neque libero, convallis eget, eleifend luctus, ultricies eu, nibh. Quisque id justo sit amet sapien dignissim vestibulum.",241.47,23.57,toys,Kanoodle,775,Pink,large,7.1,2022-08-11,3.1,325,lectus in quam fringilla rhoncus mauris,2.3,753,standard,39.47
59,nunc viverra dapibus nulla,Nullam molestie nibh in lectus.,182.39,19.44,home decor,Skilith,33,Orange,medium,4.6,2020-11-30,4.9,981,amet nunc viverra dapibus,1.0,535,express,1.36
60,in porttitor pede justo,Nulla facilisi.,346.96,23.99,clothing,Gigazoom,41,Blue,large,9.5,2013-07-15,3.7,869,semper sapien,4.2,251,free,6.24
61,ac neque duis bibendum,Morbi a ipsum.,311.55,4.92,toys,Trilith,705,Violet,small,8.9,2013-08-07,3.4,683,felis sed,4.6,19,standard,39.11
62,leo odio,"Aliquam sit amet diam in magna bibendum imperdiet. Nullam orci pede, venenatis non, sodales sed, tincidunt eu, felis. Fusce posuere felis sed lacus. Morbi sem mauris, laoreet ut, rhoncus aliquet, pulvinar sed, nisl. Nunc rhoncus dui vel sem.",68.88,18.84,beauty,InnoZ,606,Purple,extra large,2.2,2020-06-04,4.0,703,vestibulum ante ipsum,4.2,412,free,26.93
63,donec diam neque,Ut at dolor quis odio consequat varius. Integer ac leo. Pellentesque ultrices mattis odio.,403.78,13.02,clothing,Brainverse,693,Khaki,small,7.1,2018-05-04,2.6,142,duis faucibus accumsan odio curabitur convallis,2.2,787,free,19.55
64,vitae nisl aenean,Vivamus in felis eu sapien cursus vestibulum. Proin eu mi.,306.73,17.56,clothing,Demizz,732,Aquamarine,small,0.3,2021-04-29,3.3,802,ornare imperdiet sapien urna pretium nisl,3.4,427,free,45.45
65,scelerisque mauris sit,Integer a nibh. In quis justo.,67.07,9.56,electronics,Tambee,39,Khaki,large,8.7,2017-01-30,2.9,396,eget,3.4,856,free,17.86
66,ut massa volutpat convallis,"Curabitur gravida nisi at nibh. In hac habitasse platea dictumst. Aliquam augue quam, sollicitudin vitae, consectetuer eget, rutrum at, lorem. Integer tincidunt ante vel ipsum.",833.35,22.3,home decor,Oozz,393,Purple,small,4.2,2011-04-10,3.1,837,elementum nullam varius nulla,1.4,110,express,31.91
67,ultrices posuere,"Morbi odio odio, elementum eu, interdum eu, tincidunt in, leo. Maecenas pulvinar lobortis est.",530.4,22.66,clothing,Thoughtmix,345,Violet,extra large,0.9,2016-01-08,1.0,818,pellentesque ultrices mattis odio donec,3.2,836,standard,34.86
68,cubilia curae duis faucibus,"Fusce lacus purus, aliquet at, feugiat non, pretium quis, lectus. Suspendisse potenti. In eleifend quam a odio. In hac habitasse platea dictumst.",462.13,39.16,home decor,Rhybox,297,Maroon,medium,5.6,2018-12-14,3.0,580,dolor vel est donec odio,2.6,298,express,32.44
69,a feugiat et,Pellentesque viverra pede ac diam.,295.21,18.1,toys,Vitz,217,Violet,large,5.2,2019-06-08,2.6,325,cursus id turpis integer aliquet massa,1.6,293,express,34.49
70,id pretium,"Quisque arcu libero, rutrum ac, lobortis vel, dapibus at, diam. Nam tristique tortor eu pede.",761.55,23.34,electronics,Pixoboo,131,Aquamarine,large,7.7,2022-11-26,3.5,233,in felis,2.6,316,free,1.52
71,pellentesque at nulla,"Fusce lacus purus, aliquet at, feugiat non, pretium quis, lectus. Suspendisse potenti. In eleifend quam a odio.",304.37,8.11,toys,Photofeed,841,Puce,small,6.0,2022-02-17,3.6,296,quis augue luctus tincidunt nulla mollis,4.6,895,express,40.29
72,ornare consequat,"In est risus, auctor sed, tristique in, tempus sit amet, sem. Fusce consequat. Nulla nisl.",720.77,41.1,home decor,Zoombox,93,Orange,small,4.5,2019-11-19,2.0,882,varius integer ac leo pellentesque,2.6,263,standard,5.16
73,malesuada in imperdiet et,"Vestibulum ante ipsum primis in faucibus orci luctus et ultrices posuere cubilia Curae; Donec pharetra, magna vestibulum aliquet ultrices, erat tortor sollicitudin mi, sit amet lobortis sapien sapien non mi. Integer ac neque. Duis bibendum.",84.08,10.66,clothing,Blogtags,114,Aquamarine,medium,2.4,2015-06-10,2.3,309,maecenas tristique,2.1,356,free,23.48
74,erat quisque erat,In blandit ultrices enim.,23.03,43.84,clothing,Mycat,388,Crimson,large,4.3,2012-01-27,4.0,545,et ultrices posuere cubilia curae,2.9,869,standard,3.14
75,laoreet ut,"Quisque erat eros, viverra eget, congue eget, semper rutrum, nulla.",870.01,37.43,clothing,Oba,379,Mauv,medium,7.1,2012-11-11,2.4,812,adipiscing elit proin interdum mauris,1.0,990,express,47.64
76,lorem quisque ut erat,Curabitur convallis.,223.27,42.13,beauty,Dabfeed,387,Pink,medium,5.8,2014-07-24,3.3,133,vel lectus,1.1,160,free,10.96
77,tortor risus dapibus augue,"Cras mi pede, malesuada in, imperdiet et, commodo vulputate, justo. In blandit ultrices enim. Lorem ipsum dolor sit amet, consectetuer adipiscing elit. Proin interdum mauris non ligula pellentesque ultrices.",440.95,23.27,home decor,Skiba,967,Blue,medium,2.8,2016-04-19,2.9,880,accumsan tortor quis turpis sed,3.5,929,free,16.04
78,vivamus in felis,Cras pellentesque volutpat dui.,230.83,47.89,home decor,Tagcat,571,Indigo,extra large,5.7,2013-07-21,1.5,917,duis consequat dui,1.2,13,standard,28.44
79,fusce posuere felis,Suspendisse accumsan tortor quis turpis. Sed ante. Vivamus tortor. Duis mattis egestas metus. Aenean fermentum.,706.29,39.05,toys,Bluejam,428,Khaki,small,9.6,2019-08-08,3.7,526,semper est quam pharetra,4.1,337,standard,48.03
80,justo etiam pretium iaculis,Nullam porttitor lacus at turpis.,656.96,26.03,toys,Voonte,372,Goldenrod,small,0.8,2014-12-16,4.7,983,tortor id nulla ultrices aliquet,1.8,915,standard,18.15
81,in faucibus,"Nulla tellus. In sagittis dui vel nisl. Duis ac nibh. Fusce lacus purus, aliquet at, feugiat non, pretium quis, lectus. Suspendisse potenti.",960.72,32.28,beauty,Omba,971,Blue,large,2.8,2018-12-15,2.8,989,sapien,3.4,51,free,34.79
82,ac consequat metus sapien,Vivamus tortor. Duis mattis egestas metus.,735.0,28.38,home decor,Voolith,466,Purple,small,2.2,2020-09-23,3.8,924,in eleifend quam,3.9,913,standard,9.41
83,vivamus in,"Maecenas tristique, est et tempus semper, est quam pharetra magna, ac consequat metus sapien ut nunc. Vestibulum ante ipsum primis in faucibus orci luctus et ultrices posuere cubilia Curae; Mauris viverra diam vitae quam. Suspendisse potenti.",508.3,12.85,toys,Eire,753,Fuscia,small,3.2,2015-03-21,3.4,986,dui vel nisl,1.7,82,standard,40.37
84,morbi vestibulum,"Nam congue, risus semper porta volutpat, quam pede lobortis ligula, sit amet eleifend pede libero quis orci. Nullam molestie nibh in lectus. Pellentesque at nulla. Suspendisse potenti. Cras in purus eu magna vulputate luctus.",440.92,27.6,electronics,Trudoo,363,Blue,medium,3.1,2021-12-19,3.2,955,justo sit amet sapien dignissim,4.8,188,free,46.82
85,rhoncus aliquet pulvinar sed,"Pellentesque ultrices mattis odio. Donec vitae nisi. Nam ultrices, libero non mattis pulvinar, nulla pede ullamcorper augue, a suscipit nulla elit ac nulla.",100.07,46.01,beauty,Aibox,92,Orange,extra large,1.3,2015-06-03,2.7,810,donec ut dolor,2.3,215,express,14.05
86,et ultrices posuere cubilia,Quisque id justo sit amet sapien dignissim vestibulum. Vestibulum ante ipsum primis in faucibus orci luctus et ultrices posuere cubilia Curae; Nulla dapibus dolor vel est.,111.75,23.24,beauty,Katz,290,Goldenrod,medium,9.0,2011-05-02,1.3,969,sem,4.5,45,express,29.26
87,proin leo odio,Nullam molestie nibh in lectus. Pellentesque at nulla. Suspendisse potenti.,566.9,31.73,electronics,Yamia,301,Maroon,extra large,7.7,2020-05-17,1.1,74,diam,4.7,790,standard,3.44
88,tortor id,Nulla facilisi. Cras non velit nec nisi vulputate nonummy. Maecenas tincidunt lacus at velit.,543.19,23.29,home decor,Wikizz,155,Indigo,small,8.9,2012-11-27,1.6,302,dolor sit amet,4.5,441,express,35.15
89,lorem integer,Nulla justo.,582.28,21.85,toys,Babbleopia,345,Teal,medium,4.7,2014-12-06,1.9,327,integer a nibh,4.6,203,express,17.18
90,tincidunt eget,"In quis justo. Maecenas rhoncus aliquam lacus. Morbi quis tortor id nulla ultrices aliquet. Maecenas leo odio, condimentum id, luctus nec, molestie sed, justo.",834.59,44.68,beauty,Zoozzy,997,Indigo,medium,3.8,2015-10-30,2.8,120,diam in magna bibendum imperdiet nullam,4.4,778,free,18.19
91,condimentum id,"Integer a nibh. In quis justo. Maecenas rhoncus aliquam lacus. Morbi quis tortor id nulla ultrices aliquet. Maecenas leo odio, condimentum id, luctus nec, molestie sed, justo.",474.36,8.44,electronics,InnoZ,508,Turquoise,small,3.8,2019-07-24,3.1,320,potenti in eleifend quam,4.5,181,free,3.45
92,molestie nibh in,Nulla suscipit ligula in lacus.,287.78,21.97,beauty,Centizu,341,Blue,large,2.0,2022-03-03,1.2,484,fermentum justo nec condimentum neque sapien,2.9,935,standard,48.39
93,nulla ac enim in,"In hac habitasse platea dictumst. Morbi vestibulum, velit id pretium iaculis, diam erat fermentum justo, nec condimentum neque sapien placerat ante. Nulla justo. Aliquam quis turpis eget elit sodales scelerisque.",93.37,42.25,home decor,Viva,222,Violet,small,2.4,2016-05-10,2.5,527,sapien ut nunc vestibulum ante ipsum,4.1,6,express,45.64
94,id justo,"Fusce congue, diam id ornare imperdiet, sapien urna pretium nisl, ut volutpat sapien arcu sed augue. Aliquam erat volutpat.",668.48,26.46,toys,Trunyx,255,Indigo,large,0.9,2012-02-23,4.7,556,ligula nec sem,3.0,697,express,46.47
95,nisi at nibh,"Morbi odio odio, elementum eu, interdum eu, tincidunt in, leo. Maecenas pulvinar lobortis est. Phasellus sit amet erat. Nulla tempus. Vivamus in felis eu sapien cursus vestibulum.",248.35,45.51,home decor,Wikivu,43,Mauv,medium,5.5,2018-02-23,2.2,317,mi nulla ac enim in,4.3,177,free,31.25
96,aliquam lacus morbi quis,Praesent lectus.,269.43,17.85,toys,Dablist,308,Purple,extra large,2.4,2011-12-23,3.5,43,metus arcu adipiscing molestie hendrerit at,2.1,692,standard,4.0
97,sit amet consectetuer,Integer tincidunt ante vel ipsum. Praesent blandit lacinia erat. Vestibulum sed magna at nunc commodo placerat.,242.19,26.05,electronics,Jayo,613,Blue,large,5.0,2013-03-15,4.1,561,integer tincidunt,3.0,368,standard,19.9
98,urna ut tellus nulla,"Maecenas tincidunt lacus at velit. Vivamus vel nulla eget eros elementum pellentesque. Quisque porta volutpat erat. Quisque erat eros, viverra eget, congue eget, semper rutrum, nulla.",54.21,15.64,electronics,Vinte,461,Fuscia,small,2.0,2020-03-19,4.3,392,felis,4.7,208,free,41.27
99,vestibulum velit id,Etiam vel augue. Vestibulum rutrum rutrum neque.,277.29,48.04,toys,Yodoo,934,Green,large,0.4,2017-12-19,1.7,454,tincidunt,4.5,269,free,0.45
100,aenean sit amet justo,Vestibulum ante ipsum primis in faucibus orci luctus et ultrices posuere cubilia Curae; Duis faucibus accumsan odio. Curabitur convallis.,767.1,32.66,beauty,Trupe,957,Orange,medium,7.0,2014-04-03,3.7,496,est congue,3.8,64,express,23.35
101,vestibulum proin eu,Donec posuere metus vitae ipsum. Aliquam non mauris. Morbi non lectus.,419.2,6.91,clothing,Twitterworks,229,Orange,extra large,6.8,2022-02-08,2.5,120,vestibulum vestibulum ante ipsum primis,3.2,480,express,19.38
102,iaculis congue vivamus metus,"Cras in purus eu magna vulputate luctus. Cum sociis natoque penatibus et magnis dis parturient montes, nascetur ridiculus mus. Vivamus vestibulum sagittis sapien. Cum sociis natoque penatibus et magnis dis parturient montes, nascetur ridiculus mus.",396.21,24.98,electronics,Riffpath,762,Aquamarine,medium,2.8,2010-11-23,2.9,556,in quam fringilla rhoncus mauris,1.9,956,express,48.4
103,egestas metus,"In est risus, auctor sed, tristique in, tempus sit amet, sem. Fusce consequat. Nulla nisl.",284.14,30.48,beauty,Mynte,46,Teal,large,9.7,2014-01-28,4.3,989,nunc rhoncus dui,4.8,907,free,34.62
104,purus eu magna,"Donec diam neque, vestibulum eget, vulputate ut, ultrices vel, augue. Vestibulum ante ipsum primis in faucibus orci luctus et ultrices posuere cubilia Curae; Donec pharetra, magna vestibulum aliquet ultrices, erat tortor sollicitudin mi, sit amet lobortis sapien sapien non mi. Integer ac neque. Duis bibendum.",826.11,18.83,home decor,InnoZ,714,Teal,large,8.1,2011-02-11,4.3,917,odio odio elementum eu,2.6,74,express,19.31
105,nisi at nibh in,"In hac habitasse platea dictumst. Aliquam augue quam, sollicitudin vitae, consectetuer eget, rutrum at, lorem.",148.71,4.66,home decor,Feedfire,995,Fuscia,small,0.8,2016-03-10,1.4,264,vel sem,4.3,573,express,0.65
106,amet justo,"Vivamus vestibulum sagittis sapien. Cum sociis natoque penatibus et magnis dis parturient montes, nascetur ridiculus mus. Etiam vel augue. Vestibulum rutrum rutrum neque.",175.6,24.32,clothing,Gigabox,419,Yellow,large,8.3,2021-02-12,2.7,415,porta volutpat quam,1.3,597,express,16.41
107,et magnis,"Donec odio justo, sollicitudin ut, suscipit a, feugiat et, eros. Vestibulum ac est lacinia nisi venenatis tristique.",40.6,21.37,home decor,Skyba,808,Green,medium,8.2,2020-07-06,3.2,321,diam vitae quam suspendisse potenti,3.2,337,express,46.47
108,eu nibh quisque,"Vivamus metus arcu, adipiscing molestie, hendrerit at, vulputate vitae, nisl.",757.13,21.02,clothing,Viva,577,Aquamarine,medium,9.8,2014-02-22,2.9,448,praesent blandit nam nulla integer pede,3.9,370,standard,49.65
109,id ornare imperdiet sapien,Nulla mollis molestie lorem.,183.92,47.65,clothing,Edgewire,916,Puce,small,7.0,2021-03-07,2.3,469,neque vestibulum eget vulputate ut ultrices,1.7,591,free,20.21
110,massa id lobortis,Donec semper sapien a libero. Nam dui.,560.95,14.41,electronics,Muxo,559,Yellow,small,1.9,2011-07-08,3.9,152,luctus,1.7,666,express,1.04
111,sodales sed,"Donec ut dolor. Morbi vel lectus in quam fringilla rhoncus. Mauris enim leo, rhoncus sed, vestibulum sit amet, cursus id, turpis.",412.71,32.76,electronics,Twitterbeat,888,Khaki,extra large,3.9,2015-06-29,3.3,888,habitasse platea dictumst,2.4,731,free,33.12
112,eget orci vehicula condimentum,Suspendisse potenti.,594.27,21.39,clothing,Thoughtblab,342,Mauv,extra large,1.2,2016-11-20,2.9,755,ipsum dolor sit amet consectetuer,4.6,319,free,20.31
113,enim blandit mi,Aenean fermentum. Donec ut mauris eget massa tempor convallis.,294.55,12.82,electronics,Gevee,557,Orange,extra large,8.1,2019-04-24,1.5,643,platea dictumst maecenas ut massa,4.6,540,free,32.66
114,nascetur ridiculus,In hac habitasse platea dictumst. Maecenas ut massa quis augue luctus tincidunt. Nulla mollis molestie lorem. Quisque ut erat.,151.36,25.63,clothing,Dabjam,229,Khaki,medium,7.5,2018-04-04,4.2,491,magnis dis parturient,2.3,434,standard,13.46
115,suspendisse ornare consequat,"Morbi vestibulum, velit id pretium iaculis, diam erat fermentum justo, nec condimentum neque sapien placerat ante. Nulla justo. Aliquam quis turpis eget elit sodales scelerisque. Mauris sit amet eros. Suspendisse accumsan tortor quis turpis.",449.82,23.5,beauty,Agivu,602,Fuscia,small,0.2,2016-09-06,3.6,259,condimentum id luctus nec molestie,2.3,44,standard,37.79
116,ut mauris eget massa,"Vivamus in felis eu sapien cursus vestibulum. Proin eu mi. Nulla ac enim. In tempor, turpis nec euismod scelerisque, quam turpis adipiscing lorem, vitae mattis nibh ligula nec sem. Duis aliquam convallis nunc.",806.27,48.2,beauty,Dynazzy,701,Fuscia,medium,3.8,2021-05-20,2.9,807,quis turpis sed,3.4,221,express,11.07
117,id lobortis,"Lorem ipsum dolor sit amet, consectetuer adipiscing elit.",162.06,19.91,electronics,Oyope,461,Indigo,small,6.4,2018-08-19,3.2,160,ligula vehicula consequat morbi,4.3,871,free,11.23
118,in hac habitasse,"Curabitur in libero ut massa volutpat convallis. Morbi odio odio, elementum eu, interdum eu, tincidunt in, leo. Maecenas pulvinar lobortis est. Phasellus sit amet erat. Nulla tempus.",304.4,41.62,toys,Zoomdog,952,Khaki,small,9.1,2019-09-19,3.0,21,ante vivamus tortor,2.7,114,express,34.79
119,luctus et ultrices posuere,Phasellus in felis. Donec semper sapien a libero.,885.47,46.97,beauty,Vinder,63,Red,small,2.7,2021-10-22,2.8,592,tincidunt nulla mollis,1.6,266,express,46.85
120,a ipsum integer a,"Donec semper sapien a libero. Nam dui. Proin leo odio, porttitor id, consequat in, consequat ut, nulla. Sed accumsan felis.",199.56,0.29,home decor,Dynabox,365,Yellow,medium,8.4,2022-02-18,2.5,683,vulputate vitae,2.4,139,free,28.67
121,natoque penatibus,Duis mattis egestas metus. Aenean fermentum. Donec ut mauris eget massa tempor convallis.,790.09,46.13,home decor,Blogpad,293,Fuscia,small,7.3,2011-10-12,4.4,526,vestibulum proin,5.0,154,free,39.68
122,posuere cubilia curae,"Morbi odio odio, elementum eu, interdum eu, tincidunt in, leo. Maecenas pulvinar lobortis est. Phasellus sit amet erat. Nulla tempus.",371.25,20.8,home decor,Photolist,471,Orange,medium,7.7,2011-10-12,2.1,66,nonummy maecenas tincidunt lacus at,4.2,362,express,45.74
123,ultrices libero non mattis,"Proin eu mi. Nulla ac enim. In tempor, turpis nec euismod scelerisque, quam turpis adipiscing lorem, vitae mattis nibh ligula nec sem. Duis aliquam convallis nunc. Proin at turpis a pede posuere nonummy.",961.94,23.96,electronics,Wikizz,629,Purple,extra large,2.0,2022-04-25,2.1,297,libero ut,4.9,672,free,39.51
124,nunc proin,"Nulla tellus. In sagittis dui vel nisl. Duis ac nibh. Fusce lacus purus, aliquet at, feugiat non, pretium quis, lectus. Suspendisse potenti.",176.22,41.01,beauty,Zooveo,223,Goldenrod,large,6.5,2020-08-05,2.0,697,massa,4.6,348,standard,39.96
125,sagittis nam congue,"Vestibulum ac est lacinia nisi venenatis tristique. Fusce congue, diam id ornare imperdiet, sapien urna pretium nisl, ut volutpat sapien arcu sed augue. Aliquam erat volutpat. In congue. Etiam justo.",709.17,5.39,clothing,Jayo,849,Fuscia,small,5.2,2014-01-07,3.1,163,molestie,5.0,184,standard,36.81
126,tincidunt eu,In hac habitasse platea dictumst. Etiam faucibus cursus urna. Ut tellus. Nulla ut erat id mauris vulputate elementum. Nullam varius.,792.57,11.96,electronics,Oyoyo,65,Indigo,large,8.5,2011-03-12,1.1,846,molestie hendrerit at vulputate,3.2,650,free,20.47
127,eu est,"Donec vitae nisi. Nam ultrices, libero non mattis pulvinar, nulla pede ullamcorper augue, a suscipit nulla elit ac nulla.",340.33,4.68,electronics,Meevee,866,Mauv,medium,3.6,2017-10-24,2.4,300,feugiat non pretium,4.8,263,express,29.25
128,nulla ultrices aliquet maecenas,"Fusce lacus purus, aliquet at, feugiat non, pretium quis, lectus. Suspendisse potenti.",711.31,23.03,electronics,Kayveo,646,Violet,medium,7.8,2010-09-03,1.1,94,justo eu massa,3.2,921,standard,7.12
129,elit proin interdum,"Duis mattis egestas metus. Aenean fermentum. Donec ut mauris eget massa tempor convallis. Nulla neque libero, convallis eget, eleifend luctus, ultricies eu, nibh. Quisque id justo sit amet sapien dignissim vestibulum.",222.87,6.64,clothing,Quatz,660,Blue,large,3.0,2010-02-25,4.3,303,quam suspendisse potenti nullam porttitor,2.8,595,express,26.26
130,tristique est et tempus,"Maecenas tristique, est et tempus semper, est quam pharetra magna, ac consequat metus sapien ut nunc.",561.88,38.58,home decor,Devpulse,260,Crimson,medium,1.1,2015-01-05,3.3,825,vel est donec,1.4,322,standard,48.88
131,consectetuer adipiscing elit,Donec posuere metus vitae ipsum. Aliquam non mauris.,567.26,47.03,clothing,Fiveclub,778,Indigo,small,8.1,2015-06-28,2.5,826,rhoncus aliquam lacus morbi quis tortor,4.9,536,standard,42.09
132,sit amet erat nulla,"Praesent lectus. Vestibulum quam sapien, varius ut, blandit non, interdum in, ante. Vestibulum ante ipsum primis in faucibus orci luctus et ultrices posuere cubilia Curae; Duis faucibus accumsan odio.",325.99,14.37,clothing,Photolist,946,Khaki,large,4.8,2015-04-02,1.4,60,ipsum aliquam non mauris morbi non,1.3,554,standard,34.24
133,vestibulum sed magna,Maecenas ut massa quis augue luctus tincidunt. Nulla mollis molestie lorem. Quisque ut erat. Curabitur gravida nisi at nibh. In hac habitasse platea dictumst.,33.67,48.65,home decor,Shuffletag,546,Pink,small,3.8,2016-07-25,1.3,762,in consequat ut nulla,2.4,792,express,20.74
134,convallis nunc proin at,"Phasellus in felis. Donec semper sapien a libero. Nam dui. Proin leo odio, porttitor id, consequat in, consequat ut, nulla. Sed accumsan felis.",856.75,8.83,home decor,Voonix,746,Blue,medium,1.7,2015-08-02,1.6,71,libero nam dui proin,4.1,955,express,5.72
135,sit amet sem fusce,Sed ante. Vivamus tortor. Duis mattis egestas metus.,60.27,4.19,clothing,Kwimbee,273,Blue,large,2.0,2014-07-02,3.3,826,orci luctus et,3.0,690,standard,0.98
136,purus phasellus in felis,"In hac habitasse platea dictumst. Morbi vestibulum, velit id pretium iaculis, diam erat fermentum justo, nec condimentum neque sapien placerat ante. Nulla justo. Aliquam quis turpis eget elit sodales scelerisque. Mauris sit amet eros.",595.45,13.35,beauty,Kare,59,Yellow,extra large,6.6,2014-11-16,3.2,585,sed,2.0,944,express,34.84
137,ut mauris eget massa,"Praesent blandit. Nam nulla. Integer pede justo, lacinia eget, tincidunt eget, tempus vel, pede. Morbi porttitor lorem id ligula.",865.33,25.25,beauty,Camido,86,Red,large,4.6,2015-06-05,3.6,386,arcu,2.2,697,free,27.82
138,nulla neque,Quisque ut erat. Curabitur gravida nisi at nibh. In hac habitasse platea dictumst.,338.42,28.1,clothing,Buzzbean,764,Mauv,extra large,1.5,2018-10-17,3.4,652,at,2.0,790,free,2.29
139,lorem quisque,Etiam justo. Etiam pretium iaculis justo. In hac habitasse platea dictumst.,556.0,5.28,beauty,Tagtune,927,Teal,medium,6.5,2012-06-17,4.2,795,tristique est et tempus,2.3,726,standard,32.54
140,cubilia curae duis faucibus,Donec semper sapien a libero. Nam dui.,313.45,30.29,home decor,Quinu,193,Indigo,extra large,5.0,2021-11-14,4.9,140,sit amet lobortis sapien sapien non,1.2,517,standard,37.63
141,luctus cum,Sed accumsan felis. Ut at dolor quis odio consequat varius. Integer ac leo. Pellentesque ultrices mattis odio.,366.52,11.94,home decor,Youspan,447,Puce,medium,3.6,2018-11-15,2.5,16,etiam vel augue vestibulum,4.3,130,standard,25.48
142,maecenas ut,Donec posuere metus vitae ipsum. Aliquam non mauris. Morbi non lectus.,298.38,46.85,electronics,Gigaclub,549,Purple,medium,4.4,2011-11-17,1.8,944,est quam pharetra magna ac,3.0,965,express,17.27
143,at dolor,"Cras pellentesque volutpat dui. Maecenas tristique, est et tempus semper, est quam pharetra magna, ac consequat metus sapien ut nunc.",489.75,37.78,toys,Roodel,16,Turquoise,large,4.6,2013-01-23,4.2,12,mauris enim,1.4,1,express,18.09
144,venenatis non sodales sed,Cras in purus eu magna vulputate luctus.,630.07,47.7,home decor,Yadel,237,Indigo,small,6.8,2014-03-26,2.5,762,nulla elit ac,3.5,613,standard,43.65
145,non mattis,"Aenean fermentum. Donec ut mauris eget massa tempor convallis. Nulla neque libero, convallis eget, eleifend luctus, ultricies eu, nibh. Quisque id justo sit amet sapien dignissim vestibulum.",886.79,30.78,beauty,Eare,913,Red,small,2.2,2013-05-18,2.4,705,habitasse platea dictumst aliquam augue quam,4.9,198,free,25.12
146,lacinia aenean sit,Nulla ut erat id mauris vulputate elementum. Nullam varius. Nulla facilisi. Cras non velit nec nisi vulputate nonummy. Maecenas tincidunt lacus at velit.,162.14,23.86,home decor,Twinte,382,Blue,extra large,3.3,2021-03-09,2.1,11,a odio in hac habitasse,1.7,573,standard,25.91
147,lacus at velit,Nullam molestie nibh in lectus. Pellentesque at nulla.,552.33,19.78,clothing,Fivechat,653,Crimson,small,0.7,2021-12-28,1.9,16,pulvinar nulla,4.1,131,standard,22.59
148,nisl nunc rhoncus,Duis ac nibh.,235.51,22.09,toys,Skippad,370,Green,extra large,6.5,2021-01-26,2.2,20,amet turpis elementum,1.9,954,free,25.4
149,erat id,Maecenas ut massa quis augue luctus tincidunt.,149.39,39.43,toys,Skynoodle,810,Violet,medium,7.7,2014-05-18,3.2,118,viverra dapibus nulla,3.7,482,standard,34.73
150,sit amet consectetuer adipiscing,"In blandit ultrices enim. Lorem ipsum dolor sit amet, consectetuer adipiscing elit.",839.68,36.34,clothing,Voonyx,36,Red,extra large,4.1,2020-09-24,5.0,862,vel augue,3.4,64,express,28.78
151,nulla ultrices aliquet maecenas,"Lorem ipsum dolor sit amet, consectetuer adipiscing elit. Proin interdum mauris non ligula pellentesque ultrices. Phasellus id sapien in sapien iaculis congue.",218.07,9.21,clothing,Voonyx,887,Crimson,small,5.8,2021-11-10,2.3,413,nec euismod scelerisque quam,4.6,481,express,25.06
152,maecenas rhoncus,Morbi vel lectus in quam fringilla rhoncus.,40.69,33.7,clothing,Gevee,265,Orange,medium,2.7,2011-11-28,5.0,722,erat fermentum justo nec,2.4,948,free,15.93
153,ridiculus mus etiam,Suspendisse potenti. In eleifend quam a odio.,805.61,17.63,electronics,Yakidoo,413,Puce,extra large,6.4,2016-11-13,2.5,307,praesent,4.2,516,express,28.62
154,hac habitasse,"Praesent blandit. Nam nulla. Integer pede justo, lacinia eget, tincidunt eget, tempus vel, pede. Morbi porttitor lorem id ligula. Suspendisse ornare consequat lectus.",870.68,8.8,electronics,Kwilith,733,Blue,medium,3.3,2016-07-08,4.6,943,in porttitor pede justo eu massa,3.8,995,standard,5.93
155,integer aliquet,"Integer non velit. Donec diam neque, vestibulum eget, vulputate ut, ultrices vel, augue. Vestibulum ante ipsum primis in faucibus orci luctus et ultrices posuere cubilia Curae; Donec pharetra, magna vestibulum aliquet ultrices, erat tortor sollicitudin mi, sit amet lobortis sapien sapien non mi.",501.53,17.25,clothing,Browsecat,76,Puce,extra large,9.0,2015-11-21,1.1,834,orci nullam molestie nibh in lectus,4.5,398,free,10.38
156,nunc proin,"Aliquam non mauris. Morbi non lectus. Aliquam sit amet diam in magna bibendum imperdiet. Nullam orci pede, venenatis non, sodales sed, tincidunt eu, felis.",134.59,20.14,home decor,Quatz,944,Teal,extra large,2.6,2012-06-20,4.6,509,metus arcu adipiscing molestie hendrerit,2.3,110,standard,19.89
157,in est risus,"Vivamus tortor. Duis mattis egestas metus. Aenean fermentum. Donec ut mauris eget massa tempor convallis. Nulla neque libero, convallis eget, eleifend luctus, ultricies eu, nibh.",706.58,11.21,toys,Livepath,393,Goldenrod,extra large,5.4,2015-03-07,3.5,855,ornare consequat lectus in est,2.0,3,standard,4.84
158,massa id,"Fusce posuere felis sed lacus. Morbi sem mauris, laoreet ut, rhoncus aliquet, pulvinar sed, nisl. Nunc rhoncus dui vel sem. Sed sagittis.",333.51,15.88,beauty,Devpoint,176,Maroon,small,0.1,2011-05-01,3.5,889,sit amet,1.1,741,express,5.91
159,posuere cubilia curae,"Vivamus metus arcu, adipiscing molestie, hendrerit at, vulputate vitae, nisl. Aenean lectus. Pellentesque eget nunc. Donec quis orci eget orci vehicula condimentum. Curabitur in libero ut massa volutpat convallis.",271.99,44.18,home decor,Skajo,947,Yellow,medium,9.8,2013-11-26,2.7,381,ut massa quis augue,3.5,379,express,14.46
160,in magna,Nullam sit amet turpis elementum ligula vehicula consequat. Morbi a ipsum. Integer a nibh. In quis justo.,349.63,43.43,electronics,Rhyloo,116,Red,medium,6.4,2022-05-01,1.7,918,duis,1.7,566,express,48.96
161,ac consequat metus sapien,"Nam ultrices, libero non mattis pulvinar, nulla pede ullamcorper augue, a suscipit nulla elit ac nulla. Sed vel enim sit amet nunc viverra dapibus. Nulla suscipit ligula in lacus. Curabitur at ipsum ac tellus semper interdum.",710.91,22.9,toys,Yakijo,376,Fuscia,medium,6.7,2021-06-09,1.6,286,sed nisl nunc rhoncus,3.9,95,express,42.99
162,felis sed,Donec dapibus. Duis at velit eu est congue elementum. In hac habitasse platea dictumst.,712.88,24.37,clothing,Pixonyx,383,Green,large,8.0,2022-11-05,3.1,828,dapibus augue vel accumsan tellus nisi,3.3,3,free,6.38
163,ultrices posuere cubilia,Ut at dolor quis odio consequat varius. Integer ac leo.,720.02,1.64,beauty,Skimia,217,Crimson,large,7.2,2012-04-30,2.2,538,integer non velit donec diam,1.9,132,express,37.39
164,et magnis,"Pellentesque eget nunc. Donec quis orci eget orci vehicula condimentum. Curabitur in libero ut massa volutpat convallis. Morbi odio odio, elementum eu, interdum eu, tincidunt in, leo.",898.55,47.87,clothing,Vimbo,200,Crimson,small,8.1,2011-05-21,1.1,247,quam pharetra magna ac consequat,3.5,684,free,13.42
165,morbi sem mauris laoreet,Quisque ut erat. Curabitur gravida nisi at nibh. In hac habitasse platea dictumst.,186.22,29.6,beauty,Avaveo,427,Indigo,extra large,8.2,2010-06-18,2.8,622,habitasse platea dictumst morbi,1.7,804,express,23.98
166,metus arcu adipiscing molestie,Vestibulum ante ipsum primis in faucibus orci luctus et ultrices posuere cubilia Curae; Mauris viverra diam vitae quam. Suspendisse potenti.,566.35,8.39,toys,Linklinks,212,Crimson,extra large,8.6,2013-06-27,3.2,172,vivamus in felis eu sapien,2.8,644,express,15.43
167,in faucibus orci,"Ut at dolor quis odio consequat varius. Integer ac leo. Pellentesque ultrices mattis odio. Donec vitae nisi. Nam ultrices, libero non mattis pulvinar, nulla pede ullamcorper augue, a suscipit nulla elit ac nulla.",430.21,15.86,beauty,Blogtag,71,Puce,small,0.9,2022-10-01,1.1,544,justo lacinia,3.7,358,express,19.38
168,pede justo,Etiam justo. Etiam pretium iaculis justo. In hac habitasse platea dictumst. Etiam faucibus cursus urna. Ut tellus.,175.41,42.5,electronics,Vinte,617,Khaki,extra large,4.8,2018-03-10,2.3,719,nam ultrices libero,2.7,399,standard,31.52
169,justo maecenas,"Vivamus metus arcu, adipiscing molestie, hendrerit at, vulputate vitae, nisl. Aenean lectus. Pellentesque eget nunc.",355.7,40.68,beauty,Riffpath,833,Maroon,small,8.9,2020-09-12,4.9,440,quisque erat eros,4.8,974,free,47.97
170,at nunc,"Morbi vestibulum, velit id pretium iaculis, diam erat fermentum justo, nec condimentum neque sapien placerat ante. Nulla justo. Aliquam quis turpis eget elit sodales scelerisque. Mauris sit amet eros. Suspendisse accumsan tortor quis turpis.",55.72,32.92,clothing,Fanoodle,883,Khaki,extra large,3.8,2017-07-07,4.2,694,morbi quis tortor,1.7,624,express,16.05
171,curae mauris viverra diam,Sed ante.,446.29,46.94,clothing,Youtags,696,Pink,extra large,2.8,2015-01-04,3.9,660,consequat dui nec nisi,1.7,818,free,28.42
172,rutrum ac lobortis vel,Sed vel enim sit amet nunc viverra dapibus. Nulla suscipit ligula in lacus. Curabitur at ipsum ac tellus semper interdum.,156.61,30.13,electronics,Youspan,972,Aquamarine,small,2.6,2020-09-15,4.6,315,a nibh,4.9,325,free,31.03
173,purus aliquet,"Nunc nisl. Duis bibendum, felis sed interdum venenatis, turpis enim blandit mi, in porttitor pede justo eu massa.",845.78,14.64,beauty,Voonte,584,Turquoise,large,3.9,2011-04-10,4.4,918,vivamus vestibulum sagittis sapien cum sociis,3.6,69,free,11.13
174,nulla suspendisse potenti cras,Integer tincidunt ante vel ipsum. Praesent blandit lacinia erat.,191.59,11.73,electronics,Vidoo,172,Orange,large,3.6,2021-06-06,4.2,164,laoreet ut rhoncus,3.6,199,standard,32.85
175,nulla sed accumsan felis,"Morbi vestibulum, velit id pretium iaculis, diam erat fermentum justo, nec condimentum neque sapien placerat ante. Nulla justo. Aliquam quis turpis eget elit sodales scelerisque.",842.95,27.79,home decor,Oyoba,716,Puce,small,9.3,2019-11-22,3.2,121,elit ac nulla sed,2.6,700,free,28.37
176,fusce consequat nulla nisl,Donec vitae nisi.,46.34,32.45,beauty,Skidoo,389,Indigo,large,3.3,2022-09-20,2.2,314,arcu libero rutrum,2.6,743,standard,29.66
177,nullam porttitor lacus,"Quisque arcu libero, rutrum ac, lobortis vel, dapibus at, diam. Nam tristique tortor eu pede.",105.85,11.79,home decor,Livefish,659,Aquamarine,large,5.3,2014-05-22,2.2,753,pede ullamcorper augue a,3.8,373,free,43.88
178,vitae mattis,"Morbi sem mauris, laoreet ut, rhoncus aliquet, pulvinar sed, nisl. Nunc rhoncus dui vel sem. Sed sagittis. Nam congue, risus semper porta volutpat, quam pede lobortis ligula, sit amet eleifend pede libero quis orci. Nullam molestie nibh in lectus.",914.07,42.25,toys,Tagopia,201,Aquamarine,medium,8.5,2014-08-27,3.4,933,mattis pulvinar nulla pede,4.0,186,express,37.76
179,ut odio cras mi,"Integer pede justo, lacinia eget, tincidunt eget, tempus vel, pede. Morbi porttitor lorem id ligula. Suspendisse ornare consequat lectus. In est risus, auctor sed, tristique in, tempus sit amet, sem.",167.21,29.05,clothing,Aibox,976,Goldenrod,medium,7.3,2016-11-17,2.6,462,est donec odio justo,3.7,538,free,19.53
180,convallis eget eleifend,"Vestibulum ac est lacinia nisi venenatis tristique. Fusce congue, diam id ornare imperdiet, sapien urna pretium nisl, ut volutpat sapien arcu sed augue. Aliquam erat volutpat. In congue.",983.35,18.43,home decor,Rhyloo,575,Purple,extra large,3.0,2021-03-30,3.8,279,eleifend pede libero quis orci,2.2,867,express,26.59
181,quis orci,In congue.,947.53,30.19,clothing,Reallinks,688,Goldenrod,medium,2.0,2014-02-24,3.9,333,leo maecenas,1.1,737,standard,35.71
182,at ipsum ac tellus,"Cum sociis natoque penatibus et magnis dis parturient montes, nascetur ridiculus mus. Vivamus vestibulum sagittis sapien.",673.96,25.02,toys,Izio,806,Yellow,small,4.4,2016-09-10,1.1,87,leo maecenas,4.3,761,free,16.26
183,lorem quisque ut erat,Praesent blandit. Nam nulla.,513.57,13.01,clothing,Wikivu,16,Turquoise,extra large,0.5,2010-05-31,1.6,644,turpis nec euismod scelerisque,2.0,819,express,35.45
184,neque sapien placerat,"Cum sociis natoque penatibus et magnis dis parturient montes, nascetur ridiculus mus. Etiam vel augue.",133.84,42.75,home decor,Oyondu,679,Mauv,medium,6.2,2021-07-05,4.7,290,quis augue,2.9,496,free,3.45
185,orci pede venenatis,"Maecenas tristique, est et tempus semper, est quam pharetra magna, ac consequat metus sapien ut nunc.",648.11,17.29,home decor,Rhynoodle,796,Green,medium,8.8,2021-09-03,2.3,866,dapibus duis at velit,3.1,780,standard,30.8
186,nam ultrices libero,Mauris sit amet eros.,501.77,20.2,home decor,Gabspot,977,Blue,extra large,5.0,2018-03-05,3.6,822,id sapien in sapien iaculis,3.7,568,free,37.81
187,faucibus orci luctus et,Praesent id massa id nisl venenatis lacinia. Aenean sit amet justo.,526.77,35.35,home decor,Skyvu,675,Khaki,medium,6.5,2011-03-21,2.3,161,lacus,3.9,856,express,2.1
188,cubilia curae,"Phasellus id sapien in sapien iaculis congue. Vivamus metus arcu, adipiscing molestie, hendrerit at, vulputate vitae, nisl. Aenean lectus. Pellentesque eget nunc. Donec quis orci eget orci vehicula condimentum.",19.92,25.52,electronics,Gabcube,271,Yellow,small,7.4,2013-02-13,4.8,670,nec nisi,3.2,269,standard,37.48
189,vitae nisl,Proin at turpis a pede posuere nonummy.,658.32,3.16,clothing,Jayo,184,Crimson,small,9.5,2014-04-13,2.9,607,vivamus vel nulla,3.7,824,express,24.71
190,nascetur ridiculus mus vivamus,"Nulla ac enim. In tempor, turpis nec euismod scelerisque, quam turpis adipiscing lorem, vitae mattis nibh ligula nec sem.",193.69,21.47,home decor,Skyndu,760,Green,small,3.5,2022-01-13,2.3,490,convallis morbi odio odio elementum,1.5,753,free,24.3
191,libero quis orci,Aenean lectus. Pellentesque eget nunc. Donec quis orci eget orci vehicula condimentum. Curabitur in libero ut massa volutpat convallis.,32.71,21.64,toys,Feedfire,559,Indigo,medium,0.1,2016-10-22,3.1,980,sollicitudin mi sit amet lobortis sapien,4.9,863,standard,5.34
192,eleifend luctus ultricies eu,"Fusce consequat. Nulla nisl. Nunc nisl. Duis bibendum, felis sed interdum venenatis, turpis enim blandit mi, in porttitor pede justo eu massa.",754.64,1.88,electronics,Eidel,635,Crimson,small,2.3,2018-04-05,1.4,728,nulla suscipit ligula,3.7,753,free,33.42
193,at nunc commodo placerat,Suspendisse potenti. In eleifend quam a odio. In hac habitasse platea dictumst.,112.31,3.63,toys,Flashpoint,888,Khaki,small,7.3,2022-03-05,5.0,556,molestie nibh,1.2,934,free,19.94
194,parturient montes,Maecenas tincidunt lacus at velit. Vivamus vel nulla eget eros elementum pellentesque.,802.89,46.41,clothing,Yozio,384,Turquoise,large,6.8,2016-06-10,3.5,688,nibh in,4.6,577,express,45.12
195,posuere cubilia curae,Vestibulum ante ipsum primis in faucibus orci luctus et ultrices posuere cubilia Curae; Duis faucibus accumsan odio. Curabitur convallis. Duis consequat dui nec nisi volutpat eleifend. Donec ut dolor. Morbi vel lectus in quam fringilla rhoncus.,976.06,16.61,clothing,Twimm,610,Turquoise,large,7.5,2017-04-26,4.9,957,vulputate elementum,5.0,291,express,45.35
196,tincidunt lacus,Vivamus tortor. Duis mattis egestas metus.,61.91,38.67,home decor,Fivebridge,548,Blue,small,8.8,2013-01-30,1.9,875,diam cras pellentesque,4.8,202,free,37.48
197,sed vel enim sit,"Nunc rhoncus dui vel sem. Sed sagittis. Nam congue, risus semper porta volutpat, quam pede lobortis ligula, sit amet eleifend pede libero quis orci.",881.75,24.98,clothing,Innojam,985,Blue,small,2.5,2010-05-01,2.2,278,vestibulum ante ipsum primis in faucibus,4.4,299,free,25.76
198,sapien placerat ante nulla,In quis justo. Maecenas rhoncus aliquam lacus. Morbi quis tortor id nulla ultrices aliquet.,557.63,18.39,home decor,Meedoo,995,Turquoise,extra large,8.7,2013-06-06,4.6,574,eleifend donec ut,4.6,199,express,45.34
199,ut mauris,Pellentesque at nulla. Suspendisse potenti. Cras in purus eu magna vulputate luctus.,402.93,6.8,electronics,Teklist,68,Pink,extra large,5.9,2011-03-19,4.1,613,euismod scelerisque quam,4.5,461,free,30.47
200,nibh in,"Donec diam neque, vestibulum eget, vulputate ut, ultrices vel, augue. Vestibulum ante ipsum primis in faucibus orci luctus et ultrices posuere cubilia Curae; Donec pharetra, magna vestibulum aliquet ultrices, erat tortor sollicitudin mi, sit amet lobortis sapien sapien non mi. Integer ac neque.",243.81,45.26,clothing,Skyba,294,Purple,small,1.0,2016-08-17,1.6,474,ultrices,2.4,682,free,35.88
201,vitae ipsum aliquam,Vestibulum rutrum rutrum neque. Aenean auctor gravida sem. Praesent id massa id nisl venenatis lacinia. Aenean sit amet justo. Morbi ut odio.,136.39,3.83,home decor,Rhynyx,215,Blue,small,3.2,2011-06-02,4.2,340,nisl duis ac nibh fusce lacus,3.4,251,express,19.29
202,lorem ipsum,"Maecenas leo odio, condimentum id, luctus nec, molestie sed, justo. Pellentesque viverra pede ac diam. Cras pellentesque volutpat dui. Maecenas tristique, est et tempus semper, est quam pharetra magna, ac consequat metus sapien ut nunc.",544.54,49.19,beauty,Nlounge,439,Maroon,medium,7.9,2016-03-10,2.2,218,imperdiet sapien urna pretium,1.1,363,express,7.12
203,sit amet sem,Cras non velit nec nisi vulputate nonummy.,173.11,31.55,electronics,Skyndu,285,Orange,medium,1.2,2020-11-05,4.9,95,pede morbi porttitor lorem id,2.0,123,express,42.6
204,id nulla,Etiam justo. Etiam pretium iaculis justo. In hac habitasse platea dictumst. Etiam faucibus cursus urna. Ut tellus.,646.96,28.47,beauty,Eire,270,Maroon,medium,2.2,2017-04-16,2.6,276,lacus curabitur at ipsum,1.6,581,free,25.07
205,sit amet sem,"Donec odio justo, sollicitudin ut, suscipit a, feugiat et, eros.",273.19,18.23,electronics,Yakijo,23,Goldenrod,medium,3.2,2017-05-16,1.7,719,eu est congue elementum in hac,1.7,598,standard,18.1
206,ante ipsum,"Morbi quis tortor id nulla ultrices aliquet. Maecenas leo odio, condimentum id, luctus nec, molestie sed, justo. Pellentesque viverra pede ac diam.",222.13,48.32,beauty,Latz,313,Crimson,small,5.4,2012-11-30,2.5,567,ultrices,2.2,375,free,40.06
207,lectus aliquam,Nullam varius.,805.08,39.06,home decor,Divanoodle,448,Purple,extra large,5.6,2011-09-26,2.5,592,nec condimentum neque sapien placerat ante,3.3,174,standard,36.45
208,est phasellus sit amet,"Aliquam augue quam, sollicitudin vitae, consectetuer eget, rutrum at, lorem. Integer tincidunt ante vel ipsum. Praesent blandit lacinia erat.",577.55,29.55,home decor,Thoughtstorm,193,Blue,medium,0.2,2020-12-02,2.9,85,sapien varius ut blandit,2.5,860,standard,1.44
209,hac habitasse platea dictumst,Mauris sit amet eros. Suspendisse accumsan tortor quis turpis. Sed ante. Vivamus tortor. Duis mattis egestas metus.,214.16,37.33,beauty,Gabtune,526,Teal,large,8.6,2013-09-06,4.5,437,nec dui,1.4,923,express,3.05
210,vel augue vestibulum rutrum,"Nunc nisl. Duis bibendum, felis sed interdum venenatis, turpis enim blandit mi, in porttitor pede justo eu massa. Donec dapibus. Duis at velit eu est congue elementum. In hac habitasse platea dictumst.",999.97,44.59,electronics,InnoZ,387,Khaki,extra large,0.7,2015-03-01,4.2,607,mi nulla ac enim in,3.2,918,standard,7.98
211,nulla tellus in,"Fusce posuere felis sed lacus. Morbi sem mauris, laoreet ut, rhoncus aliquet, pulvinar sed, nisl. Nunc rhoncus dui vel sem.",259.62,4.88,clothing,Feedfire,365,Mauv,large,7.7,2019-11-13,2.4,283,montes nascetur ridiculus mus,1.7,944,free,7.64
212,sagittis sapien cum sociis,Mauris sit amet eros. Suspendisse accumsan tortor quis turpis. Sed ante.,170.65,18.08,electronics,Zooveo,606,Fuscia,large,9.8,2013-04-17,3.6,719,nibh in quis justo maecenas rhoncus,1.6,454,express,14.6
213,aliquam erat,"Proin interdum mauris non ligula pellentesque ultrices. Phasellus id sapien in sapien iaculis congue. Vivamus metus arcu, adipiscing molestie, hendrerit at, vulputate vitae, nisl. Aenean lectus. Pellentesque eget nunc.",788.32,21.28,toys,Mydeo,27,Green,large,7.6,2012-08-22,4.2,28,primis,4.2,391,free,1.51
214,id turpis integer,Nullam molestie nibh in lectus.,166.3,21.51,toys,DabZ,988,Red,large,8.5,2021-05-13,1.3,549,lorem quisque,1.4,963,free,26.15
215,praesent id massa id,"Phasellus id sapien in sapien iaculis congue. Vivamus metus arcu, adipiscing molestie, hendrerit at, vulputate vitae, nisl. Aenean lectus. Pellentesque eget nunc.",799.23,6.94,electronics,Trudoo,639,Maroon,large,0.9,2012-02-26,4.1,764,donec vitae nisi,1.6,175,free,15.57
216,a ipsum integer,Praesent id massa id nisl venenatis lacinia. Aenean sit amet justo. Morbi ut odio.,295.71,18.21,beauty,Divape,243,Purple,small,4.5,2011-05-28,3.8,50,fusce consequat nulla nisl nunc,1.4,181,express,23.21
217,convallis nulla,"Maecenas rhoncus aliquam lacus. Morbi quis tortor id nulla ultrices aliquet. Maecenas leo odio, condimentum id, luctus nec, molestie sed, justo. Pellentesque viverra pede ac diam. Cras pellentesque volutpat dui.",433.94,8.35,toys,Buzzster,640,Indigo,small,5.7,2016-05-31,1.7,931,dolor sit,3.9,594,express,37.44
218,in faucibus orci luctus,Nulla justo. Aliquam quis turpis eget elit sodales scelerisque.,245.84,33.67,beauty,Ainyx,951,Green,extra large,7.4,2014-11-01,3.8,880,mattis odio donec,4.2,568,standard,49.79
219,donec diam neque vestibulum,In congue. Etiam justo.,971.4,42.84,electronics,Photobean,832,Orange,small,2.7,2021-02-16,3.2,868,consectetuer adipiscing elit proin risus,1.6,82,standard,43.78
220,pulvinar nulla pede ullamcorper,"Lorem ipsum dolor sit amet, consectetuer adipiscing elit.",922.58,36.32,toys,Flashset,730,Yellow,medium,3.4,2018-03-27,1.3,830,lorem vitae mattis nibh ligula nec,4.0,267,standard,47.3
221,nulla tempus vivamus,"Proin leo odio, porttitor id, consequat in, consequat ut, nulla. Sed accumsan felis. Ut at dolor quis odio consequat varius. Integer ac leo. Pellentesque ultrices mattis odio.",461.89,49.59,home decor,Brainlounge,589,Red,medium,7.9,2018-11-07,1.1,969,aliquam sit,2.9,252,express,49.38
222,sit amet nulla,Nullam molestie nibh in lectus.,741.59,7.5,home decor,Kwinu,63,Maroon,large,7.2,2013-03-04,2.6,350,non velit donec diam,3.4,964,free,7.65
223,suscipit a feugiat,Ut at dolor quis odio consequat varius.,285.07,24.93,beauty,Divanoodle,55,Green,medium,7.0,2020-07-05,2.8,840,rutrum,1.2,759,free,34.09
224,sit amet sem fusce,"Maecenas leo odio, condimentum id, luctus nec, molestie sed, justo. Pellentesque viverra pede ac diam. Cras pellentesque volutpat dui. Maecenas tristique, est et tempus semper, est quam pharetra magna, ac consequat metus sapien ut nunc.",105.01,44.87,beauty,Pixope,967,Purple,small,1.8,2019-05-27,4.4,141,at turpis a pede posuere nonummy,1.9,507,standard,24.23
225,magnis dis parturient montes,"Vivamus vel nulla eget eros elementum pellentesque. Quisque porta volutpat erat. Quisque erat eros, viverra eget, congue eget, semper rutrum, nulla. Nunc purus.",166.74,3.62,home decor,Flipbug,314,Goldenrod,large,1.7,2019-09-03,4.8,494,etiam faucibus cursus,1.8,539,standard,4.28
226,nullam varius nulla facilisi,Suspendisse accumsan tortor quis turpis.,384.3,22.4,beauty,Yakidoo,482,Fuscia,large,9.4,2017-04-30,2.7,393,tincidunt nulla mollis molestie,2.1,502,free,33.83
227,sit amet,"Maecenas leo odio, condimentum id, luctus nec, molestie sed, justo. Pellentesque viverra pede ac diam. Cras pellentesque volutpat dui. Maecenas tristique, est et tempus semper, est quam pharetra magna, ac consequat metus sapien ut nunc. Vestibulum ante ipsum primis in faucibus orci luctus et ultrices posuere cubilia Curae; Mauris viverra diam vitae quam.",645.39,24.25,toys,Feednation,939,Mauv,medium,5.9,2018-12-06,2.5,319,penatibus,4.1,4,free,39.57
228,eu massa donec,"Nunc nisl. Duis bibendum, felis sed interdum venenatis, turpis enim blandit mi, in porttitor pede justo eu massa. Donec dapibus.",838.12,21.36,electronics,Eare,148,Pink,large,1.2,2012-04-01,4.7,119,parturient montes nascetur,4.2,102,standard,30.01
229,convallis eget eleifend,"Donec odio justo, sollicitudin ut, suscipit a, feugiat et, eros.",181.16,4.44,toys,Voonder,684,Red,large,1.1,2022-07-10,2.3,487,nisi venenatis tristique,1.6,426,express,38.69
230,risus semper porta,Etiam pretium iaculis justo. In hac habitasse platea dictumst. Etiam faucibus cursus urna. Ut tellus.,129.64,15.79,toys,Topdrive,155,Teal,large,8.0,2014-11-01,2.4,127,aliquet maecenas leo odio condimentum,4.7,246,express,10.54
231,est lacinia,"Nunc nisl. Duis bibendum, felis sed interdum venenatis, turpis enim blandit mi, in porttitor pede justo eu massa. Donec dapibus.",684.58,13.27,electronics,Yabox,284,Teal,medium,7.4,2013-07-11,3.7,422,vestibulum ante,3.7,281,express,48.34
232,lacinia erat vestibulum,"Praesent blandit. Nam nulla. Integer pede justo, lacinia eget, tincidunt eget, tempus vel, pede. Morbi porttitor lorem id ligula.",897.42,41.93,beauty,Photobean,413,Mauv,medium,9.3,2015-06-25,1.5,480,eros suspendisse accumsan,4.2,667,express,24.29
233,commodo vulputate justo in,Etiam faucibus cursus urna. Ut tellus. Nulla ut erat id mauris vulputate elementum. Nullam varius. Nulla facilisi.,36.93,18.24,home decor,Quinu,459,Yellow,extra large,1.9,2013-04-18,2.2,3,phasellus id sapien in,5.0,61,express,1.69
234,libero convallis eget eleifend,"Lorem ipsum dolor sit amet, consectetuer adipiscing elit. Proin interdum mauris non ligula pellentesque ultrices. Phasellus id sapien in sapien iaculis congue.",452.15,13.8,toys,Gabvine,960,Fuscia,large,6.6,2015-02-22,2.5,118,dolor vel est donec odio,1.8,774,free,40.74
235,lacus morbi quis,Sed vel enim sit amet nunc viverra dapibus. Nulla suscipit ligula in lacus. Curabitur at ipsum ac tellus semper interdum.,976.57,46.48,electronics,Wikido,928,Aquamarine,extra large,1.3,2019-03-13,4.3,741,nonummy,4.2,170,free,25.16
236,non mi,"Morbi porttitor lorem id ligula. Suspendisse ornare consequat lectus. In est risus, auctor sed, tristique in, tempus sit amet, sem.",459.58,27.11,home decor,Demivee,261,Crimson,medium,1.2,2012-10-24,1.8,871,adipiscing elit,4.9,979,free,29.14
237,at turpis,Pellentesque at nulla. Suspendisse potenti. Cras in purus eu magna vulputate luctus.,260.8,48.7,clothing,Yoveo,674,Teal,medium,5.2,2014-09-19,2.6,994,proin eu mi,3.9,260,express,25.68
238,quisque erat eros viverra,Mauris lacinia sapien quis libero. Nullam sit amet turpis elementum ligula vehicula consequat. Morbi a ipsum.,887.21,2.54,electronics,Yamia,742,Orange,extra large,10.0,2010-07-14,3.4,925,augue,2.0,696,free,17.16
239,semper porta volutpat,Donec quis orci eget orci vehicula condimentum.,82.38,38.5,home decor,Yamia,343,Khaki,large,4.8,2013-11-26,4.9,419,mauris non ligula pellentesque ultrices,2.1,420,standard,22.24
240,nulla sed accumsan felis,"Maecenas rhoncus aliquam lacus. Morbi quis tortor id nulla ultrices aliquet. Maecenas leo odio, condimentum id, luctus nec, molestie sed, justo. Pellentesque viverra pede ac diam.",828.03,13.6,beauty,Jetwire,912,Crimson,medium,6.2,2015-10-16,1.8,407,in ante vestibulum ante ipsum primis,2.4,722,free,7.45
241,venenatis lacinia aenean sit,In eleifend quam a odio.,636.91,25.51,clothing,Agivu,461,Green,medium,7.5,2021-07-13,4.1,30,ut,3.9,397,free,8.27
242,semper est quam,Nullam molestie nibh in lectus. Pellentesque at nulla. Suspendisse potenti. Cras in purus eu magna vulputate luctus.,111.96,22.02,clothing,Topdrive,440,Violet,medium,5.3,2011-02-26,4.9,158,turpis donec posuere metus vitae,2.9,803,free,25.41
243,platea dictumst maecenas,Etiam pretium iaculis justo. In hac habitasse platea dictumst. Etiam faucibus cursus urna.,826.7,38.1,beauty,Abata,293,Aquamarine,small,2.0,2010-02-24,3.8,838,viverra pede ac diam cras,4.0,578,standard,2.36
244,non mi,Proin interdum mauris non ligula pellentesque ultrices.,401.64,26.09,toys,Photolist,319,Purple,medium,7.0,2015-09-22,4.3,171,ultrices posuere cubilia curae,2.9,408,free,25.47
245,magna vulputate luctus,"Vestibulum ante ipsum primis in faucibus orci luctus et ultrices posuere cubilia Curae; Donec pharetra, magna vestibulum aliquet ultrices, erat tortor sollicitudin mi, sit amet lobortis sapien sapien non mi. Integer ac neque. Duis bibendum. Morbi non quam nec dui luctus rutrum. Nulla tellus.",831.02,29.8,clothing,Centidel,157,Red,large,2.7,2014-06-13,1.2,646,nam tristique tortor eu pede,4.0,809,standard,27.41
246,nibh in hac habitasse,Aenean fermentum. Donec ut mauris eget massa tempor convallis.,248.76,9.05,electronics,Shufflebeat,351,Aquamarine,medium,2.1,2018-09-18,1.4,491,arcu adipiscing molestie hendrerit at,4.5,550,express,18.13
247,vel accumsan tellus,Nulla ut erat id mauris vulputate elementum. Nullam varius. Nulla facilisi. Cras non velit nec nisi vulputate nonummy.,375.6,19.15,beauty,Abatz,651,Crimson,extra large,2.4,2020-08-12,3.4,952,eget vulputate ut ultrices vel augue,2.0,284,free,48.7
248,aliquam non mauris,"Fusce posuere felis sed lacus. Morbi sem mauris, laoreet ut, rhoncus aliquet, pulvinar sed, nisl.",980.69,36.74,electronics,Zava,439,Maroon,extra large,3.8,2022-03-23,1.2,503,pede posuere nonummy,3.7,888,standard,20.46
249,pretium nisl,Nullam sit amet turpis elementum ligula vehicula consequat. Morbi a ipsum.,482.77,23.01,beauty,Katz,113,Goldenrod,large,7.8,2013-08-14,2.6,409,nulla neque,4.3,251,express,15.02
250,duis faucibus accumsan,Nullam sit amet turpis elementum ligula vehicula consequat. Morbi a ipsum. Integer a nibh.,524.79,34.84,home decor,Skivee,552,Teal,medium,4.6,2012-11-19,5.0,552,orci vehicula condimentum curabitur in libero,3.8,129,standard,33.72
251,tempus vel pede,Nullam sit amet turpis elementum ligula vehicula consequat.,840.98,43.06,home decor,Ainyx,488,Indigo,small,5.7,2011-05-01,4.2,959,nibh in lectus pellentesque at nulla,1.1,303,standard,38.86
252,luctus rutrum nulla tellus,"Curabitur in libero ut massa volutpat convallis. Morbi odio odio, elementum eu, interdum eu, tincidunt in, leo. Maecenas pulvinar lobortis est.",132.53,6.69,home decor,Ooba,198,Purple,extra large,3.8,2011-05-23,3.4,545,et ultrices posuere,4.0,555,express,15.32
253,pretium iaculis justo,"Lorem ipsum dolor sit amet, consectetuer adipiscing elit. Proin interdum mauris non ligula pellentesque ultrices. Phasellus id sapien in sapien iaculis congue.",860.62,20.74,clothing,Tagchat,977,Turquoise,large,1.9,2021-07-13,2.4,842,convallis duis consequat,4.9,429,standard,29.81
254,ut massa quis augue,"Donec vitae nisi. Nam ultrices, libero non mattis pulvinar, nulla pede ullamcorper augue, a suscipit nulla elit ac nulla. Sed vel enim sit amet nunc viverra dapibus. Nulla suscipit ligula in lacus.",112.97,41.84,home decor,Zooxo,814,Orange,extra large,5.2,2014-11-09,3.2,290,faucibus orci luctus et,3.9,581,standard,43.63
255,nunc proin at,"Phasellus id sapien in sapien iaculis congue. Vivamus metus arcu, adipiscing molestie, hendrerit at, vulputate vitae, nisl. Aenean lectus. Pellentesque eget nunc.",498.18,8.08,toys,Roodel,486,Crimson,small,2.5,2016-01-29,3.7,23,feugiat,2.2,717,standard,33.52
256,potenti cras in purus,In congue. Etiam justo. Etiam pretium iaculis justo. In hac habitasse platea dictumst. Etiam faucibus cursus urna.,673.02,12.12,toys,Avavee,914,Teal,medium,3.6,2015-10-27,3.3,692,accumsan odio,3.7,985,express,33.72
257,dolor sit amet,Curabitur in libero ut massa volutpat convallis.,403.26,9.13,home decor,Shufflester,282,Teal,large,3.3,2016-03-07,1.1,959,nisi vulputate nonummy maecenas tincidunt lacus,1.3,79,express,23.91
258,in faucibus,"Integer ac leo. Pellentesque ultrices mattis odio. Donec vitae nisi. Nam ultrices, libero non mattis pulvinar, nulla pede ullamcorper augue, a suscipit nulla elit ac nulla.",758.21,11.25,toys,Shufflester,927,Teal,large,7.0,2021-12-08,4.0,13,semper sapien,4.3,127,standard,26.95
259,blandit nam nulla integer,Ut tellus. Nulla ut erat id mauris vulputate elementum. Nullam varius.,918.62,22.74,home decor,Photojam,318,Goldenrod,small,0.5,2014-07-18,4.2,36,elit sodales scelerisque,1.6,526,express,15.46
260,molestie lorem,Mauris sit amet eros. Suspendisse accumsan tortor quis turpis.,454.11,17.67,beauty,Ailane,446,Pink,small,7.4,2022-09-15,4.3,504,pretium iaculis diam erat fermentum,4.1,738,standard,31.21
261,ultrices aliquet maecenas leo,"Cum sociis natoque penatibus et magnis dis parturient montes, nascetur ridiculus mus. Etiam vel augue. Vestibulum rutrum rutrum neque.",581.03,48.31,toys,Jetwire,140,Pink,small,6.1,2010-11-06,2.9,761,nec nisi volutpat eleifend,2.2,80,express,0.28
262,natoque penatibus et magnis,Suspendisse potenti. In eleifend quam a odio. In hac habitasse platea dictumst. Maecenas ut massa quis augue luctus tincidunt. Nulla mollis molestie lorem.,20.54,46.72,toys,Divavu,529,Orange,small,0.8,2013-03-20,4.4,797,justo aliquam quis turpis,3.2,564,express,35.44
263,amet erat nulla,Phasellus in felis.,885.71,44.17,beauty,Vinder,389,Green,large,1.4,2010-01-31,2.6,281,diam id ornare imperdiet sapien,2.5,534,standard,36.55
264,lorem ipsum,Suspendisse ornare consequat lectus.,955.15,6.93,beauty,Blogtags,304,Orange,extra large,4.9,2018-08-14,2.0,711,imperdiet sapien urna pretium,2.4,499,express,35.14
265,placerat praesent blandit,"Cum sociis natoque penatibus et magnis dis parturient montes, nascetur ridiculus mus.",541.16,48.48,beauty,Jabberbean,150,Turquoise,medium,7.7,2014-09-25,2.5,937,diam id ornare,3.7,791,standard,43.64
266,consectetuer adipiscing elit proin,"Praesent lectus. Vestibulum quam sapien, varius ut, blandit non, interdum in, ante. Vestibulum ante ipsum primis in faucibus orci luctus et ultrices posuere cubilia Curae; Duis faucibus accumsan odio. Curabitur convallis. Duis consequat dui nec nisi volutpat eleifend.",481.57,33.79,home decor,Feedfish,958,Goldenrod,small,3.0,2010-03-21,1.3,660,vestibulum proin eu mi nulla,4.7,396,standard,27.33
267,turpis nec,"Integer pede justo, lacinia eget, tincidunt eget, tempus vel, pede. Morbi porttitor lorem id ligula. Suspendisse ornare consequat lectus. In est risus, auctor sed, tristique in, tempus sit amet, sem.",452.33,49.8,toys,Yambee,702,Fuscia,medium,7.7,2019-03-13,3.5,728,porttitor id,3.5,399,free,5.95
268,nullam sit,"Nulla tellus. In sagittis dui vel nisl. Duis ac nibh. Fusce lacus purus, aliquet at, feugiat non, pretium quis, lectus. Suspendisse potenti.",850.59,20.03,toys,Quinu,576,Yellow,large,3.4,2016-12-07,5.0,102,eleifend luctus ultricies eu nibh,3.9,536,free,9.73
269,massa volutpat convallis morbi,Aliquam erat volutpat. In congue. Etiam justo. Etiam pretium iaculis justo.,538.32,28.04,beauty,Jaxnation,133,Khaki,small,6.5,2017-12-30,2.9,643,dictumst morbi vestibulum,2.2,622,standard,0.95
270,sodales sed tincidunt eu,"Fusce congue, diam id ornare imperdiet, sapien urna pretium nisl, ut volutpat sapien arcu sed augue. Aliquam erat volutpat. In congue. Etiam justo.",646.61,13.82,beauty,Photolist,100,Fuscia,medium,1.3,2018-04-04,3.9,491,id,1.4,572,free,41.09
271,pede posuere,Nulla ut erat id mauris vulputate elementum. Nullam varius.,386.61,8.59,home decor,Katz,631,Puce,medium,6.2,2015-11-04,1.3,87,mi sit amet lobortis sapien,1.4,644,free,45.32
272,sed nisl nunc rhoncus,Nulla facilisi. Cras non velit nec nisi vulputate nonummy.,915.85,36.85,home decor,Jaxnation,143,Indigo,large,7.9,2019-01-11,4.4,660,platea dictumst aliquam augue,2.8,212,standard,34.25
273,at vulputate vitae nisl,"Integer ac leo. Pellentesque ultrices mattis odio. Donec vitae nisi. Nam ultrices, libero non mattis pulvinar, nulla pede ullamcorper augue, a suscipit nulla elit ac nulla.",883.07,5.87,electronics,Twimm,560,Purple,large,8.3,2018-04-27,1.3,657,curae donec pharetra magna,3.8,772,standard,41.45
274,vel nulla,Ut at dolor quis odio consequat varius. Integer ac leo.,383.09,48.79,home decor,Lazz,165,Turquoise,extra large,3.8,2016-11-25,3.1,570,consequat lectus in est risus,4.8,588,free,10.35
275,mauris morbi non,"Aenean lectus. Pellentesque eget nunc. Donec quis orci eget orci vehicula condimentum. Curabitur in libero ut massa volutpat convallis. Morbi odio odio, elementum eu, interdum eu, tincidunt in, leo.",332.93,42.89,home decor,Yakitri,816,Red,medium,3.1,2012-02-13,4.6,517,lobortis sapien sapien non,3.6,509,express,27.86
276,et magnis dis parturient,"Proin leo odio, porttitor id, consequat in, consequat ut, nulla. Sed accumsan felis. Ut at dolor quis odio consequat varius.",90.62,5.0,beauty,Devpoint,710,Orange,small,5.4,2017-12-17,3.3,821,mi,4.0,959,standard,17.13
277,turpis sed ante,"Nam dui. Proin leo odio, porttitor id, consequat in, consequat ut, nulla. Sed accumsan felis. Ut at dolor quis odio consequat varius. Integer ac leo.",719.0,28.98,clothing,Rhyzio,644,Mauv,large,2.9,2021-03-06,3.5,860,ante ipsum primis in,2.3,827,standard,11.94
278,vestibulum quam sapien,"Nulla neque libero, convallis eget, eleifend luctus, ultricies eu, nibh. Quisque id justo sit amet sapien dignissim vestibulum. Vestibulum ante ipsum primis in faucibus orci luctus et ultrices posuere cubilia Curae; Nulla dapibus dolor vel est. Donec odio justo, sollicitudin ut, suscipit a, feugiat et, eros. Vestibulum ac est lacinia nisi venenatis tristique.",99.91,6.05,toys,Demivee,265,Crimson,extra large,9.1,2012-03-10,4.0,744,vehicula condimentum curabitur,3.6,74,express,33.69
279,accumsan tellus,"Nam congue, risus semper porta volutpat, quam pede lobortis ligula, sit amet eleifend pede libero quis orci. Nullam molestie nibh in lectus. Pellentesque at nulla.",19.6,21.53,clothing,Zoombeat,201,Pink,large,9.8,2018-08-09,2.4,618,felis eu sapien cursus,1.4,509,standard,38.9
280,donec posuere metus,"Quisque id justo sit amet sapien dignissim vestibulum. Vestibulum ante ipsum primis in faucibus orci luctus et ultrices posuere cubilia Curae; Nulla dapibus dolor vel est. Donec odio justo, sollicitudin ut, suscipit a, feugiat et, eros. Vestibulum ac est lacinia nisi venenatis tristique. Fusce congue, diam id ornare imperdiet, sapien urna pretium nisl, ut volutpat sapien arcu sed augue.",31.59,17.54,home decor,Topiczoom,945,Orange,medium,7.5,2012-04-01,4.2,581,ac nulla sed vel enim,1.9,359,free,48.2
281,sagittis sapien cum sociis,"Pellentesque viverra pede ac diam. Cras pellentesque volutpat dui. Maecenas tristique, est et tempus semper, est quam pharetra magna, ac consequat metus sapien ut nunc. Vestibulum ante ipsum primis in faucibus orci luctus et ultrices posuere cubilia Curae; Mauris viverra diam vitae quam. Suspendisse potenti.",853.59,2.75,clothing,Jabbertype,926,Purple,small,8.6,2010-03-07,1.0,663,interdum in ante vestibulum,4.7,235,standard,20.17
282,sagittis nam congue risus,Praesent blandit lacinia erat. Vestibulum sed magna at nunc commodo placerat. Praesent blandit. Nam nulla.,458.11,24.86,toys,Jazzy,262,Violet,large,3.1,2021-03-20,3.5,310,ut massa,1.2,795,free,44.25
283,integer aliquet,Quisque id justo sit amet sapien dignissim vestibulum. Vestibulum ante ipsum primis in faucibus orci luctus et ultrices posuere cubilia Curae; Nulla dapibus dolor vel est.,927.66,17.3,clothing,Oyoba,886,Maroon,large,2.1,2020-03-09,1.2,464,magna at nunc commodo placerat,2.9,86,free,24.24
284,lacinia erat vestibulum,Praesent lectus.,667.0,27.64,home decor,Babbleblab,126,Fuscia,small,1.8,2019-01-23,2.2,647,ipsum,1.5,280,express,20.2
285,urna pretium nisl,"Donec diam neque, vestibulum eget, vulputate ut, ultrices vel, augue.",467.99,23.97,home decor,Ozu,221,Fuscia,medium,3.7,2015-12-11,1.4,537,quis justo maecenas,1.2,782,standard,17.29
286,neque duis bibendum,"Vivamus tortor. Duis mattis egestas metus. Aenean fermentum. Donec ut mauris eget massa tempor convallis. Nulla neque libero, convallis eget, eleifend luctus, ultricies eu, nibh.",53.62,43.02,beauty,Dabtype,700,Mauv,small,4.4,2020-05-25,3.2,438,nulla quisque,1.9,949,free,47.25
287,ante ipsum primis,"Proin eu mi. Nulla ac enim. In tempor, turpis nec euismod scelerisque, quam turpis adipiscing lorem, vitae mattis nibh ligula nec sem. Duis aliquam convallis nunc. Proin at turpis a pede posuere nonummy.",26.7,18.94,clothing,Flashspan,178,Aquamarine,large,4.5,2016-04-23,2.7,514,diam erat fermentum justo nec condimentum,3.9,889,express,34.79
288,dictumst maecenas,"Vivamus metus arcu, adipiscing molestie, hendrerit at, vulputate vitae, nisl.",924.53,44.01,electronics,Twitterbeat,738,Violet,large,2.7,2017-11-14,2.8,73,massa id nisl venenatis lacinia aenean,2.9,829,standard,42.27
289,nibh quisque,Aenean lectus. Pellentesque eget nunc. Donec quis orci eget orci vehicula condimentum.,142.62,31.94,electronics,Mynte,188,Yellow,medium,8.9,2014-06-08,2.9,108,id,4.7,490,standard,27.47
290,ante vel,"Vestibulum ante ipsum primis in faucibus orci luctus et ultrices posuere cubilia Curae; Nulla dapibus dolor vel est. Donec odio justo, sollicitudin ut, suscipit a, feugiat et, eros. Vestibulum ac est lacinia nisi venenatis tristique. Fusce congue, diam id ornare imperdiet, sapien urna pretium nisl, ut volutpat sapien arcu sed augue.",975.27,20.64,clothing,Skipfire,206,Indigo,extra large,8.1,2011-03-29,4.7,161,at turpis a pede posuere,1.3,218,express,28.64
291,integer ac,"Morbi non lectus. Aliquam sit amet diam in magna bibendum imperdiet. Nullam orci pede, venenatis non, sodales sed, tincidunt eu, felis. Fusce posuere felis sed lacus.",272.75,15.89,toys,Tekfly,586,Indigo,large,4.9,2022-08-28,2.2,103,id sapien in,4.1,496,standard,45.8
292,mus vivamus,Maecenas ut massa quis augue luctus tincidunt. Nulla mollis molestie lorem. Quisque ut erat.,552.96,16.79,home decor,Aimbu,286,Pink,small,3.4,2016-07-07,2.1,168,nec sem,4.7,768,free,15.1
293,diam vitae quam,"Sed sagittis. Nam congue, risus semper porta volutpat, quam pede lobortis ligula, sit amet eleifend pede libero quis orci. Nullam molestie nibh in lectus.",296.93,4.81,beauty,Realmix,390,Yellow,large,7.3,2018-06-17,3.7,866,habitasse platea,1.1,421,express,29.52
294,ipsum primis,Morbi a ipsum. Integer a nibh. In quis justo.,964.44,6.81,toys,Gabtype,319,Goldenrod,small,1.8,2016-05-14,3.9,243,donec diam,3.9,264,standard,15.07
295,dui vel,"Quisque porta volutpat erat. Quisque erat eros, viverra eget, congue eget, semper rutrum, nulla. Nunc purus. Phasellus in felis.",254.88,26.1,clothing,Jabbertype,937,Green,large,2.6,2017-08-22,2.3,723,in faucibus orci luctus et,1.3,175,standard,47.56
296,eleifend luctus ultricies eu,"Vestibulum ante ipsum primis in faucibus orci luctus et ultrices posuere cubilia Curae; Donec pharetra, magna vestibulum aliquet ultrices, erat tortor sollicitudin mi, sit amet lobortis sapien sapien non mi.",781.97,35.64,home decor,Devpulse,170,Turquoise,small,1.0,2013-11-19,1.2,80,donec pharetra,3.3,405,free,47.46
297,in eleifend quam a,Curabitur at ipsum ac tellus semper interdum.,388.08,42.03,clothing,Skivee,388,Khaki,medium,7.7,2014-06-10,4.7,469,duis mattis egestas metus,2.3,901,standard,22.83
298,dis parturient montes nascetur,"Morbi odio odio, elementum eu, interdum eu, tincidunt in, leo. Maecenas pulvinar lobortis est. Phasellus sit amet erat. Nulla tempus. Vivamus in felis eu sapien cursus vestibulum.",669.11,0.15,electronics,Jetpulse,349,Aquamarine,large,4.4,2019-08-19,2.3,422,metus sapien ut,4.5,868,standard,44.94
299,leo maecenas pulvinar lobortis,Nulla tempus. Vivamus in felis eu sapien cursus vestibulum.,47.73,8.18,beauty,Roodel,353,Maroon,small,6.0,2010-08-31,2.0,807,vitae nisl aenean lectus pellentesque eget,3.7,39,standard,14.56
300,quam fringilla rhoncus,Fusce consequat. Nulla nisl. Nunc nisl.,243.47,11.98,toys,Wikido,523,Crimson,small,3.3,2020-12-25,3.1,286,pulvinar nulla,3.2,865,standard,8.49
301,diam neque vestibulum eget,"Vestibulum ac est lacinia nisi venenatis tristique. Fusce congue, diam id ornare imperdiet, sapien urna pretium nisl, ut volutpat sapien arcu sed augue.",83.24,44.99,clothing,Thoughtblab,196,Indigo,extra large,3.2,2018-02-16,3.7,880,ut dolor morbi vel lectus,1.3,976,free,46.67
302,ipsum primis in,"Fusce lacus purus, aliquet at, feugiat non, pretium quis, lectus. Suspendisse potenti. In eleifend quam a odio. In hac habitasse platea dictumst.",744.37,14.71,electronics,Feedmix,929,Puce,medium,4.7,2018-10-29,5.0,384,tortor,2.7,607,standard,1.17
303,magna at nunc commodo,Suspendisse potenti. In eleifend quam a odio. In hac habitasse platea dictumst.,630.57,8.83,home decor,Einti,561,Fuscia,extra large,3.9,2015-05-03,1.9,335,ornare imperdiet sapien urna,1.6,370,express,31.44
304,rutrum nulla nunc purus,In hac habitasse platea dictumst.,299.97,18.82,toys,Linktype,578,Blue,large,9.8,2011-02-05,3.7,309,ac lobortis vel dapibus,3.0,984,free,36.47
305,aenean sit amet,Vivamus vel nulla eget eros elementum pellentesque. Quisque porta volutpat erat.,405.11,24.3,home decor,DabZ,85,Pink,small,2.6,2015-12-24,4.0,189,odio odio elementum eu interdum,2.3,872,free,37.47
306,felis sed interdum venenatis,"Pellentesque eget nunc. Donec quis orci eget orci vehicula condimentum. Curabitur in libero ut massa volutpat convallis. Morbi odio odio, elementum eu, interdum eu, tincidunt in, leo.",203.85,31.6,toys,Topicware,50,Crimson,small,5.2,2012-08-05,4.0,531,vestibulum sagittis sapien cum sociis,1.7,900,free,45.68
307,quis lectus suspendisse potenti,"Aliquam non mauris. Morbi non lectus. Aliquam sit amet diam in magna bibendum imperdiet. Nullam orci pede, venenatis non, sodales sed, tincidunt eu, felis. Fusce posuere felis sed lacus.",675.93,24.99,beauty,Buzzshare,544,Indigo,large,0.9,2020-05-20,1.6,521,rutrum nulla tellus in sagittis,3.3,9,standard,33.51
308,venenatis lacinia aenean sit,Fusce consequat. Nulla nisl.,481.61,11.46,electronics,Devcast,501,Red,small,3.3,2021-12-05,1.7,297,duis mattis egestas,4.2,309,standard,42.45
309,dolor sit,Duis at velit eu est congue elementum. In hac habitasse platea dictumst.,695.59,44.69,beauty,Browsecat,805,Mauv,medium,7.7,2020-03-28,4.8,362,turpis a pede,1.2,879,free,19.19
310,et magnis dis,"Duis ac nibh. Fusce lacus purus, aliquet at, feugiat non, pretium quis, lectus. Suspendisse potenti. In eleifend quam a odio.",754.13,37.63,clothing,Mudo,770,Indigo,extra large,2.0,2022-04-26,3.9,631,ligula pellentesque ultrices,3.1,716,standard,1.78
311,proin at turpis a,"Nulla neque libero, convallis eget, eleifend luctus, ultricies eu, nibh.",777.89,43.79,beauty,Einti,290,Fuscia,large,8.2,2019-04-24,4.8,364,luctus et ultrices posuere cubilia curae,2.8,233,free,15.95
312,eget massa,Mauris sit amet eros. Suspendisse accumsan tortor quis turpis. Sed ante.,612.03,18.29,electronics,Dabfeed,826,Yellow,extra large,9.6,2021-01-02,1.0,153,sociis natoque,4.6,169,standard,0.78
313,odio justo sollicitudin ut,"Aliquam augue quam, sollicitudin vitae, consectetuer eget, rutrum at, lorem. Integer tincidunt ante vel ipsum. Praesent blandit lacinia erat. Vestibulum sed magna at nunc commodo placerat.",123.94,35.79,clothing,Photofeed,607,Khaki,large,8.6,2012-07-15,1.9,966,elit ac nulla,4.9,359,free,35.62
314,ac consequat metus sapien,Etiam vel augue. Vestibulum rutrum rutrum neque.,75.62,42.26,home decor,Dablist,617,Indigo,large,1.5,2019-09-22,1.1,617,orci mauris lacinia sapien,4.6,823,free,0.64
315,suspendisse potenti cras in,Sed accumsan felis.,876.06,33.63,electronics,Wordtune,880,Green,extra large,4.0,2018-09-24,4.2,33,id luctus nec molestie sed justo,1.3,923,express,42.28
316,quisque arcu,Nullam molestie nibh in lectus. Pellentesque at nulla.,712.99,23.52,toys,Dabjam,878,Indigo,large,3.7,2016-11-12,1.0,605,eros,3.0,33,standard,24.05
317,vel augue,Vestibulum ante ipsum primis in faucibus orci luctus et ultrices posuere cubilia Curae; Nulla dapibus dolor vel est.,673.5,29.75,home decor,Blogpad,239,Fuscia,large,0.4,2010-02-06,4.3,599,nisi eu orci mauris,1.9,926,standard,21.68
318,diam id ornare imperdiet,Proin risus. Praesent lectus.,316.94,49.83,clothing,BlogXS,705,Yellow,large,7.7,2011-03-30,4.9,373,in hac habitasse platea,2.1,54,standard,39.9
319,quisque arcu libero rutrum,Proin at turpis a pede posuere nonummy.,179.68,28.99,electronics,Yabox,782,Violet,medium,9.4,2018-02-01,2.2,799,auctor,4.9,368,free,5.3
320,iaculis congue vivamus,Morbi a ipsum. Integer a nibh.,891.41,47.54,clothing,Flashset,468,Puce,medium,3.8,2020-09-03,1.8,472,lorem id,4.1,996,standard,12.16
321,nunc purus,"Vestibulum ante ipsum primis in faucibus orci luctus et ultrices posuere cubilia Curae; Donec pharetra, magna vestibulum aliquet ultrices, erat tortor sollicitudin mi, sit amet lobortis sapien sapien non mi. Integer ac neque. Duis bibendum. Morbi non quam nec dui luctus rutrum.",504.49,43.32,electronics,Yodoo,796,Purple,medium,9.6,2010-03-16,1.2,133,in est risus,2.2,416,standard,35.7
322,ultrices posuere cubilia curae,Suspendisse potenti. In eleifend quam a odio. In hac habitasse platea dictumst.,995.24,3.2,beauty,Avavee,474,Fuscia,extra large,6.8,2022-03-29,4.3,919,id luctus,2.9,919,free,26.91
323,nisi venenatis tristique fusce,Nullam sit amet turpis elementum ligula vehicula consequat. Morbi a ipsum.,319.06,39.43,toys,Thoughtmix,263,Goldenrod,extra large,9.0,2021-04-22,1.4,748,a nibh in quis justo,2.3,208,express,28.51
324,imperdiet sapien urna,Etiam vel augue. Vestibulum rutrum rutrum neque. Aenean auctor gravida sem.,975.54,30.05,home decor,Wordware,479,Pink,small,6.2,2013-09-23,3.1,502,eget vulputate ut ultrices,3.1,653,express,42.05
325,nullam porttitor lacus,Sed ante. Vivamus tortor. Duis mattis egestas metus. Aenean fermentum.,128.19,20.09,electronics,Fliptune,919,Red,large,1.3,2013-11-03,2.1,394,iaculis congue,3.8,280,standard,18.21
326,lorem vitae,Phasellus in felis.,851.88,4.28,toys,Chatterbridge,803,Green,extra large,2.4,2013-10-13,2.7,159,orci vehicula,1.0,800,standard,2.69
327,ut nunc,"Donec odio justo, sollicitudin ut, suscipit a, feugiat et, eros. Vestibulum ac est lacinia nisi venenatis tristique. Fusce congue, diam id ornare imperdiet, sapien urna pretium nisl, ut volutpat sapien arcu sed augue. Aliquam erat volutpat.",852.9,29.41,toys,Realbridge,459,Khaki,medium,5.5,2013-07-04,4.5,317,turpis enim blandit mi in,2.8,669,express,25.26
328,dolor quis odio,"Nam nulla. Integer pede justo, lacinia eget, tincidunt eget, tempus vel, pede. Morbi porttitor lorem id ligula. Suspendisse ornare consequat lectus. In est risus, auctor sed, tristique in, tempus sit amet, sem.",488.28,23.35,electronics,Aibox,472,Violet,medium,7.2,2018-08-01,3.9,889,augue vel accumsan tellus nisi eu,1.6,623,express,4.97
329,quam a odio,In hac habitasse platea dictumst. Maecenas ut massa quis augue luctus tincidunt. Nulla mollis molestie lorem. Quisque ut erat. Curabitur gravida nisi at nibh.,439.61,28.26,electronics,Lazz,200,Maroon,extra large,8.3,2015-09-04,2.8,478,tincidunt,1.8,441,standard,13.82
330,mi sit amet lobortis,"Duis at velit eu est congue elementum. In hac habitasse platea dictumst. Morbi vestibulum, velit id pretium iaculis, diam erat fermentum justo, nec condimentum neque sapien placerat ante. Nulla justo. Aliquam quis turpis eget elit sodales scelerisque.",220.36,45.22,electronics,Zoomcast,178,Khaki,extra large,6.1,2016-04-16,4.8,783,nulla,3.6,883,standard,22.84
331,lectus in est risus,"Vestibulum ante ipsum primis in faucibus orci luctus et ultrices posuere cubilia Curae; Nulla dapibus dolor vel est. Donec odio justo, sollicitudin ut, suscipit a, feugiat et, eros. Vestibulum ac est lacinia nisi venenatis tristique. Fusce congue, diam id ornare imperdiet, sapien urna pretium nisl, ut volutpat sapien arcu sed augue.",348.54,33.23,beauty,Rhyloo,230,Red,large,6.4,2022-04-13,2.9,986,mauris,3.0,536,free,25.61
332,vitae mattis nibh ligula,In congue. Etiam justo.,936.81,36.68,electronics,Mynte,590,Fuscia,large,3.9,2021-11-15,1.1,160,adipiscing lorem vitae mattis nibh,2.8,779,express,3.3
333,mi in porttitor pede,"In est risus, auctor sed, tristique in, tempus sit amet, sem. Fusce consequat. Nulla nisl.",360.88,32.14,clothing,Bubblebox,53,Turquoise,large,9.5,2020-12-08,3.7,23,nisi eu orci mauris lacinia,4.0,535,free,37.03
334,fusce lacus,Fusce consequat.,441.72,22.23,electronics,Kaymbo,193,Blue,large,7.6,2015-12-18,4.3,227,turpis,1.2,192,standard,39.13
335,nullam orci pede,Duis ac nibh.,647.54,27.25,toys,Devbug,322,Blue,large,1.1,2010-11-26,4.6,880,auctor gravida,4.8,844,standard,4.37
336,eget tempus vel pede,"Fusce lacus purus, aliquet at, feugiat non, pretium quis, lectus. Suspendisse potenti. In eleifend quam a odio. In hac habitasse platea dictumst.",423.9,40.79,beauty,Gigaclub,637,Purple,medium,7.8,2010-11-16,3.7,666,morbi sem mauris laoreet ut rhoncus,4.2,320,standard,10.18
337,ipsum ac tellus semper,"In quis justo. Maecenas rhoncus aliquam lacus. Morbi quis tortor id nulla ultrices aliquet. Maecenas leo odio, condimentum id, luctus nec, molestie sed, justo. Pellentesque viverra pede ac diam.",44.24,29.19,toys,Topicblab,153,Goldenrod,large,9.8,2015-12-01,3.5,985,amet eleifend pede,2.9,346,free,10.01
338,tempus vel,Integer tincidunt ante vel ipsum. Praesent blandit lacinia erat. Vestibulum sed magna at nunc commodo placerat. Praesent blandit. Nam nulla.,722.79,9.71,toys,Skibox,295,Purple,extra large,5.1,2011-04-01,3.2,920,tellus,3.1,769,free,44.78
339,in faucibus,"Vestibulum ante ipsum primis in faucibus orci luctus et ultrices posuere cubilia Curae; Nulla dapibus dolor vel est. Donec odio justo, sollicitudin ut, suscipit a, feugiat et, eros.",173.48,29.89,clothing,Tazz,0,Orange,large,4.4,2020-08-23,3.6,309,velit id,4.3,246,standard,3.36
340,etiam vel augue vestibulum,"Nullam orci pede, venenatis non, sodales sed, tincidunt eu, felis. Fusce posuere felis sed lacus. Morbi sem mauris, laoreet ut, rhoncus aliquet, pulvinar sed, nisl. Nunc rhoncus dui vel sem. Sed sagittis.",976.68,46.11,beauty,Rhynoodle,107,Puce,small,4.8,2011-03-05,2.6,735,viverra pede ac diam cras,1.3,993,free,5.92
341,ultricies eu nibh quisque,"Curabitur gravida nisi at nibh. In hac habitasse platea dictumst. Aliquam augue quam, sollicitudin vitae, consectetuer eget, rutrum at, lorem.",447.92,2.6,toys,Blogtag,956,Green,small,3.9,2015-12-28,1.2,827,donec,3.0,519,express,5.18
342,pulvinar sed nisl nunc,Suspendisse potenti. Nullam porttitor lacus at turpis. Donec posuere metus vitae ipsum. Aliquam non mauris.,680.83,24.77,clothing,Eamia,932,Pink,small,8.6,2010-09-26,1.3,887,nisl duis ac nibh fusce,3.0,187,free,41.67
343,eros vestibulum ac,Suspendisse potenti.,786.76,45.15,electronics,Fatz,947,Blue,medium,8.8,2020-06-09,1.5,6,mus,3.7,227,express,27.86
344,venenatis turpis enim blandit,"Donec posuere metus vitae ipsum. Aliquam non mauris. Morbi non lectus. Aliquam sit amet diam in magna bibendum imperdiet. Nullam orci pede, venenatis non, sodales sed, tincidunt eu, felis.",554.38,6.57,clothing,Eamia,121,Teal,small,8.9,2014-01-19,3.9,493,orci,1.1,736,standard,33.95
345,nisl nunc,"Integer a nibh. In quis justo. Maecenas rhoncus aliquam lacus. Morbi quis tortor id nulla ultrices aliquet. Maecenas leo odio, condimentum id, luctus nec, molestie sed, justo.",693.51,35.28,electronics,Topicshots,926,Mauv,large,0.6,2021-04-11,2.5,408,suspendisse accumsan,2.7,122,express,32.54
346,sapien placerat,Nulla mollis molestie lorem. Quisque ut erat.,798.73,39.49,toys,Cogilith,467,Aquamarine,small,4.1,2022-03-31,3.1,668,donec,4.2,727,free,19.76
347,luctus nec molestie,"Praesent id massa id nisl venenatis lacinia. Aenean sit amet justo. Morbi ut odio. Cras mi pede, malesuada in, imperdiet et, commodo vulputate, justo.",277.07,34.0,home decor,LiveZ,138,Green,large,10.0,2010-11-27,2.6,869,aenean fermentum donec ut mauris,1.7,85,standard,6.3
348,donec quis orci eget,"Praesent blandit lacinia erat. Vestibulum sed magna at nunc commodo placerat. Praesent blandit. Nam nulla. Integer pede justo, lacinia eget, tincidunt eget, tempus vel, pede.",812.4,16.25,beauty,Kwimbee,470,Maroon,small,6.3,2019-01-12,4.3,879,ac,3.6,755,express,23.46
349,et ultrices,"Aliquam augue quam, sollicitudin vitae, consectetuer eget, rutrum at, lorem. Integer tincidunt ante vel ipsum. Praesent blandit lacinia erat.",292.17,8.11,toys,Dabfeed,852,Aquamarine,large,3.5,2016-12-25,4.9,340,id,1.9,646,standard,28.85
350,vestibulum aliquet ultrices erat,Integer tincidunt ante vel ipsum. Praesent blandit lacinia erat. Vestibulum sed magna at nunc commodo placerat. Praesent blandit.,361.72,42.13,clothing,Ntags,733,Indigo,medium,8.1,2013-12-23,1.2,295,tellus in sagittis dui vel nisl,1.2,296,standard,16.5
351,odio donec vitae nisi,Phasellus sit amet erat. Nulla tempus.,604.72,40.67,beauty,Dabjam,261,Puce,medium,0.2,2022-02-11,3.6,107,consequat dui nec nisi volutpat,3.0,980,free,3.82
352,morbi porttitor,"Praesent blandit. Nam nulla. Integer pede justo, lacinia eget, tincidunt eget, tempus vel, pede.",931.38,4.4,beauty,Rhyzio,929,Aquamarine,extra large,9.4,2018-03-31,1.9,448,nulla nunc,2.5,479,free,48.64
353,vivamus vel nulla eget,"Cras in purus eu magna vulputate luctus. Cum sociis natoque penatibus et magnis dis parturient montes, nascetur ridiculus mus. Vivamus vestibulum sagittis sapien. Cum sociis natoque penatibus et magnis dis parturient montes, nascetur ridiculus mus.",849.98,45.78,home decor,Mydo,774,Yellow,medium,6.0,2020-01-05,2.9,593,diam,1.2,369,free,20.1
354,mollis molestie lorem quisque,"Curabitur gravida nisi at nibh. In hac habitasse platea dictumst. Aliquam augue quam, sollicitudin vitae, consectetuer eget, rutrum at, lorem.",20.64,47.07,toys,Skalith,578,Khaki,large,6.9,2012-02-25,1.3,765,leo odio,1.2,342,standard,2.24
355,rutrum rutrum,"Morbi vel lectus in quam fringilla rhoncus. Mauris enim leo, rhoncus sed, vestibulum sit amet, cursus id, turpis. Integer aliquet, massa id lobortis convallis, tortor risus dapibus augue, vel accumsan tellus nisi eu orci. Mauris lacinia sapien quis libero.",493.08,41.71,beauty,Tazz,55,Indigo,medium,9.2,2012-04-13,1.2,353,mauris laoreet ut rhoncus,2.1,285,standard,42.37
356,mauris vulputate elementum,"Morbi vestibulum, velit id pretium iaculis, diam erat fermentum justo, nec condimentum neque sapien placerat ante. Nulla justo. Aliquam quis turpis eget elit sodales scelerisque. Mauris sit amet eros. Suspendisse accumsan tortor quis turpis.",532.1,0.48,electronics,Ozu,402,Red,extra large,7.4,2019-03-18,2.7,318,sem praesent id massa id,4.6,540,free,11.41
357,justo in,"Nam ultrices, libero non mattis pulvinar, nulla pede ullamcorper augue, a suscipit nulla elit ac nulla. Sed vel enim sit amet nunc viverra dapibus. Nulla suscipit ligula in lacus. Curabitur at ipsum ac tellus semper interdum.",485.87,24.08,toys,Flashdog,462,Indigo,medium,2.9,2017-01-04,3.4,256,consequat in,2.4,112,standard,49.67
358,ante ipsum,"Proin risus. Praesent lectus. Vestibulum quam sapien, varius ut, blandit non, interdum in, ante.",805.85,8.09,clothing,Jayo,623,Green,extra large,1.2,2019-06-28,3.6,33,pretium iaculis diam erat fermentum,2.9,157,free,11.9
359,tristique est,"Nunc nisl. Duis bibendum, felis sed interdum venenatis, turpis enim blandit mi, in porttitor pede justo eu massa. Donec dapibus. Duis at velit eu est congue elementum. In hac habitasse platea dictumst.",749.82,34.64,beauty,Katz,956,Blue,medium,2.9,2013-07-10,1.8,457,duis,2.4,768,free,25.69
360,turpis enim,"Duis ac nibh. Fusce lacus purus, aliquet at, feugiat non, pretium quis, lectus.",896.58,9.75,clothing,Skidoo,667,Purple,medium,0.8,2020-05-30,4.0,350,tristique,1.9,795,express,12.49
361,magnis dis,Fusce consequat.,980.11,37.95,electronics,Skimia,444,Crimson,extra large,0.1,2012-12-01,4.1,465,vitae mattis nibh ligula nec sem,4.3,258,free,29.28
362,curabitur gravida nisi,"Aliquam sit amet diam in magna bibendum imperdiet. Nullam orci pede, venenatis non, sodales sed, tincidunt eu, felis. Fusce posuere felis sed lacus.",188.63,13.8,electronics,Wordtune,960,Puce,medium,4.0,2018-10-15,2.6,206,non lectus aliquam sit amet,4.3,190,standard,30.35
363,porta volutpat,"Integer aliquet, massa id lobortis convallis, tortor risus dapibus augue, vel accumsan tellus nisi eu orci.",379.13,34.11,electronics,Brainlounge,727,Blue,large,9.0,2014-12-13,4.9,521,id mauris vulputate elementum nullam varius,3.8,22,express,35.11
364,viverra eget,"Morbi ut odio. Cras mi pede, malesuada in, imperdiet et, commodo vulputate, justo. In blandit ultrices enim. Lorem ipsum dolor sit amet, consectetuer adipiscing elit. Proin interdum mauris non ligula pellentesque ultrices.",254.51,28.75,toys,Fadeo,927,Turquoise,extra large,8.3,2020-09-08,4.4,652,nec nisi,4.2,619,standard,49.13
365,sit amet lobortis,Maecenas tincidunt lacus at velit. Vivamus vel nulla eget eros elementum pellentesque. Quisque porta volutpat erat.,121.78,19.05,toys,Yacero,724,Blue,small,2.6,2014-12-02,2.4,475,pede justo eu,3.1,572,free,30.6
366,nec nisi volutpat eleifend,Morbi a ipsum. Integer a nibh. In quis justo.,680.12,11.65,beauty,Trupe,694,Pink,small,5.0,2011-02-11,1.9,562,ut blandit,4.5,232,express,24.61
367,accumsan tortor quis turpis,Pellentesque eget nunc. Donec quis orci eget orci vehicula condimentum. Curabitur in libero ut massa volutpat convallis.,25.63,27.16,beauty,Kazu,782,Puce,extra large,7.0,2022-04-20,2.4,464,amet turpis elementum,2.5,518,free,22.24
368,phasellus id sapien,"Morbi non lectus. Aliquam sit amet diam in magna bibendum imperdiet. Nullam orci pede, venenatis non, sodales sed, tincidunt eu, felis. Fusce posuere felis sed lacus. Morbi sem mauris, laoreet ut, rhoncus aliquet, pulvinar sed, nisl.",755.94,13.39,beauty,Bluejam,707,Goldenrod,medium,3.6,2021-10-02,3.0,226,cubilia,2.4,23,standard,21.88
369,id nulla ultrices aliquet,"Nulla tellus. In sagittis dui vel nisl. Duis ac nibh. Fusce lacus purus, aliquet at, feugiat non, pretium quis, lectus. Suspendisse potenti.",361.7,12.1,toys,Thoughtblab,978,Teal,extra large,6.9,2015-03-18,2.6,92,nibh,4.2,325,standard,47.86
370,lorem integer,Nulla facilisi. Cras non velit nec nisi vulputate nonummy. Maecenas tincidunt lacus at velit. Vivamus vel nulla eget eros elementum pellentesque.,919.35,21.8,electronics,Wikido,605,Maroon,small,4.1,2012-06-02,2.0,20,sit,3.5,994,express,13.9
371,massa quis augue luctus,Maecenas pulvinar lobortis est. Phasellus sit amet erat. Nulla tempus. Vivamus in felis eu sapien cursus vestibulum.,546.58,25.97,home decor,Oloo,18,Fuscia,medium,8.3,2014-09-05,4.8,109,posuere cubilia curae,1.4,452,standard,39.85
372,bibendum felis,Pellentesque eget nunc. Donec quis orci eget orci vehicula condimentum.,494.07,45.1,electronics,Voolia,2,Violet,small,9.9,2017-06-23,3.2,697,et ultrices,3.9,251,free,24.9
373,lectus vestibulum,Nullam varius. Nulla facilisi. Cras non velit nec nisi vulputate nonummy.,956.81,26.26,clothing,Brainsphere,799,Red,large,6.1,2019-10-13,3.9,232,quam a odio in hac,4.1,192,free,5.67
374,maecenas rhoncus,"Nunc nisl. Duis bibendum, felis sed interdum venenatis, turpis enim blandit mi, in porttitor pede justo eu massa. Donec dapibus.",598.15,34.89,toys,Trudeo,804,Fuscia,large,1.7,2021-09-30,4.8,159,donec diam neque vestibulum,3.8,184,free,0.87
375,in porttitor pede,"Cras in purus eu magna vulputate luctus. Cum sociis natoque penatibus et magnis dis parturient montes, nascetur ridiculus mus.",308.02,10.07,beauty,Oyondu,347,Aquamarine,extra large,6.9,2017-08-09,2.6,783,quis lectus suspendisse potenti in eleifend,3.1,253,express,15.48
376,dis parturient,Morbi non lectus.,92.74,45.56,electronics,Oyoba,478,Aquamarine,large,2.3,2018-06-05,2.2,891,sit amet,2.6,800,free,2.43
377,sit amet consectetuer,"Morbi vestibulum, velit id pretium iaculis, diam erat fermentum justo, nec condimentum neque sapien placerat ante.",944.61,26.75,clothing,Mynte,897,Purple,extra large,8.6,2021-07-17,3.9,98,tellus nisi eu orci mauris,3.1,669,express,5.31
378,massa donec dapibus,"In est risus, auctor sed, tristique in, tempus sit amet, sem. Fusce consequat. Nulla nisl. Nunc nisl. Duis bibendum, felis sed interdum venenatis, turpis enim blandit mi, in porttitor pede justo eu massa.",638.36,37.0,clothing,Thoughtbridge,742,Turquoise,extra large,0.6,2020-02-27,4.8,534,lobortis vel dapibus at diam,2.0,406,standard,43.29
379,ac tellus semper interdum,Vivamus vel nulla eget eros elementum pellentesque. Quisque porta volutpat erat.,742.51,41.85,home decor,Riffwire,428,Fuscia,extra large,1.0,2013-04-02,3.4,282,eleifend quam a,1.5,552,standard,47.99
380,justo sit,"Cras in purus eu magna vulputate luctus. Cum sociis natoque penatibus et magnis dis parturient montes, nascetur ridiculus mus. Vivamus vestibulum sagittis sapien. Cum sociis natoque penatibus et magnis dis parturient montes, nascetur ridiculus mus. Etiam vel augue.",623.01,11.91,toys,Kaymbo,909,Crimson,medium,0.9,2015-10-29,4.3,786,nonummy,1.8,806,free,38.62
381,augue vestibulum ante ipsum,Sed ante. Vivamus tortor. Duis mattis egestas metus. Aenean fermentum.,387.94,13.16,home decor,Twitterbeat,920,Blue,medium,4.9,2010-09-03,3.4,93,diam id ornare imperdiet,3.5,677,standard,10.04
382,morbi non quam,Suspendisse potenti. In eleifend quam a odio. In hac habitasse platea dictumst.,959.5,37.89,toys,Jazzy,131,Red,extra large,7.8,2012-05-22,4.5,187,pharetra magna ac,4.5,370,free,21.91
383,lobortis vel dapibus,"Proin eu mi. Nulla ac enim. In tempor, turpis nec euismod scelerisque, quam turpis adipiscing lorem, vitae mattis nibh ligula nec sem. Duis aliquam convallis nunc.",826.11,1.26,beauty,Thoughtworks,186,Puce,large,3.9,2022-08-23,3.4,134,massa id lobortis convallis tortor,2.5,775,free,16.76
384,ut massa,"Nam ultrices, libero non mattis pulvinar, nulla pede ullamcorper augue, a suscipit nulla elit ac nulla. Sed vel enim sit amet nunc viverra dapibus. Nulla suscipit ligula in lacus. Curabitur at ipsum ac tellus semper interdum.",584.54,17.62,electronics,Kanoodle,967,Orange,extra large,9.8,2019-10-04,4.8,474,aliquam lacus morbi quis,1.9,410,standard,21.68
385,tortor duis mattis,"Nulla nisl. Nunc nisl. Duis bibendum, felis sed interdum venenatis, turpis enim blandit mi, in porttitor pede justo eu massa. Donec dapibus. Duis at velit eu est congue elementum.",162.61,32.82,electronics,Quatz,49,Turquoise,extra large,0.5,2011-09-18,1.0,678,rutrum ac lobortis vel dapibus,1.6,983,standard,31.56
386,in lectus,"Praesent id massa id nisl venenatis lacinia. Aenean sit amet justo. Morbi ut odio. Cras mi pede, malesuada in, imperdiet et, commodo vulputate, justo. In blandit ultrices enim.",151.39,20.89,beauty,Youopia,908,Turquoise,large,9.4,2021-07-31,1.4,132,vulputate vitae nisl,3.5,27,express,4.72
387,pede malesuada in imperdiet,"Donec odio justo, sollicitudin ut, suscipit a, feugiat et, eros.",508.36,32.65,beauty,Feednation,679,Mauv,extra large,7.5,2010-08-11,4.8,434,ante ipsum,4.6,780,express,32.53
388,lacus morbi,"Nulla nisl. Nunc nisl. Duis bibendum, felis sed interdum venenatis, turpis enim blandit mi, in porttitor pede justo eu massa. Donec dapibus.",59.84,11.2,clothing,Skajo,88,Violet,medium,7.9,2021-08-07,1.5,834,magna vulputate luctus,2.9,565,free,31.54
389,donec odio justo,"Cras in purus eu magna vulputate luctus. Cum sociis natoque penatibus et magnis dis parturient montes, nascetur ridiculus mus. Vivamus vestibulum sagittis sapien.",882.88,37.09,home decor,Browsedrive,383,Puce,large,9.5,2010-03-14,4.1,725,ac est,3.9,750,express,49.71
390,consequat morbi a,"Proin at turpis a pede posuere nonummy. Integer non velit. Donec diam neque, vestibulum eget, vulputate ut, ultrices vel, augue.",536.01,9.66,home decor,Wordtune,964,Mauv,large,4.5,2012-05-15,2.7,917,auctor gravida sem,3.2,727,free,44.02
391,ullamcorper augue a,"In hac habitasse platea dictumst. Aliquam augue quam, sollicitudin vitae, consectetuer eget, rutrum at, lorem. Integer tincidunt ante vel ipsum. Praesent blandit lacinia erat.",215.65,1.27,toys,Flipopia,569,Mauv,small,1.7,2021-12-10,4.7,278,eget eleifend luctus ultricies eu,3.4,655,express,3.65
392,donec ut,"Maecenas tincidunt lacus at velit. Vivamus vel nulla eget eros elementum pellentesque. Quisque porta volutpat erat. Quisque erat eros, viverra eget, congue eget, semper rutrum, nulla.",584.96,11.35,toys,Talane,840,Khaki,extra large,5.5,2017-02-04,4.6,891,fusce lacus purus aliquet,4.9,359,standard,25.12
393,vitae quam suspendisse potenti,Aenean auctor gravida sem. Praesent id massa id nisl venenatis lacinia. Aenean sit amet justo. Morbi ut odio.,33.93,5.28,beauty,Omba,534,Mauv,extra large,6.5,2015-09-04,3.0,909,ut rhoncus,1.3,531,express,25.21
394,varius integer,"Curabitur in libero ut massa volutpat convallis. Morbi odio odio, elementum eu, interdum eu, tincidunt in, leo. Maecenas pulvinar lobortis est. Phasellus sit amet erat. Nulla tempus.",142.47,9.67,electronics,JumpXS,672,Aquamarine,large,2.5,2016-01-06,3.6,450,curae mauris viverra diam vitae quam,2.1,687,free,38.91
395,tellus nisi,"Nam ultrices, libero non mattis pulvinar, nulla pede ullamcorper augue, a suscipit nulla elit ac nulla. Sed vel enim sit amet nunc viverra dapibus.",329.69,45.89,toys,Zoombox,38,Turquoise,large,9.8,2015-04-01,4.8,963,hac habitasse platea,2.4,415,standard,29.52
396,faucibus accumsan odio curabitur,Nulla facilisi. Cras non velit nec nisi vulputate nonummy. Maecenas tincidunt lacus at velit.,478.05,33.33,beauty,Dablist,930,Crimson,large,0.9,2015-10-14,2.2,963,fusce consequat nulla nisl nunc,2.1,837,express,15.78
397,dui vel nisl duis,Donec posuere metus vitae ipsum. Aliquam non mauris. Morbi non lectus.,749.1,4.93,clothing,Livetube,829,Red,medium,1.0,2014-07-06,2.2,35,cubilia curae donec pharetra magna,1.1,643,standard,23.25
398,montes nascetur ridiculus,Duis mattis egestas metus. Aenean fermentum. Donec ut mauris eget massa tempor convallis.,997.31,49.82,clothing,Browseblab,360,Crimson,extra large,0.2,2018-03-07,2.2,426,in hac habitasse platea dictumst,2.0,138,express,28.34
399,sed augue aliquam,"Aliquam augue quam, sollicitudin vitae, consectetuer eget, rutrum at, lorem.",318.61,25.78,toys,Tazzy,762,Turquoise,medium,3.6,2014-12-04,2.5,924,lobortis,1.6,51,free,32.27
400,arcu libero rutrum ac,"Mauris enim leo, rhoncus sed, vestibulum sit amet, cursus id, turpis. Integer aliquet, massa id lobortis convallis, tortor risus dapibus augue, vel accumsan tellus nisi eu orci. Mauris lacinia sapien quis libero. Nullam sit amet turpis elementum ligula vehicula consequat. Morbi a ipsum.",450.9,1.49,toys,Feedbug,116,Teal,large,1.6,2010-12-04,4.7,41,nullam,4.5,411,standard,15.44
401,nibh in hac,Duis bibendum. Morbi non quam nec dui luctus rutrum. Nulla tellus.,1.35,43.01,beauty,Yoveo,752,Indigo,small,7.1,2016-09-22,5.0,446,nisi,4.3,16,free,4.8
402,sit amet lobortis,"Integer aliquet, massa id lobortis convallis, tortor risus dapibus augue, vel accumsan tellus nisi eu orci.",234.5,40.06,home decor,Dabvine,557,Violet,large,1.3,2022-02-05,1.4,354,aliquam sit amet diam,2.0,374,standard,1.62
403,in tempor turpis,"Fusce congue, diam id ornare imperdiet, sapien urna pretium nisl, ut volutpat sapien arcu sed augue.",146.82,36.89,home decor,Yadel,798,Turquoise,small,8.9,2010-11-23,4.6,95,nulla tellus,4.0,384,free,15.44
404,lobortis convallis tortor,"Cras mi pede, malesuada in, imperdiet et, commodo vulputate, justo. In blandit ultrices enim. Lorem ipsum dolor sit amet, consectetuer adipiscing elit.",425.39,33.96,toys,Gabspot,982,Pink,large,9.6,2014-02-18,1.5,573,elementum pellentesque quisque porta,3.7,417,standard,40.2
405,tellus nulla ut erat,"Maecenas leo odio, condimentum id, luctus nec, molestie sed, justo. Pellentesque viverra pede ac diam. Cras pellentesque volutpat dui.",795.94,49.62,electronics,Innojam,864,Aquamarine,extra large,2.3,2020-12-24,5.0,370,sapien,3.1,502,standard,14.34
406,elementum nullam varius nulla,Integer ac leo. Pellentesque ultrices mattis odio.,773.97,3.29,clothing,Twimm,161,Yellow,large,5.2,2021-03-30,2.3,175,eu massa donec dapibus,2.1,836,express,25.71
407,ut volutpat,"Cras pellentesque volutpat dui. Maecenas tristique, est et tempus semper, est quam pharetra magna, ac consequat metus sapien ut nunc.",781.85,33.14,beauty,Gigashots,746,Pink,small,6.8,2013-03-18,1.8,568,nisl aenean lectus,1.9,595,express,44.74
408,ante ipsum,In congue. Etiam justo. Etiam pretium iaculis justo.,977.04,6.42,beauty,Innojam,233,Crimson,large,3.7,2019-08-24,1.9,675,id luctus nec molestie sed justo,4.5,111,standard,9.23
409,neque duis bibendum,"Aenean auctor gravida sem. Praesent id massa id nisl venenatis lacinia. Aenean sit amet justo. Morbi ut odio. Cras mi pede, malesuada in, imperdiet et, commodo vulputate, justo.",600.35,4.43,beauty,Jabbercube,383,Yellow,medium,2.0,2020-07-16,3.1,75,tortor eu pede,3.5,554,express,46.59
410,eu est congue elementum,"Maecenas rhoncus aliquam lacus. Morbi quis tortor id nulla ultrices aliquet. Maecenas leo odio, condimentum id, luctus nec, molestie sed, justo.",727.2,1.08,clothing,Brainbox,62,Crimson,extra large,9.8,2015-12-23,4.2,370,accumsan odio,3.1,363,standard,17.45
411,nascetur ridiculus mus,Donec posuere metus vitae ipsum. Aliquam non mauris.,691.88,8.97,electronics,Avamba,546,Violet,small,7.9,2015-12-05,3.5,919,platea dictumst maecenas ut massa quis,4.7,115,express,17.92
412,cursus id,"Maecenas tristique, est et tempus semper, est quam pharetra magna, ac consequat metus sapien ut nunc. Vestibulum ante ipsum primis in faucibus orci luctus et ultrices posuere cubilia Curae; Mauris viverra diam vitae quam.",257.76,0.4,beauty,Quamba,939,Green,extra large,3.1,2016-01-05,3.3,906,viverra pede ac diam,3.1,186,standard,35.99
413,duis bibendum morbi,"Proin risus. Praesent lectus. Vestibulum quam sapien, varius ut, blandit non, interdum in, ante.",775.58,18.52,beauty,Dazzlesphere,834,Violet,large,1.7,2016-03-02,1.5,870,congue,3.6,79,free,16.35
414,sapien cursus vestibulum proin,"Aliquam augue quam, sollicitudin vitae, consectetuer eget, rutrum at, lorem. Integer tincidunt ante vel ipsum.",881.43,39.58,clothing,Gigabox,471,Aquamarine,extra large,6.4,2012-09-24,3.1,703,neque sapien placerat ante nulla justo,5.0,634,free,34.6
415,nibh in hac habitasse,In eleifend quam a odio. In hac habitasse platea dictumst. Maecenas ut massa quis augue luctus tincidunt. Nulla mollis molestie lorem. Quisque ut erat.,670.16,30.04,clothing,Plajo,337,Indigo,extra large,0.4,2012-05-24,2.1,76,sem praesent,4.4,513,free,13.81
416,eu pede,Nullam molestie nibh in lectus.,640.26,14.01,home decor,Youfeed,773,Puce,large,10.0,2011-12-03,3.7,961,risus praesent lectus,1.3,621,express,1.17
417,nullam sit,"Integer pede justo, lacinia eget, tincidunt eget, tempus vel, pede. Morbi porttitor lorem id ligula. Suspendisse ornare consequat lectus. In est risus, auctor sed, tristique in, tempus sit amet, sem.",678.6,26.49,beauty,Devcast,210,Fuscia,large,7.8,2018-03-08,4.4,659,fringilla rhoncus mauris,1.6,585,standard,7.63
418,suscipit ligula in lacus,"Quisque id justo sit amet sapien dignissim vestibulum. Vestibulum ante ipsum primis in faucibus orci luctus et ultrices posuere cubilia Curae; Nulla dapibus dolor vel est. Donec odio justo, sollicitudin ut, suscipit a, feugiat et, eros.",78.18,32.06,electronics,Jetwire,362,Goldenrod,medium,3.5,2016-05-24,1.9,486,pellentesque quisque porta,2.7,863,free,11.68
419,amet cursus,"Morbi vel lectus in quam fringilla rhoncus. Mauris enim leo, rhoncus sed, vestibulum sit amet, cursus id, turpis. Integer aliquet, massa id lobortis convallis, tortor risus dapibus augue, vel accumsan tellus nisi eu orci. Mauris lacinia sapien quis libero.",822.41,23.65,toys,Yacero,694,Blue,small,9.9,2015-04-26,1.9,730,ut rhoncus,2.9,577,express,32.6
420,odio cras mi pede,"Praesent lectus. Vestibulum quam sapien, varius ut, blandit non, interdum in, ante. Vestibulum ante ipsum primis in faucibus orci luctus et ultrices posuere cubilia Curae; Duis faucibus accumsan odio. Curabitur convallis. Duis consequat dui nec nisi volutpat eleifend.",120.94,38.86,home decor,Skajo,100,Aquamarine,large,1.5,2018-08-10,4.4,170,massa id lobortis convallis tortor,3.5,619,standard,34.6
421,cras non,"Integer aliquet, massa id lobortis convallis, tortor risus dapibus augue, vel accumsan tellus nisi eu orci.",362.79,23.61,toys,Ooba,170,Orange,extra large,3.0,2018-07-06,3.3,871,quis,4.6,992,express,42.16
422,libero ut massa,Proin interdum mauris non ligula pellentesque ultrices.,548.63,10.27,toys,Leenti,770,Green,small,6.5,2020-06-03,2.2,125,pellentesque quisque porta volutpat erat,2.3,370,free,25.21
423,nibh ligula,"Donec vitae nisi. Nam ultrices, libero non mattis pulvinar, nulla pede ullamcorper augue, a suscipit nulla elit ac nulla. Sed vel enim sit amet nunc viverra dapibus. Nulla suscipit ligula in lacus.",536.02,28.71,electronics,Katz,388,Aquamarine,large,6.5,2011-09-04,1.1,709,turpis,4.1,764,express,38.23
424,neque sapien placerat ante,"Vivamus metus arcu, adipiscing molestie, hendrerit at, vulputate vitae, nisl.",679.86,7.91,toys,Topicshots,164,Green,small,3.3,2010-08-23,2.7,964,nam dui proin,3.3,753,express,27.06
425,curae donec pharetra,"Cum sociis natoque penatibus et magnis dis parturient montes, nascetur ridiculus mus. Etiam vel augue. Vestibulum rutrum rutrum neque. Aenean auctor gravida sem. Praesent id massa id nisl venenatis lacinia.",50.8,28.73,toys,Zoozzy,710,Orange,large,0.2,2017-04-27,1.8,48,vestibulum rutrum rutrum neque aenean,1.8,672,standard,36.53
426,libero nullam sit,"Mauris enim leo, rhoncus sed, vestibulum sit amet, cursus id, turpis.",144.83,13.4,home decor,Wordify,822,Goldenrod,extra large,9.5,2011-04-06,2.8,790,potenti,2.2,458,express,29.08
427,nulla eget eros elementum,Nulla mollis molestie lorem. Quisque ut erat.,767.37,18.69,electronics,Quinu,943,Mauv,small,1.6,2011-09-18,1.9,224,sed tristique in tempus sit amet,3.2,500,free,33.84
428,elementum ligula,Nam tristique tortor eu pede.,841.99,20.84,home decor,Meeveo,852,Maroon,medium,7.4,2016-05-04,2.3,420,sapien sapien non,1.1,914,express,17.29
429,nec condimentum,"Fusce congue, diam id ornare imperdiet, sapien urna pretium nisl, ut volutpat sapien arcu sed augue.",330.01,22.8,beauty,Tazz,707,Yellow,large,1.9,2010-09-03,4.3,645,congue risus semper porta volutpat,2.5,943,express,14.68
430,lobortis ligula,"Nunc purus. Phasellus in felis. Donec semper sapien a libero. Nam dui. Proin leo odio, porttitor id, consequat in, consequat ut, nulla.",993.68,1.94,electronics,Roodel,539,Green,small,8.4,2013-01-07,2.9,601,nec sem,4.0,740,free,41.97
431,eu orci mauris,"Fusce consequat. Nulla nisl. Nunc nisl. Duis bibendum, felis sed interdum venenatis, turpis enim blandit mi, in porttitor pede justo eu massa. Donec dapibus.",674.79,9.06,beauty,Camido,306,Mauv,medium,9.2,2012-10-04,1.6,70,morbi quis tortor id nulla ultrices,3.2,527,standard,15.91
432,enim lorem ipsum,"Integer non velit. Donec diam neque, vestibulum eget, vulputate ut, ultrices vel, augue. Vestibulum ante ipsum primis in faucibus orci luctus et ultrices posuere cubilia Curae; Donec pharetra, magna vestibulum aliquet ultrices, erat tortor sollicitudin mi, sit amet lobortis sapien sapien non mi.",967.62,27.55,clothing,Omba,867,Green,large,1.6,2012-08-12,2.5,825,ut ultrices vel augue vestibulum,4.6,635,free,39.72
433,mattis odio donec vitae,"Vivamus vestibulum sagittis sapien. Cum sociis natoque penatibus et magnis dis parturient montes, nascetur ridiculus mus. Etiam vel augue. Vestibulum rutrum rutrum neque.",109.32,28.37,clothing,Roombo,875,Yellow,large,9.2,2021-06-28,4.6,248,nisi at nibh in hac habitasse,1.6,467,free,12.05
434,donec dapibus,Proin risus.,842.41,48.27,clothing,Twinder,352,Pink,medium,6.1,2012-09-02,3.1,254,nisl duis,2.6,567,express,27.97
435,nec euismod scelerisque,Morbi non quam nec dui luctus rutrum. Nulla tellus. In sagittis dui vel nisl.,518.5,21.83,clothing,Devshare,711,Crimson,medium,4.5,2014-10-15,2.1,993,vivamus vestibulum sagittis sapien cum sociis,2.8,57,standard,13.79
436,vehicula consequat morbi a,Vestibulum rutrum rutrum neque.,166.14,31.69,toys,Vidoo,71,Aquamarine,large,0.6,2014-09-01,3.8,252,vitae quam,3.5,177,express,9.96
437,dapibus duis at,Suspendisse accumsan tortor quis turpis. Sed ante. Vivamus tortor. Duis mattis egestas metus.,998.75,25.4,home decor,Quimba,989,Teal,small,2.1,2012-10-09,4.3,76,pede libero quis,4.5,789,free,37.06
438,tincidunt ante vel ipsum,Duis consequat dui nec nisi volutpat eleifend.,558.81,0.91,electronics,Trudoo,14,Maroon,extra large,8.2,2016-11-07,3.4,964,non,4.2,328,free,7.07
439,odio donec vitae nisi,Nulla ut erat id mauris vulputate elementum. Nullam varius.,358.15,39.98,clothing,Fadeo,601,Indigo,extra large,3.6,2022-06-19,3.1,598,mattis nibh ligula nec sem duis,3.9,758,standard,2.52
440,nulla ultrices aliquet maecenas,"Quisque arcu libero, rutrum ac, lobortis vel, dapibus at, diam.",711.15,9.69,toys,Oyoba,418,Green,large,3.7,2019-04-22,3.3,714,nulla pede ullamcorper augue,4.2,23,free,14.41
441,mi sit amet lobortis,Aliquam quis turpis eget elit sodales scelerisque. Mauris sit amet eros. Suspendisse accumsan tortor quis turpis. Sed ante.,411.58,16.71,beauty,Camimbo,457,Fuscia,large,5.8,2018-02-18,3.1,489,lacinia eget,3.0,634,standard,43.78
442,dis parturient montes nascetur,"Fusce posuere felis sed lacus. Morbi sem mauris, laoreet ut, rhoncus aliquet, pulvinar sed, nisl. Nunc rhoncus dui vel sem. Sed sagittis.",554.98,18.66,electronics,Flipbug,183,Teal,large,9.8,2022-07-28,3.7,748,pellentesque eget nunc donec quis orci,3.1,232,free,23.27
443,porta volutpat erat quisque,Suspendisse potenti. Nullam porttitor lacus at turpis.,709.24,46.55,clothing,Topicblab,39,Teal,extra large,3.2,2010-06-06,4.3,701,bibendum imperdiet nullam orci pede venenatis,1.3,505,express,36.95
444,tincidunt eu,"Donec quis orci eget orci vehicula condimentum. Curabitur in libero ut massa volutpat convallis. Morbi odio odio, elementum eu, interdum eu, tincidunt in, leo. Maecenas pulvinar lobortis est. Phasellus sit amet erat.",818.5,35.41,toys,Skidoo,607,Puce,medium,3.0,2016-07-04,3.1,837,nulla quisque arcu,4.7,86,free,36.05
445,volutpat sapien arcu,"Integer aliquet, massa id lobortis convallis, tortor risus dapibus augue, vel accumsan tellus nisi eu orci. Mauris lacinia sapien quis libero. Nullam sit amet turpis elementum ligula vehicula consequat.",757.22,24.84,beauty,Ntags,256,Goldenrod,medium,9.9,2020-07-30,3.9,316,sed vestibulum sit,2.9,530,free,46.19
446,convallis tortor risus dapibus,Vivamus tortor. Duis mattis egestas metus. Aenean fermentum. Donec ut mauris eget massa tempor convallis.,651.7,23.02,clothing,Cogibox,513,Turquoise,medium,2.4,2019-02-28,2.0,993,vestibulum sagittis sapien,3.8,550,free,17.34
447,nisi eu orci mauris,"Praesent lectus. Vestibulum quam sapien, varius ut, blandit non, interdum in, ante. Vestibulum ante ipsum primis in faucibus orci luctus et ultrices posuere cubilia Curae; Duis faucibus accumsan odio.",415.29,11.24,beauty,Kanoodle,152,Mauv,small,6.1,2022-05-11,1.4,558,in consequat,2.5,171,express,12.56
448,praesent id,Etiam pretium iaculis justo. In hac habitasse platea dictumst.,631.22,1.39,clothing,Browsezoom,548,Turquoise,small,4.9,2017-12-02,4.5,958,consectetuer eget,3.8,262,free,31.57
449,lectus suspendisse potenti,"Nam nulla. Integer pede justo, lacinia eget, tincidunt eget, tempus vel, pede. Morbi porttitor lorem id ligula. Suspendisse ornare consequat lectus. In est risus, auctor sed, tristique in, tempus sit amet, sem.",662.61,5.11,beauty,Katz,72,Violet,large,6.4,2010-06-22,4.4,180,turpis,3.2,684,express,9.75
450,blandit nam,Vivamus vel nulla eget eros elementum pellentesque. Quisque porta volutpat erat.,711.92,0.6,electronics,Avamba,42,Blue,large,0.6,2013-07-15,2.1,81,ut massa volutpat convallis morbi,3.1,780,standard,30.86
451,maecenas rhoncus aliquam,Quisque ut erat. Curabitur gravida nisi at nibh.,815.54,21.99,electronics,Lazz,260,Green,medium,6.1,2019-08-06,1.9,427,morbi odio odio elementum eu,1.9,546,standard,37.27
452,fusce lacus,In congue. Etiam justo. Etiam pretium iaculis justo. In hac habitasse platea dictumst.,243.93,12.21,electronics,Yodo,675,Puce,extra large,3.6,2014-04-17,4.8,703,ut massa volutpat convallis,3.1,176,express,39.74
453,sit amet consectetuer adipiscing,Duis mattis egestas metus.,613.15,12.59,toys,Twitterworks,207,Maroon,small,4.0,2016-01-09,3.9,529,gravida nisi at,4.3,940,express,38.63
454,amet erat nulla tempus,In congue. Etiam justo.,744.94,11.6,clothing,Voomm,263,Orange,large,1.0,2019-06-05,3.3,939,mauris sit amet eros suspendisse accumsan,3.1,359,free,1.85
455,dignissim vestibulum vestibulum ante,Etiam vel augue. Vestibulum rutrum rutrum neque. Aenean auctor gravida sem. Praesent id massa id nisl venenatis lacinia.,801.15,40.15,clothing,Zoomlounge,638,Khaki,small,1.7,2019-01-27,4.1,546,nulla nunc purus,1.4,969,express,38.55
456,nulla sed vel enim,"Aenean auctor gravida sem. Praesent id massa id nisl venenatis lacinia. Aenean sit amet justo. Morbi ut odio. Cras mi pede, malesuada in, imperdiet et, commodo vulputate, justo.",821.14,6.64,beauty,Babbleset,12,Teal,extra large,2.0,2011-03-29,1.5,556,luctus et ultrices posuere cubilia,1.9,760,standard,16.92
457,duis consequat dui,"Aliquam augue quam, sollicitudin vitae, consectetuer eget, rutrum at, lorem. Integer tincidunt ante vel ipsum. Praesent blandit lacinia erat.",652.46,47.04,beauty,Linklinks,683,Khaki,small,5.0,2012-01-06,2.5,898,nonummy,2.2,864,standard,27.64
458,ut volutpat,"Integer pede justo, lacinia eget, tincidunt eget, tempus vel, pede.",400.49,15.58,electronics,Midel,542,Yellow,extra large,4.0,2013-08-07,2.1,849,bibendum felis sed,1.1,882,standard,12.5
459,dictumst aliquam augue quam,Etiam justo. Etiam pretium iaculis justo. In hac habitasse platea dictumst. Etiam faucibus cursus urna.,458.01,5.96,beauty,Voonyx,197,Fuscia,small,3.2,2017-12-24,2.6,561,pellentesque at nulla suspendisse potenti cras,4.5,238,free,9.39
460,porttitor lacus at,"Pellentesque at nulla. Suspendisse potenti. Cras in purus eu magna vulputate luctus. Cum sociis natoque penatibus et magnis dis parturient montes, nascetur ridiculus mus.",136.81,11.46,electronics,Zoomzone,212,Turquoise,small,1.6,2013-11-20,1.1,543,vulputate nonummy maecenas,3.3,618,standard,24.65
461,diam erat fermentum justo,Mauris ullamcorper purus sit amet nulla.,355.32,20.73,toys,Oozz,240,Crimson,large,4.2,2012-03-07,1.9,990,urna ut tellus nulla ut,1.1,27,standard,46.1
462,adipiscing molestie,Nulla ut erat id mauris vulputate elementum. Nullam varius. Nulla facilisi. Cras non velit nec nisi vulputate nonummy.,597.55,13.08,home decor,Mymm,376,Violet,large,1.4,2011-07-14,3.7,576,non quam nec dui luctus,3.2,436,express,12.1
463,augue a suscipit,Etiam faucibus cursus urna. Ut tellus. Nulla ut erat id mauris vulputate elementum. Nullam varius.,709.23,37.62,electronics,Jazzy,104,Red,medium,6.2,2018-05-08,2.9,356,eu interdum eu tincidunt in leo,2.6,790,standard,32.21
464,sit amet nunc,"Nullam orci pede, venenatis non, sodales sed, tincidunt eu, felis. Fusce posuere felis sed lacus. Morbi sem mauris, laoreet ut, rhoncus aliquet, pulvinar sed, nisl.",864.48,39.54,toys,Devbug,979,Maroon,large,4.7,2016-08-26,3.5,895,sodales,3.6,34,free,32.33
465,sit amet cursus,Integer a nibh.,618.9,26.42,home decor,Jetwire,856,Indigo,medium,5.6,2014-08-10,2.8,141,vestibulum quam sapien varius,1.3,258,express,27.92
466,integer ac,"Cum sociis natoque penatibus et magnis dis parturient montes, nascetur ridiculus mus. Vivamus vestibulum sagittis sapien. Cum sociis natoque penatibus et magnis dis parturient montes, nascetur ridiculus mus. Etiam vel augue. Vestibulum rutrum rutrum neque.",456.93,24.9,toys,Meetz,419,Goldenrod,large,5.0,2019-06-23,4.1,493,purus phasellus in felis,3.3,233,express,25.0
467,elementum nullam varius,Phasellus in felis. Donec semper sapien a libero. Nam dui.,720.04,8.56,toys,Oyope,9,Pink,extra large,9.9,2012-07-18,3.4,111,ipsum,1.9,717,express,33.95
468,justo sollicitudin ut suscipit,Etiam pretium iaculis justo. In hac habitasse platea dictumst. Etiam faucibus cursus urna. Ut tellus.,498.52,28.57,clothing,Innotype,277,Teal,medium,4.4,2021-06-30,3.7,562,at diam,2.2,48,express,48.71
469,integer ac neque duis,Donec ut mauris eget massa tempor convallis.,322.53,28.81,beauty,Zava,76,Teal,extra large,1.8,2013-04-10,2.9,629,sit amet cursus id,4.7,909,free,14.98
470,rutrum nulla tellus in,"Duis aliquam convallis nunc. Proin at turpis a pede posuere nonummy. Integer non velit. Donec diam neque, vestibulum eget, vulputate ut, ultrices vel, augue.",866.88,27.3,toys,Gabvine,235,Indigo,extra large,6.3,2011-04-07,1.0,766,aliquam convallis nunc proin,1.5,57,express,38.29
471,eget congue eget,"Aenean fermentum. Donec ut mauris eget massa tempor convallis. Nulla neque libero, convallis eget, eleifend luctus, ultricies eu, nibh. Quisque id justo sit amet sapien dignissim vestibulum.",453.46,6.76,toys,Realmix,872,Crimson,extra large,6.4,2013-01-17,1.7,109,ligula vehicula consequat morbi a ipsum,2.8,428,standard,6.82
472,proin eu mi nulla,"Curabitur gravida nisi at nibh. In hac habitasse platea dictumst. Aliquam augue quam, sollicitudin vitae, consectetuer eget, rutrum at, lorem.",127.05,35.95,electronics,Realmix,639,Orange,small,0.8,2020-08-31,4.9,665,dapibus at diam nam,4.9,467,express,33.92
473,dui nec nisi,Aliquam sit amet diam in magna bibendum imperdiet.,564.45,14.67,electronics,Leexo,908,Puce,small,7.4,2010-02-27,4.9,750,eget elit sodales scelerisque,3.3,492,free,44.42
474,sagittis dui,Praesent blandit lacinia erat. Vestibulum sed magna at nunc commodo placerat. Praesent blandit. Nam nulla.,258.1,6.86,home decor,Flashpoint,840,Puce,large,6.6,2012-09-06,1.3,729,nulla,2.5,247,express,3.07
475,nibh in,"Lorem ipsum dolor sit amet, consectetuer adipiscing elit. Proin interdum mauris non ligula pellentesque ultrices.",663.89,31.76,clothing,Babbleopia,358,Red,extra large,7.0,2013-09-09,1.7,679,non mauris morbi non lectus aliquam,1.0,772,standard,48.05
476,nisl nunc rhoncus,Aliquam erat volutpat. In congue. Etiam justo. Etiam pretium iaculis justo. In hac habitasse platea dictumst.,311.69,28.76,electronics,Skinte,316,Turquoise,medium,5.1,2022-01-14,3.5,533,sit amet sem,2.6,615,standard,44.64
477,accumsan felis,"Integer aliquet, massa id lobortis convallis, tortor risus dapibus augue, vel accumsan tellus nisi eu orci. Mauris lacinia sapien quis libero. Nullam sit amet turpis elementum ligula vehicula consequat. Morbi a ipsum. Integer a nibh.",772.66,5.63,beauty,Buzzshare,551,Violet,large,6.7,2017-08-04,2.6,538,et tempus semper,3.8,947,free,43.49
478,etiam faucibus cursus,"Curabitur at ipsum ac tellus semper interdum. Mauris ullamcorper purus sit amet nulla. Quisque arcu libero, rutrum ac, lobortis vel, dapibus at, diam. Nam tristique tortor eu pede.",539.58,1.76,home decor,Agivu,144,Teal,large,3.2,2015-01-22,1.2,887,rhoncus mauris enim leo rhoncus,3.8,762,express,8.45
479,duis mattis,"Fusce posuere felis sed lacus. Morbi sem mauris, laoreet ut, rhoncus aliquet, pulvinar sed, nisl. Nunc rhoncus dui vel sem. Sed sagittis.",656.89,45.83,beauty,Devshare,301,Khaki,large,6.8,2014-10-03,3.8,987,bibendum felis sed interdum venenatis turpis,3.0,955,free,45.26
480,vestibulum ante,"Nam nulla. Integer pede justo, lacinia eget, tincidunt eget, tempus vel, pede. Morbi porttitor lorem id ligula. Suspendisse ornare consequat lectus.",829.16,32.89,electronics,Browsebug,893,Crimson,large,3.6,2016-07-15,1.8,864,sem fusce,3.0,11,free,41.59
481,pretium iaculis diam erat,Praesent blandit lacinia erat. Vestibulum sed magna at nunc commodo placerat. Praesent blandit.,359.18,40.19,electronics,Lajo,912,Purple,small,3.1,2017-07-12,4.2,354,cubilia curae,4.4,927,free,24.8
482,purus eu magna vulputate,Nulla ut erat id mauris vulputate elementum. Nullam varius. Nulla facilisi.,299.14,2.26,electronics,Skipstorm,393,Teal,large,6.5,2018-06-12,3.8,18,eget nunc donec,2.7,512,express,37.28
483,integer ac,"Nulla tempus. Vivamus in felis eu sapien cursus vestibulum. Proin eu mi. Nulla ac enim. In tempor, turpis nec euismod scelerisque, quam turpis adipiscing lorem, vitae mattis nibh ligula nec sem.",341.43,46.56,toys,Blogpad,633,Purple,extra large,6.9,2017-04-30,3.7,672,pellentesque quisque porta volutpat erat,3.2,433,free,6.27
484,luctus et,Integer a nibh.,844.0,21.37,beauty,Thoughtbridge,22,Maroon,extra large,4.9,2016-08-07,3.0,507,enim sit,1.2,637,free,24.32
485,in quam,Duis consequat dui nec nisi volutpat eleifend.,37.94,42.74,toys,Twitterworks,782,Blue,large,2.3,2018-10-28,1.9,395,porttitor pede justo eu massa,1.2,979,standard,45.54
486,lacus morbi sem mauris,Nulla ut erat id mauris vulputate elementum. Nullam varius. Nulla facilisi.,571.31,20.42,toys,Izio,845,Puce,extra large,4.7,2010-07-28,1.4,480,congue eget semper,2.2,897,standard,12.75
487,luctus nec molestie sed,"Donec quis orci eget orci vehicula condimentum. Curabitur in libero ut massa volutpat convallis. Morbi odio odio, elementum eu, interdum eu, tincidunt in, leo.",563.82,1.95,home decor,Twitterworks,22,Turquoise,extra large,7.9,2019-03-20,2.8,928,volutpat erat quisque erat eros viverra,1.1,166,free,44.76
488,accumsan odio,"Praesent blandit lacinia erat. Vestibulum sed magna at nunc commodo placerat. Praesent blandit. Nam nulla. Integer pede justo, lacinia eget, tincidunt eget, tempus vel, pede.",975.97,7.67,toys,Zoombeat,480,Orange,extra large,4.2,2018-07-07,3.0,344,velit id pretium iaculis diam,3.4,366,free,20.68
489,tellus nisi,"Suspendisse ornare consequat lectus. In est risus, auctor sed, tristique in, tempus sit amet, sem. Fusce consequat. Nulla nisl. Nunc nisl.",957.06,8.14,clothing,Devcast,364,Pink,extra large,7.2,2014-09-04,4.0,13,in quam fringilla,1.0,2,express,22.59
490,imperdiet sapien urna,Suspendisse accumsan tortor quis turpis.,605.73,43.86,toys,Roomm,12,Purple,extra large,1.4,2018-01-08,2.7,534,nunc commodo placerat praesent blandit nam,4.2,838,express,26.65
491,viverra dapibus,"Maecenas tincidunt lacus at velit. Vivamus vel nulla eget eros elementum pellentesque. Quisque porta volutpat erat. Quisque erat eros, viverra eget, congue eget, semper rutrum, nulla.",237.69,7.79,clothing,Meetz,551,Mauv,large,3.2,2022-04-06,4.2,923,ut suscipit a feugiat et eros,4.3,780,standard,4.67
492,aenean fermentum donec ut,"Cum sociis natoque penatibus et magnis dis parturient montes, nascetur ridiculus mus. Vivamus vestibulum sagittis sapien. Cum sociis natoque penatibus et magnis dis parturient montes, nascetur ridiculus mus.",765.0,41.44,clothing,Ainyx,153,Purple,small,9.1,2014-07-07,2.5,964,vulputate justo in blandit ultrices enim,1.3,801,standard,28.41
493,nec nisi volutpat,Mauris sit amet eros. Suspendisse accumsan tortor quis turpis.,14.67,36.2,beauty,Linkbridge,718,Crimson,small,4.3,2010-11-21,1.7,757,est congue elementum in hac habitasse,2.6,932,standard,34.17
494,quisque ut erat,Cras in purus eu magna vulputate luctus.,496.89,37.21,toys,Demizz,137,Puce,large,5.5,2018-05-11,1.1,827,eget semper rutrum,1.6,259,free,25.0
495,nulla ultrices,Nulla tempus. Vivamus in felis eu sapien cursus vestibulum. Proin eu mi.,301.54,46.6,beauty,Plambee,647,Red,small,2.9,2014-11-05,3.5,460,at nunc,4.0,573,express,30.64
496,nam ultrices libero non,"Vestibulum ante ipsum primis in faucibus orci luctus et ultrices posuere cubilia Curae; Donec pharetra, magna vestibulum aliquet ultrices, erat tortor sollicitudin mi, sit amet lobortis sapien sapien non mi. Integer ac neque. Duis bibendum. Morbi non quam nec dui luctus rutrum.",264.11,4.16,clothing,Eare,579,Yellow,extra large,9.2,2013-09-19,4.7,828,quis orci eget orci vehicula,3.3,324,free,32.13
497,in libero,Maecenas tincidunt lacus at velit. Vivamus vel nulla eget eros elementum pellentesque. Quisque porta volutpat erat.,775.53,17.7,home decor,Zoomzone,703,Teal,small,9.9,2015-04-09,2.0,910,integer a nibh in quis justo,1.6,987,free,0.75
498,tristique fusce congue,Etiam faucibus cursus urna.,321.32,26.2,electronics,Flashset,152,Fuscia,small,3.3,2020-08-07,1.7,96,fusce,1.7,385,free,9.28
499,ligula sit amet eleifend,"Integer ac leo. Pellentesque ultrices mattis odio. Donec vitae nisi. Nam ultrices, libero non mattis pulvinar, nulla pede ullamcorper augue, a suscipit nulla elit ac nulla.",364.12,37.83,clothing,Cogidoo,472,Blue,extra large,8.1,2013-05-07,1.8,111,augue vestibulum rutrum rutrum neque,3.5,135,express,42.35
500,ante ipsum primis in,"Duis bibendum, felis sed interdum venenatis, turpis enim blandit mi, in porttitor pede justo eu massa. Donec dapibus. Duis at velit eu est congue elementum.",584.42,40.58,clothing,Kazu,441,Red,medium,5.7,2016-07-03,2.7,260,nulla eget eros,2.7,640,standard,19.22
501,non mi,Nulla nisl.,51.47,47.26,electronics,Chatterbridge,349,Indigo,small,8.4,2015-08-08,1.4,26,consequat ut nulla sed accumsan,4.4,388,free,36.74
502,eget rutrum at lorem,"Pellentesque ultrices mattis odio. Donec vitae nisi. Nam ultrices, libero non mattis pulvinar, nulla pede ullamcorper augue, a suscipit nulla elit ac nulla.",471.05,26.83,toys,Twimbo,961,Aquamarine,large,7.9,2018-12-22,3.1,455,orci luctus et ultrices posuere,3.2,801,free,43.95
503,platea dictumst maecenas ut,"Vestibulum ante ipsum primis in faucibus orci luctus et ultrices posuere cubilia Curae; Donec pharetra, magna vestibulum aliquet ultrices, erat tortor sollicitudin mi, sit amet lobortis sapien sapien non mi. Integer ac neque. Duis bibendum.",250.54,44.19,beauty,Buzzshare,657,Mauv,small,0.9,2022-06-14,4.7,989,condimentum id luctus,4.4,392,standard,29.98
504,mattis nibh ligula,"Nulla neque libero, convallis eget, eleifend luctus, ultricies eu, nibh.",837.49,22.22,toys,Mynte,960,Indigo,extra large,1.9,2010-12-12,2.9,973,turpis,1.1,678,express,16.45
505,nulla ac,Morbi non quam nec dui luctus rutrum. Nulla tellus.,992.13,47.42,beauty,Mydeo,776,Pink,medium,8.5,2016-09-01,2.2,323,vehicula,1.1,895,express,20.61
506,diam in magna bibendum,"Morbi vel lectus in quam fringilla rhoncus. Mauris enim leo, rhoncus sed, vestibulum sit amet, cursus id, turpis.",913.09,9.22,home decor,Einti,919,Red,medium,2.3,2020-08-03,2.3,470,proin at turpis a,1.4,144,express,17.03
507,faucibus accumsan odio curabitur,"Morbi porttitor lorem id ligula. Suspendisse ornare consequat lectus. In est risus, auctor sed, tristique in, tempus sit amet, sem. Fusce consequat.",256.73,4.66,beauty,Kanoodle,252,Pink,extra large,2.2,2021-10-04,3.8,614,adipiscing lorem vitae,1.1,828,express,11.57
508,tempor convallis nulla,"In hac habitasse platea dictumst. Aliquam augue quam, sollicitudin vitae, consectetuer eget, rutrum at, lorem.",621.98,5.77,home decor,Wikivu,380,Puce,extra large,4.1,2018-06-25,3.2,946,enim blandit mi in,3.3,510,standard,49.8
509,phasellus sit amet erat,"Nam dui. Proin leo odio, porttitor id, consequat in, consequat ut, nulla. Sed accumsan felis.",979.32,47.44,toys,Browsedrive,547,Yellow,small,3.5,2016-05-20,4.5,976,lobortis est phasellus sit amet erat,1.6,344,free,25.39
510,maecenas rhoncus aliquam,"Nullam orci pede, venenatis non, sodales sed, tincidunt eu, felis. Fusce posuere felis sed lacus. Morbi sem mauris, laoreet ut, rhoncus aliquet, pulvinar sed, nisl.",900.58,47.27,clothing,Devify,181,Indigo,small,5.1,2016-09-27,1.1,447,sodales sed tincidunt eu,4.3,549,free,37.51
511,morbi sem mauris,"Quisque porta volutpat erat. Quisque erat eros, viverra eget, congue eget, semper rutrum, nulla. Nunc purus. Phasellus in felis.",887.79,47.15,electronics,Photospace,550,Violet,medium,0.2,2013-01-16,3.1,363,consequat morbi,3.2,645,free,37.74
512,turpis adipiscing,"Vestibulum ante ipsum primis in faucibus orci luctus et ultrices posuere cubilia Curae; Donec pharetra, magna vestibulum aliquet ultrices, erat tortor sollicitudin mi, sit amet lobortis sapien sapien non mi.",400.71,26.0,electronics,Blognation,291,Crimson,small,0.2,2016-11-15,4.2,2,sem mauris laoreet ut rhoncus,3.7,985,free,35.33
513,consequat varius,"Curabitur gravida nisi at nibh. In hac habitasse platea dictumst. Aliquam augue quam, sollicitudin vitae, consectetuer eget, rutrum at, lorem. Integer tincidunt ante vel ipsum.",142.41,47.13,home decor,Riffpedia,654,Purple,extra large,7.7,2014-01-20,2.9,18,etiam,1.5,344,standard,42.69
514,sit amet eros,Nulla mollis molestie lorem.,532.63,11.33,home decor,Avavee,593,Orange,medium,3.8,2019-03-28,2.8,227,volutpat convallis morbi odio odio elementum,4.1,427,free,47.59
515,nullam orci,"Morbi sem mauris, laoreet ut, rhoncus aliquet, pulvinar sed, nisl. Nunc rhoncus dui vel sem. Sed sagittis. Nam congue, risus semper porta volutpat, quam pede lobortis ligula, sit amet eleifend pede libero quis orci.",382.08,32.87,toys,Kazu,537,Goldenrod,small,7.8,2022-07-13,4.7,428,posuere felis sed lacus morbi sem,3.6,429,free,3.84
516,ante ipsum primis in,"Duis mattis egestas metus. Aenean fermentum. Donec ut mauris eget massa tempor convallis. Nulla neque libero, convallis eget, eleifend luctus, ultricies eu, nibh.",72.99,24.85,toys,Myworks,159,Purple,large,9.4,2022-11-23,1.6,963,volutpat sapien arcu sed,3.6,279,express,22.81
517,in hac habitasse platea,"Duis bibendum, felis sed interdum venenatis, turpis enim blandit mi, in porttitor pede justo eu massa.",260.43,18.03,clothing,Youspan,624,Goldenrod,medium,3.5,2011-02-02,2.5,54,a nibh,4.7,664,free,16.68
518,lacus at velit,"Nullam orci pede, venenatis non, sodales sed, tincidunt eu, felis. Fusce posuere felis sed lacus. Morbi sem mauris, laoreet ut, rhoncus aliquet, pulvinar sed, nisl. Nunc rhoncus dui vel sem.",458.11,24.73,toys,Aivee,586,Khaki,extra large,4.9,2010-05-31,1.3,156,consequat dui,4.2,230,free,2.85
519,quis orci eget orci,"Morbi vel lectus in quam fringilla rhoncus. Mauris enim leo, rhoncus sed, vestibulum sit amet, cursus id, turpis. Integer aliquet, massa id lobortis convallis, tortor risus dapibus augue, vel accumsan tellus nisi eu orci.",294.66,13.81,home decor,Blognation,798,Purple,extra large,9.9,2016-02-27,3.5,174,duis bibendum morbi,1.6,198,free,17.54
520,in lectus,Nulla justo. Aliquam quis turpis eget elit sodales scelerisque. Mauris sit amet eros. Suspendisse accumsan tortor quis turpis.,876.45,49.91,beauty,Riffpedia,758,Maroon,small,7.1,2022-01-23,3.7,323,arcu sed,2.3,163,express,48.67
521,tincidunt eu,Aenean fermentum. Donec ut mauris eget massa tempor convallis.,768.18,8.12,home decor,Rhyloo,644,Crimson,small,5.9,2018-05-24,2.0,256,vel est donec odio,4.0,29,standard,3.6
522,ut blandit non interdum,Suspendisse potenti.,910.94,7.55,toys,Twinder,836,Pink,small,8.7,2011-06-12,3.9,310,turpis adipiscing lorem vitae mattis nibh,1.4,530,standard,24.29
523,risus semper porta,Proin at turpis a pede posuere nonummy.,534.44,41.38,toys,Roomm,155,Turquoise,large,6.2,2017-10-26,4.2,773,augue vestibulum,3.3,986,standard,39.91
524,pede morbi,Nam nulla.,232.62,44.59,toys,Quatz,676,Turquoise,large,3.0,2011-01-23,3.8,955,vehicula,2.0,503,free,17.05
525,nec sem duis,Integer ac neque. Duis bibendum. Morbi non quam nec dui luctus rutrum.,769.95,28.44,home decor,Yodoo,163,Orange,extra large,0.8,2011-02-27,1.3,494,mi pede,1.3,906,express,41.29
526,donec vitae,Etiam justo. Etiam pretium iaculis justo. In hac habitasse platea dictumst. Etiam faucibus cursus urna. Ut tellus.,304.13,11.41,clothing,Voonix,237,Blue,large,8.8,2022-04-12,4.8,235,id turpis integer aliquet massa,1.3,837,express,21.2
527,ac consequat metus sapien,"Donec vitae nisi. Nam ultrices, libero non mattis pulvinar, nulla pede ullamcorper augue, a suscipit nulla elit ac nulla. Sed vel enim sit amet nunc viverra dapibus.",410.42,12.17,home decor,Dazzlesphere,294,Turquoise,small,6.7,2011-07-03,4.7,827,id sapien in sapien iaculis congue,2.3,609,standard,38.45
528,nulla neque,Sed accumsan felis. Ut at dolor quis odio consequat varius. Integer ac leo.,106.0,6.59,electronics,Kanoodle,150,Crimson,medium,1.4,2022-05-13,1.3,841,magna ac consequat metus sapien ut,1.7,979,free,40.32
529,eget eros,Aliquam quis turpis eget elit sodales scelerisque. Mauris sit amet eros. Suspendisse accumsan tortor quis turpis.,793.09,47.74,beauty,Vinder,445,Violet,small,8.6,2018-11-25,2.8,877,rhoncus,3.9,922,standard,29.05
530,ultrices enim,"Fusce posuere felis sed lacus. Morbi sem mauris, laoreet ut, rhoncus aliquet, pulvinar sed, nisl. Nunc rhoncus dui vel sem. Sed sagittis. Nam congue, risus semper porta volutpat, quam pede lobortis ligula, sit amet eleifend pede libero quis orci.",30.78,12.03,electronics,Zoonoodle,798,Maroon,extra large,3.4,2010-05-03,2.6,123,quis justo maecenas rhoncus aliquam lacus,1.1,748,standard,42.82
531,sem mauris laoreet ut,Quisque id justo sit amet sapien dignissim vestibulum.,349.2,47.05,electronics,Skidoo,392,Maroon,medium,2.9,2019-10-12,4.5,847,amet justo,3.5,667,standard,37.99
532,justo pellentesque,Maecenas tincidunt lacus at velit. Vivamus vel nulla eget eros elementum pellentesque.,36.73,33.32,beauty,Aibox,35,Pink,small,9.3,2010-09-14,3.5,341,sapien arcu sed augue aliquam erat,1.5,943,free,47.34
533,donec semper,"Cum sociis natoque penatibus et magnis dis parturient montes, nascetur ridiculus mus. Etiam vel augue.",856.55,33.44,electronics,Oyoba,921,Orange,medium,6.6,2013-04-20,4.9,999,sit amet nulla,3.8,574,express,24.96
534,quam turpis adipiscing lorem,Aliquam erat volutpat.,736.97,47.63,toys,Jabbertype,22,Khaki,medium,7.9,2013-10-26,4.3,644,ipsum aliquam non mauris,3.1,591,free,13.76
535,odio cras,"Lorem ipsum dolor sit amet, consectetuer adipiscing elit. Proin risus. Praesent lectus.",890.85,26.68,toys,Youopia,231,Puce,medium,2.7,2019-10-03,2.6,97,et eros vestibulum ac est lacinia,2.4,677,standard,23.14
536,proin risus,Praesent lectus.,406.03,1.34,home decor,Gevee,474,Mauv,small,9.9,2020-09-30,2.1,625,ligula sit,3.2,25,free,24.87
537,felis sed lacus morbi,"Aliquam non mauris. Morbi non lectus. Aliquam sit amet diam in magna bibendum imperdiet. Nullam orci pede, venenatis non, sodales sed, tincidunt eu, felis.",389.32,29.24,electronics,Roomm,455,Goldenrod,small,7.2,2021-07-11,1.8,257,morbi vel lectus,4.9,466,express,1.07
538,imperdiet sapien urna pretium,"Nulla neque libero, convallis eget, eleifend luctus, ultricies eu, nibh. Quisque id justo sit amet sapien dignissim vestibulum. Vestibulum ante ipsum primis in faucibus orci luctus et ultrices posuere cubilia Curae; Nulla dapibus dolor vel est.",713.53,40.11,toys,Minyx,47,Blue,extra large,6.0,2016-12-10,2.5,217,sed augue aliquam,2.8,947,free,19.28
539,tempor turpis,Mauris lacinia sapien quis libero. Nullam sit amet turpis elementum ligula vehicula consequat. Morbi a ipsum. Integer a nibh.,643.05,31.07,toys,Vitz,981,Purple,medium,7.5,2015-02-06,4.2,219,iaculis justo in,3.7,343,express,44.83
540,erat quisque,In congue.,176.34,33.84,home decor,Jamia,484,Fuscia,extra large,4.4,2018-01-10,4.0,606,elementum nullam varius,2.2,976,standard,23.43
541,sollicitudin mi sit amet,"Integer aliquet, massa id lobortis convallis, tortor risus dapibus augue, vel accumsan tellus nisi eu orci. Mauris lacinia sapien quis libero. Nullam sit amet turpis elementum ligula vehicula consequat.",593.68,42.82,beauty,Jabberstorm,43,Maroon,extra large,4.1,2022-10-16,1.8,724,integer tincidunt ante vel ipsum praesent,1.9,132,standard,20.42
542,nulla nunc purus phasellus,"Fusce lacus purus, aliquet at, feugiat non, pretium quis, lectus. Suspendisse potenti. In eleifend quam a odio.",589.24,45.52,toys,Buzzster,526,Blue,small,10.0,2013-09-08,2.0,859,ac nibh,3.8,260,express,2.71
543,cras non velit,Nulla mollis molestie lorem. Quisque ut erat. Curabitur gravida nisi at nibh.,550.94,35.19,home decor,Avaveo,469,Orange,medium,9.9,2010-05-08,2.2,960,enim lorem ipsum dolor,2.7,989,express,48.9
544,malesuada in imperdiet,"Donec semper sapien a libero. Nam dui. Proin leo odio, porttitor id, consequat in, consequat ut, nulla. Sed accumsan felis.",957.41,49.38,clothing,Brainverse,112,Blue,medium,8.8,2015-08-27,1.6,763,tellus nisi eu,4.6,635,free,48.69
545,sed sagittis,Quisque ut erat. Curabitur gravida nisi at nibh. In hac habitasse platea dictumst.,975.39,37.22,home decor,Tagopia,34,Green,large,4.8,2014-08-26,4.5,759,et eros vestibulum,4.6,654,free,31.94
546,leo odio condimentum,Mauris lacinia sapien quis libero. Nullam sit amet turpis elementum ligula vehicula consequat. Morbi a ipsum. Integer a nibh. In quis justo.,222.71,37.4,beauty,Fatz,587,Purple,extra large,7.4,2016-07-22,4.2,686,varius ut blandit non interdum,2.7,518,standard,30.28
547,massa tempor convallis,Etiam faucibus cursus urna. Ut tellus. Nulla ut erat id mauris vulputate elementum. Nullam varius. Nulla facilisi.,132.23,19.86,electronics,Muxo,62,Purple,medium,5.5,2010-07-07,3.4,240,purus aliquet at feugiat non pretium,3.2,865,express,20.16
548,justo eu massa donec,"Morbi odio odio, elementum eu, interdum eu, tincidunt in, leo. Maecenas pulvinar lobortis est.",132.58,29.77,beauty,Feednation,596,Puce,small,0.3,2021-08-27,3.3,941,amet sapien dignissim vestibulum vestibulum,1.5,573,express,26.51
549,leo odio porttitor id,"Lorem ipsum dolor sit amet, consectetuer adipiscing elit. Proin risus. Praesent lectus. Vestibulum quam sapien, varius ut, blandit non, interdum in, ante.",449.57,37.24,electronics,Wikizz,308,Crimson,extra large,2.3,2014-04-17,3.9,389,nulla ac enim in tempor turpis,4.0,784,express,45.86
550,accumsan tellus nisi eu,"Donec dapibus. Duis at velit eu est congue elementum. In hac habitasse platea dictumst. Morbi vestibulum, velit id pretium iaculis, diam erat fermentum justo, nec condimentum neque sapien placerat ante.",905.15,47.27,electronics,Photojam,339,Puce,small,9.7,2013-03-28,5.0,515,pellentesque volutpat dui maecenas tristique est,2.2,897,standard,27.64
551,elementum in hac,Maecenas tincidunt lacus at velit.,189.13,49.37,beauty,Kwideo,340,Indigo,extra large,9.6,2020-10-06,1.4,926,amet consectetuer adipiscing elit proin,4.9,104,free,3.05
552,maecenas rhoncus aliquam,Cras non velit nec nisi vulputate nonummy. Maecenas tincidunt lacus at velit. Vivamus vel nulla eget eros elementum pellentesque. Quisque porta volutpat erat.,255.85,45.9,beauty,Devpulse,874,Indigo,extra large,9.3,2018-10-09,2.5,826,quis,3.4,118,free,12.87
553,vitae consectetuer eget rutrum,Maecenas pulvinar lobortis est.,216.99,29.22,toys,Zava,938,Blue,small,1.7,2022-10-10,4.8,811,tincidunt nulla mollis molestie,4.2,310,standard,45.55
554,vivamus metus,"Integer non velit. Donec diam neque, vestibulum eget, vulputate ut, ultrices vel, augue.",913.66,38.78,clothing,Gevee,200,Maroon,extra large,8.5,2011-01-18,1.7,224,enim in tempor turpis nec euismod,4.2,304,standard,39.32
555,in faucibus orci luctus,"In hac habitasse platea dictumst. Morbi vestibulum, velit id pretium iaculis, diam erat fermentum justo, nec condimentum neque sapien placerat ante.",276.01,42.18,electronics,Zooxo,523,Mauv,medium,1.6,2011-08-23,4.5,444,justo etiam pretium iaculis justo,3.6,277,free,44.02
556,non mattis,"Vivamus metus arcu, adipiscing molestie, hendrerit at, vulputate vitae, nisl.",694.17,12.49,clothing,Jaxbean,223,Crimson,small,1.5,2011-02-05,4.3,481,quam pede lobortis ligula,3.4,230,express,47.8
557,quam pharetra,"Nulla neque libero, convallis eget, eleifend luctus, ultricies eu, nibh. Quisque id justo sit amet sapien dignissim vestibulum. Vestibulum ante ipsum primis in faucibus orci luctus et ultrices posuere cubilia Curae; Nulla dapibus dolor vel est.",790.87,45.92,clothing,Zava,829,Puce,medium,2.3,2013-11-26,4.0,316,eget massa tempor convallis,4.4,525,standard,14.48
558,at nulla suspendisse potenti,"Cras non velit nec nisi vulputate nonummy. Maecenas tincidunt lacus at velit. Vivamus vel nulla eget eros elementum pellentesque. Quisque porta volutpat erat. Quisque erat eros, viverra eget, congue eget, semper rutrum, nulla.",344.55,32.58,home decor,Zoomcast,246,Yellow,extra large,5.3,2014-08-13,2.6,626,montes nascetur,3.7,419,standard,4.79
559,enim leo,"Integer non velit. Donec diam neque, vestibulum eget, vulputate ut, ultrices vel, augue. Vestibulum ante ipsum primis in faucibus orci luctus et ultrices posuere cubilia Curae; Donec pharetra, magna vestibulum aliquet ultrices, erat tortor sollicitudin mi, sit amet lobortis sapien sapien non mi.",772.1,0.69,clothing,Rhyloo,362,Teal,small,6.4,2019-03-04,2.4,184,suscipit nulla elit ac nulla,2.1,53,express,47.73
560,habitasse platea dictumst,Donec ut dolor. Morbi vel lectus in quam fringilla rhoncus.,539.98,2.14,electronics,Fatz,242,Khaki,large,4.8,2018-03-16,2.5,600,lectus aliquam sit amet diam,3.3,585,express,33.53
561,odio condimentum id,Nulla ut erat id mauris vulputate elementum. Nullam varius. Nulla facilisi. Cras non velit nec nisi vulputate nonummy. Maecenas tincidunt lacus at velit.,616.3,26.33,beauty,Livetube,363,Mauv,large,9.7,2015-08-04,3.4,736,quisque porta volutpat erat,4.4,244,express,3.87
562,in faucibus orci,Mauris lacinia sapien quis libero. Nullam sit amet turpis elementum ligula vehicula consequat. Morbi a ipsum. Integer a nibh. In quis justo.,72.34,45.83,beauty,Wikivu,836,Maroon,extra large,0.1,2010-12-20,4.0,288,massa tempor convallis,2.1,390,express,34.75
563,porttitor lacus at,"Vivamus metus arcu, adipiscing molestie, hendrerit at, vulputate vitae, nisl. Aenean lectus. Pellentesque eget nunc.",558.69,43.07,home decor,Zoonder,741,Red,large,0.1,2015-01-24,1.6,312,sapien placerat,1.7,121,free,30.65
564,tellus nulla ut,"Donec semper sapien a libero. Nam dui. Proin leo odio, porttitor id, consequat in, consequat ut, nulla. Sed accumsan felis. Ut at dolor quis odio consequat varius.",936.02,3.6,beauty,Livetube,107,Fuscia,medium,6.8,2017-12-09,1.1,426,rhoncus aliquet pulvinar sed,1.4,919,standard,41.25
565,nisi nam ultrices,Proin eu mi. Nulla ac enim.,421.11,7.04,clothing,Voonder,232,Aquamarine,extra large,7.5,2019-10-22,4.1,297,posuere,1.4,313,standard,35.75
566,volutpat eleifend donec ut,"Proin risus. Praesent lectus. Vestibulum quam sapien, varius ut, blandit non, interdum in, ante. Vestibulum ante ipsum primis in faucibus orci luctus et ultrices posuere cubilia Curae; Duis faucibus accumsan odio. Curabitur convallis.",328.25,39.54,beauty,Rhyloo,536,Orange,small,6.9,2020-08-24,1.4,437,augue quam,4.7,677,free,28.1
567,lacus at turpis donec,Aenean fermentum.,896.12,8.66,beauty,Oyope,616,Puce,small,7.9,2015-06-27,4.6,696,ultrices posuere cubilia curae,3.5,350,standard,36.49
568,sem duis,Aliquam non mauris. Morbi non lectus.,507.0,40.86,toys,Meezzy,507,Puce,large,0.7,2021-02-02,4.0,106,ut blandit non interdum in ante,2.6,831,standard,37.44
569,et magnis,"Vivamus vel nulla eget eros elementum pellentesque. Quisque porta volutpat erat. Quisque erat eros, viverra eget, congue eget, semper rutrum, nulla. Nunc purus.",648.47,13.51,home decor,Thoughtsphere,207,Goldenrod,small,1.5,2015-08-31,2.3,674,risus semper porta,2.2,534,express,8.99
570,odio in hac,"Proin leo odio, porttitor id, consequat in, consequat ut, nulla. Sed accumsan felis. Ut at dolor quis odio consequat varius. Integer ac leo.",270.15,17.18,toys,Skinte,739,Goldenrod,extra large,7.8,2019-09-01,2.6,628,lectus vestibulum quam sapien varius,2.2,611,express,47.17
571,orci nullam molestie,Donec quis orci eget orci vehicula condimentum. Curabitur in libero ut massa volutpat convallis.,217.32,43.12,home decor,Dabjam,501,Indigo,large,0.4,2012-08-09,2.2,67,ipsum ac tellus semper interdum,2.6,418,standard,18.05
572,eget vulputate ut ultrices,In hac habitasse platea dictumst.,459.31,4.7,home decor,Devbug,113,Crimson,extra large,2.5,2014-02-11,3.8,271,nisi volutpat,1.1,462,standard,8.41
573,ultrices phasellus,Aliquam quis turpis eget elit sodales scelerisque. Mauris sit amet eros.,584.57,42.03,toys,Jaxbean,887,Puce,extra large,6.3,2022-09-16,4.6,437,id pretium,2.0,103,free,38.59
574,massa id lobortis convallis,"Praesent lectus. Vestibulum quam sapien, varius ut, blandit non, interdum in, ante. Vestibulum ante ipsum primis in faucibus orci luctus et ultrices posuere cubilia Curae; Duis faucibus accumsan odio.",666.37,19.45,beauty,Eamia,858,Orange,medium,0.9,2017-08-31,1.5,360,posuere cubilia,3.6,108,free,18.25
575,curabitur gravida nisi at,Pellentesque at nulla. Suspendisse potenti. Cras in purus eu magna vulputate luctus.,578.72,46.99,electronics,Cogibox,59,Aquamarine,large,5.8,2017-04-03,4.0,249,mattis,3.3,353,standard,13.88
576,nisl nunc,Nullam porttitor lacus at turpis. Donec posuere metus vitae ipsum. Aliquam non mauris.,589.47,18.13,toys,Photolist,441,Turquoise,medium,6.4,2021-03-06,2.0,92,nulla,3.7,897,free,7.36
577,magna bibendum imperdiet nullam,"Praesent lectus. Vestibulum quam sapien, varius ut, blandit non, interdum in, ante. Vestibulum ante ipsum primis in faucibus orci luctus et ultrices posuere cubilia Curae; Duis faucibus accumsan odio. Curabitur convallis.",658.01,14.02,beauty,Cogidoo,725,Fuscia,extra large,5.5,2011-10-01,3.1,736,orci luctus,3.0,986,free,20.52
578,interdum eu tincidunt,Donec ut dolor.,966.32,31.01,home decor,Innotype,775,Orange,small,9.1,2021-12-30,2.6,336,aliquet massa,3.6,443,free,43.87
579,nec euismod,Sed accumsan felis. Ut at dolor quis odio consequat varius. Integer ac leo. Pellentesque ultrices mattis odio. Donec vitae nisi.,332.98,24.53,home decor,Skyndu,1000,Puce,large,2.2,2013-11-12,3.3,485,integer non,4.5,753,free,42.8
580,sapien varius,Nulla justo. Aliquam quis turpis eget elit sodales scelerisque. Mauris sit amet eros. Suspendisse accumsan tortor quis turpis.,84.21,25.83,clothing,Divavu,670,Fuscia,small,6.1,2018-01-28,4.5,833,pede justo lacinia,4.9,691,express,32.71
581,in tempor,Cras in purus eu magna vulputate luctus.,538.62,30.28,clothing,Skajo,202,Red,small,2.8,2013-04-26,2.6,501,lectus,3.6,139,standard,6.67
582,risus praesent,Phasellus id sapien in sapien iaculis congue.,930.53,8.18,beauty,Mybuzz,562,Yellow,medium,9.4,2016-07-22,4.2,21,quis orci nullam molestie,3.0,861,express,35.01
583,quam nec dui,"Morbi vestibulum, velit id pretium iaculis, diam erat fermentum justo, nec condimentum neque sapien placerat ante. Nulla justo. Aliquam quis turpis eget elit sodales scelerisque. Mauris sit amet eros.",16.49,32.98,home decor,Jetpulse,1000,Aquamarine,small,2.5,2021-02-28,4.5,414,pharetra magna ac consequat metus sapien,3.7,121,free,1.92
584,posuere felis sed lacus,Vestibulum ante ipsum primis in faucibus orci luctus et ultrices posuere cubilia Curae; Duis faucibus accumsan odio. Curabitur convallis. Duis consequat dui nec nisi volutpat eleifend. Donec ut dolor.,602.18,44.54,toys,Youspan,690,Red,medium,6.6,2018-11-26,3.2,203,velit,2.1,115,free,28.95
585,ornare imperdiet sapien urna,"Quisque ut erat. Curabitur gravida nisi at nibh. In hac habitasse platea dictumst. Aliquam augue quam, sollicitudin vitae, consectetuer eget, rutrum at, lorem.",684.17,4.78,home decor,Brightdog,156,Purple,small,7.3,2015-01-21,3.2,444,aliquet,1.0,104,free,41.28
586,sit amet sapien,Suspendisse potenti. In eleifend quam a odio. In hac habitasse platea dictumst. Maecenas ut massa quis augue luctus tincidunt.,494.56,38.78,home decor,Wikivu,344,Goldenrod,extra large,4.2,2018-06-22,2.1,973,blandit mi in porttitor pede justo,3.3,525,standard,40.52
587,ante ipsum primis in,Morbi a ipsum. Integer a nibh.,354.27,31.31,toys,Avamm,318,Blue,small,0.8,2016-01-04,4.1,289,nulla ut,4.3,405,standard,11.78
588,nibh in hac,Proin interdum mauris non ligula pellentesque ultrices.,301.65,1.39,electronics,Mydo,775,Orange,medium,6.6,2017-02-01,3.6,534,sapien varius ut blandit non,3.1,309,standard,18.52
589,id justo,Nunc rhoncus dui vel sem.,886.57,33.48,clothing,Dabvine,425,Teal,extra large,5.8,2012-04-15,1.2,333,vel accumsan tellus nisi eu orci,4.4,177,free,30.13
590,sem praesent,"Morbi odio odio, elementum eu, interdum eu, tincidunt in, leo. Maecenas pulvinar lobortis est. Phasellus sit amet erat.",665.71,10.15,beauty,Leexo,970,Crimson,medium,0.2,2014-02-11,3.9,359,posuere cubilia curae donec pharetra magna,3.0,60,express,7.78
591,nisl aenean,"Sed vel enim sit amet nunc viverra dapibus. Nulla suscipit ligula in lacus. Curabitur at ipsum ac tellus semper interdum. Mauris ullamcorper purus sit amet nulla. Quisque arcu libero, rutrum ac, lobortis vel, dapibus at, diam.",813.11,19.25,toys,Zoomdog,176,Orange,medium,4.6,2017-11-10,1.5,128,pellentesque viverra pede ac,1.7,909,express,42.25
592,maecenas pulvinar,"Suspendisse ornare consequat lectus. In est risus, auctor sed, tristique in, tempus sit amet, sem. Fusce consequat. Nulla nisl.",614.95,26.93,electronics,Cogidoo,744,Purple,medium,4.5,2010-06-04,2.0,799,pellentesque ultrices phasellus id,4.6,444,standard,34.67
593,odio in,"Quisque ut erat. Curabitur gravida nisi at nibh. In hac habitasse platea dictumst. Aliquam augue quam, sollicitudin vitae, consectetuer eget, rutrum at, lorem.",237.13,38.49,beauty,Gabtune,724,Pink,medium,6.6,2019-05-17,4.2,202,tempus vivamus in,1.1,521,free,19.87
594,sed tincidunt eu,Ut tellus. Nulla ut erat id mauris vulputate elementum.,198.24,20.2,beauty,Mydo,905,Yellow,medium,2.2,2017-03-17,4.3,644,egestas metus aenean,1.6,895,standard,9.61
595,in quis,Vestibulum ante ipsum primis in faucibus orci luctus et ultrices posuere cubilia Curae; Mauris viverra diam vitae quam.,243.51,29.46,electronics,Innotype,813,Pink,medium,3.1,2016-08-30,3.7,142,tristique in tempus sit amet sem,2.4,812,express,18.32
596,molestie sed,Donec ut dolor.,522.28,45.2,clothing,DabZ,982,Orange,small,8.9,2011-08-02,2.2,448,adipiscing molestie hendrerit at,2.7,603,express,35.27
597,leo rhoncus,"Vestibulum ante ipsum primis in faucibus orci luctus et ultrices posuere cubilia Curae; Nulla dapibus dolor vel est. Donec odio justo, sollicitudin ut, suscipit a, feugiat et, eros. Vestibulum ac est lacinia nisi venenatis tristique.",909.12,28.86,electronics,Katz,537,Puce,extra large,5.8,2012-10-02,4.5,462,duis,3.3,80,standard,26.56
598,hac habitasse,"Duis ac nibh. Fusce lacus purus, aliquet at, feugiat non, pretium quis, lectus. Suspendisse potenti.",297.18,40.39,electronics,Yodoo,414,Indigo,extra large,9.3,2022-02-02,2.5,549,et,4.7,607,express,29.92
599,luctus cum sociis natoque,Duis aliquam convallis nunc.,510.77,36.47,electronics,Yamia,326,Violet,extra large,3.7,2012-10-08,1.6,369,platea,4.7,211,standard,6.02
600,rutrum nulla tellus,"Vivamus vestibulum sagittis sapien. Cum sociis natoque penatibus et magnis dis parturient montes, nascetur ridiculus mus. Etiam vel augue. Vestibulum rutrum rutrum neque.",96.15,46.26,electronics,Devbug,326,Orange,small,0.9,2015-11-25,1.7,418,posuere cubilia curae,4.5,158,standard,32.9
601,consequat morbi a,"Aliquam augue quam, sollicitudin vitae, consectetuer eget, rutrum at, lorem. Integer tincidunt ante vel ipsum. Praesent blandit lacinia erat.",750.8,29.04,home decor,Rhybox,843,Blue,medium,6.5,2013-10-12,4.2,742,cubilia,2.0,482,express,12.76
602,molestie hendrerit at,"Donec diam neque, vestibulum eget, vulputate ut, ultrices vel, augue. Vestibulum ante ipsum primis in faucibus orci luctus et ultrices posuere cubilia Curae; Donec pharetra, magna vestibulum aliquet ultrices, erat tortor sollicitudin mi, sit amet lobortis sapien sapien non mi. Integer ac neque. Duis bibendum.",362.91,26.63,toys,Realcube,595,Green,medium,1.5,2020-06-13,2.4,702,augue luctus tincidunt,3.3,796,express,2.43
603,non ligula pellentesque,Duis mattis egestas metus. Aenean fermentum.,786.42,27.18,electronics,Mita,782,Puce,extra large,4.2,2022-07-09,1.7,202,id,1.5,3,standard,27.79
604,volutpat in,Nulla tempus.,739.03,46.36,clothing,Oyoyo,21,Yellow,medium,5.1,2016-05-28,1.4,209,suspendisse potenti cras in purus eu,2.0,210,express,24.67
605,adipiscing lorem vitae mattis,Suspendisse potenti. Nullam porttitor lacus at turpis. Donec posuere metus vitae ipsum. Aliquam non mauris. Morbi non lectus.,142.59,28.17,clothing,Leexo,165,Maroon,small,7.1,2014-12-25,3.2,602,tellus nulla ut erat id mauris,2.7,870,free,19.22
606,massa id,"Suspendisse potenti. Cras in purus eu magna vulputate luctus. Cum sociis natoque penatibus et magnis dis parturient montes, nascetur ridiculus mus. Vivamus vestibulum sagittis sapien. Cum sociis natoque penatibus et magnis dis parturient montes, nascetur ridiculus mus.",723.29,26.88,beauty,Jayo,786,Pink,small,7.3,2021-04-19,1.9,566,eros vestibulum ac,2.9,826,free,12.75
607,sapien varius ut blandit,Aliquam quis turpis eget elit sodales scelerisque. Mauris sit amet eros.,116.4,7.79,beauty,Dynabox,952,Indigo,extra large,8.1,2016-09-26,1.8,813,ac consequat,3.0,345,standard,35.8
608,in purus eu,"Nullam molestie nibh in lectus. Pellentesque at nulla. Suspendisse potenti. Cras in purus eu magna vulputate luctus. Cum sociis natoque penatibus et magnis dis parturient montes, nascetur ridiculus mus.",234.38,9.21,toys,Voonder,725,Purple,small,1.9,2010-07-07,2.4,480,tortor quis turpis sed ante,2.3,534,free,36.87
609,lectus suspendisse potenti in,In eleifend quam a odio. In hac habitasse platea dictumst. Maecenas ut massa quis augue luctus tincidunt. Nulla mollis molestie lorem. Quisque ut erat.,326.06,17.76,clothing,Realmix,921,Mauv,extra large,2.4,2011-09-09,4.9,973,dui proin leo odio,2.7,253,express,10.72
610,semper interdum mauris,Vivamus in felis eu sapien cursus vestibulum. Proin eu mi. Nulla ac enim.,675.64,21.93,clothing,Talane,360,Turquoise,medium,2.4,2021-09-28,2.2,32,lorem id,1.1,846,standard,44.34
611,varius integer,Etiam faucibus cursus urna. Ut tellus. Nulla ut erat id mauris vulputate elementum.,979.7,4.8,toys,Skalith,971,Mauv,extra large,0.8,2015-11-29,3.4,370,sit amet nulla quisque,1.7,95,standard,23.28
612,integer tincidunt,Proin risus.,302.4,48.3,clothing,Gigaclub,185,Blue,medium,4.6,2019-07-11,3.6,902,pulvinar sed,2.6,931,express,20.34
613,libero non,"Vivamus vel nulla eget eros elementum pellentesque. Quisque porta volutpat erat. Quisque erat eros, viverra eget, congue eget, semper rutrum, nulla.",564.23,32.01,electronics,Rhybox,846,Blue,extra large,7.8,2013-09-05,1.9,750,ut rhoncus aliquet pulvinar sed nisl,3.8,192,express,39.06
614,cursus id turpis,"Vestibulum ante ipsum primis in faucibus orci luctus et ultrices posuere cubilia Curae; Donec pharetra, magna vestibulum aliquet ultrices, erat tortor sollicitudin mi, sit amet lobortis sapien sapien non mi. Integer ac neque. Duis bibendum. Morbi non quam nec dui luctus rutrum.",608.28,49.71,electronics,Divavu,116,Turquoise,large,1.1,2014-09-25,1.0,73,in purus,4.3,957,standard,32.27
615,velit eu est congue,Aenean fermentum.,162.1,9.12,beauty,Voonyx,376,Aquamarine,medium,6.0,2020-04-06,2.9,573,mauris vulputate,2.4,72,standard,26.09
616,erat nulla tempus vivamus,Integer a nibh.,932.71,25.2,home decor,Yakitri,251,Violet,extra large,1.6,2010-08-10,2.8,62,penatibus et magnis,1.9,412,free,11.07
617,duis consequat dui,Integer tincidunt ante vel ipsum. Praesent blandit lacinia erat. Vestibulum sed magna at nunc commodo placerat.,296.7,10.26,clothing,Gigazoom,585,Teal,large,5.0,2011-05-09,2.9,123,eget tincidunt eget tempus vel pede,2.9,781,express,22.83
618,luctus tincidunt nulla,"Morbi porttitor lorem id ligula. Suspendisse ornare consequat lectus. In est risus, auctor sed, tristique in, tempus sit amet, sem. Fusce consequat.",785.33,35.76,toys,DabZ,228,Khaki,large,4.8,2014-12-06,4.6,228,magna,3.8,33,free,12.06
619,nullam molestie nibh,"Aliquam sit amet diam in magna bibendum imperdiet. Nullam orci pede, venenatis non, sodales sed, tincidunt eu, felis. Fusce posuere felis sed lacus.",205.67,45.56,beauty,Quimm,440,Pink,large,5.2,2012-12-21,1.7,809,quis odio consequat varius integer,3.6,315,free,40.26
620,vestibulum velit,"Cras pellentesque volutpat dui. Maecenas tristique, est et tempus semper, est quam pharetra magna, ac consequat metus sapien ut nunc. Vestibulum ante ipsum primis in faucibus orci luctus et ultrices posuere cubilia Curae; Mauris viverra diam vitae quam.",908.07,22.21,electronics,Tagtune,430,Red,extra large,4.1,2013-12-18,4.6,792,nisl duis bibendum felis,3.8,9,standard,1.74
621,justo maecenas rhoncus aliquam,Maecenas ut massa quis augue luctus tincidunt. Nulla mollis molestie lorem. Quisque ut erat. Curabitur gravida nisi at nibh.,334.55,8.99,beauty,Photobug,264,Orange,small,5.9,2013-01-22,3.8,656,nunc vestibulum ante ipsum,1.1,506,standard,3.01
622,lectus pellentesque,Vivamus tortor. Duis mattis egestas metus. Aenean fermentum.,988.86,35.38,beauty,Devcast,22,Orange,extra large,2.1,2021-12-14,2.6,738,nunc viverra dapibus,5.0,683,standard,2.9
623,in est risus auctor,Phasellus sit amet erat. Nulla tempus. Vivamus in felis eu sapien cursus vestibulum. Proin eu mi. Nulla ac enim.,182.41,12.43,home decor,Shufflester,536,Goldenrod,medium,0.4,2012-08-06,2.0,353,at,3.5,706,standard,48.41
624,gravida sem praesent id,Proin eu mi. Nulla ac enim.,224.96,49.33,clothing,Ailane,79,Indigo,large,3.9,2016-03-19,4.1,638,est et,1.1,750,standard,49.14
625,ante ipsum primis,"Mauris ullamcorper purus sit amet nulla. Quisque arcu libero, rutrum ac, lobortis vel, dapibus at, diam.",937.23,33.3,beauty,Ainyx,146,Maroon,large,1.2,2020-05-29,2.6,578,sem sed sagittis nam,1.7,500,standard,44.41
626,curae nulla,"Nulla mollis molestie lorem. Quisque ut erat. Curabitur gravida nisi at nibh. In hac habitasse platea dictumst. Aliquam augue quam, sollicitudin vitae, consectetuer eget, rutrum at, lorem.",700.25,38.82,electronics,Meevee,668,Teal,medium,0.3,2016-11-11,1.1,707,dapibus,4.4,523,express,0.24
627,eros vestibulum,Fusce posuere felis sed lacus.,107.13,17.91,clothing,Miboo,982,Violet,medium,5.5,2011-04-24,2.5,290,morbi,2.1,941,standard,42.13
628,diam vitae,"Duis bibendum, felis sed interdum venenatis, turpis enim blandit mi, in porttitor pede justo eu massa. Donec dapibus.",554.65,49.24,clothing,Quamba,233,Yellow,large,2.0,2020-06-20,1.2,275,odio,4.4,460,free,1.52
629,nisl venenatis lacinia aenean,"Duis mattis egestas metus. Aenean fermentum. Donec ut mauris eget massa tempor convallis. Nulla neque libero, convallis eget, eleifend luctus, ultricies eu, nibh.",217.74,13.13,toys,Yakitri,303,Goldenrod,medium,2.3,2012-01-23,2.5,621,viverra eget congue eget semper rutrum,3.2,418,express,33.24
630,cubilia curae duis faucibus,Cras non velit nec nisi vulputate nonummy. Maecenas tincidunt lacus at velit. Vivamus vel nulla eget eros elementum pellentesque.,829.67,33.03,home decor,Rooxo,483,Goldenrod,small,7.8,2011-04-25,4.5,996,et magnis,2.5,515,free,25.5
631,libero rutrum ac lobortis,Nullam sit amet turpis elementum ligula vehicula consequat. Morbi a ipsum. Integer a nibh.,730.94,5.28,electronics,Bluejam,105,Blue,medium,8.4,2020-12-12,4.4,842,lectus,2.9,15,express,45.59
632,mauris lacinia sapien quis,"Vivamus in felis eu sapien cursus vestibulum. Proin eu mi. Nulla ac enim. In tempor, turpis nec euismod scelerisque, quam turpis adipiscing lorem, vitae mattis nibh ligula nec sem.",458.35,23.72,clothing,Oyoba,822,Orange,small,2.2,2017-12-04,2.7,302,massa donec,2.0,376,free,25.28
633,vitae mattis,Ut tellus.,817.95,48.74,clothing,Omba,171,Aquamarine,large,3.9,2019-04-27,3.6,779,ridiculus mus,4.0,699,express,6.72
634,mollis molestie,"In sagittis dui vel nisl. Duis ac nibh. Fusce lacus purus, aliquet at, feugiat non, pretium quis, lectus. Suspendisse potenti. In eleifend quam a odio.",129.64,44.41,toys,Blogtag,400,Green,extra large,7.2,2022-09-18,2.0,643,curae mauris,1.5,511,express,4.36
635,nibh in,"Vivamus in felis eu sapien cursus vestibulum. Proin eu mi. Nulla ac enim. In tempor, turpis nec euismod scelerisque, quam turpis adipiscing lorem, vitae mattis nibh ligula nec sem.",539.83,7.3,clothing,Oozz,514,Orange,small,5.1,2020-09-03,2.2,956,id,2.9,368,express,29.13
636,in lacus,In sagittis dui vel nisl. Duis ac nibh.,661.04,40.34,electronics,Voolia,974,Puce,small,0.4,2019-09-21,3.8,862,condimentum curabitur in,3.5,730,standard,29.29
637,amet consectetuer,Sed accumsan felis. Ut at dolor quis odio consequat varius. Integer ac leo. Pellentesque ultrices mattis odio.,697.72,49.05,toys,Babblestorm,452,Blue,extra large,4.7,2014-09-05,1.0,653,ac diam,4.2,206,standard,6.83
638,nullam sit amet turpis,"Nam ultrices, libero non mattis pulvinar, nulla pede ullamcorper augue, a suscipit nulla elit ac nulla.",146.1,15.78,toys,Gigazoom,61,Green,medium,6.1,2016-10-22,4.6,643,dolor sit amet,1.4,898,standard,15.99
639,sapien placerat ante,"Proin risus. Praesent lectus. Vestibulum quam sapien, varius ut, blandit non, interdum in, ante. Vestibulum ante ipsum primis in faucibus orci luctus et ultrices posuere cubilia Curae; Duis faucibus accumsan odio.",696.04,2.58,electronics,Flashspan,35,Pink,large,6.2,2016-04-29,2.7,695,turpis eget elit,1.7,164,express,34.53
640,congue diam id,"Cum sociis natoque penatibus et magnis dis parturient montes, nascetur ridiculus mus.",754.36,40.84,beauty,Skyble,281,Green,extra large,6.3,2020-03-31,3.6,890,nibh in quis justo maecenas,2.3,561,free,26.92
641,sed justo pellentesque viverra,"Morbi ut odio. Cras mi pede, malesuada in, imperdiet et, commodo vulputate, justo. In blandit ultrices enim. Lorem ipsum dolor sit amet, consectetuer adipiscing elit. Proin interdum mauris non ligula pellentesque ultrices.",695.44,9.88,home decor,Quire,451,Mauv,extra large,7.8,2021-09-26,1.7,226,sit amet,4.9,109,standard,5.22
642,pede morbi porttitor lorem,In hac habitasse platea dictumst. Etiam faucibus cursus urna. Ut tellus. Nulla ut erat id mauris vulputate elementum.,607.66,31.45,home decor,Roomm,237,Turquoise,small,4.8,2017-05-24,3.0,79,sapien placerat ante nulla,2.2,30,standard,0.24
643,cursus urna,Etiam vel augue. Vestibulum rutrum rutrum neque. Aenean auctor gravida sem. Praesent id massa id nisl venenatis lacinia.,553.49,5.46,beauty,Feedfish,266,Fuscia,large,6.2,2019-03-15,2.5,965,morbi porttitor,1.0,694,express,40.46
644,odio cras,"Morbi vestibulum, velit id pretium iaculis, diam erat fermentum justo, nec condimentum neque sapien placerat ante. Nulla justo.",83.58,44.62,home decor,Rhyzio,267,Purple,medium,6.2,2014-01-01,4.1,751,justo eu massa donec dapibus duis,3.2,440,express,35.75
645,in sagittis dui,"Integer pede justo, lacinia eget, tincidunt eget, tempus vel, pede. Morbi porttitor lorem id ligula. Suspendisse ornare consequat lectus. In est risus, auctor sed, tristique in, tempus sit amet, sem. Fusce consequat.",130.96,4.83,beauty,Oba,651,Maroon,small,3.2,2016-07-25,4.2,676,molestie hendrerit at vulputate vitae,1.3,924,standard,17.13
646,rutrum neque,Nunc purus. Phasellus in felis. Donec semper sapien a libero. Nam dui.,835.64,10.36,electronics,Wikibox,37,Orange,small,1.7,2022-08-02,3.3,256,in ante vestibulum ante ipsum primis,3.9,708,free,44.78
647,amet justo,"Proin leo odio, porttitor id, consequat in, consequat ut, nulla.",158.2,19.12,beauty,Dabshots,13,Violet,large,6.2,2010-12-24,5.0,366,ipsum primis in faucibus orci,3.0,35,express,12.23
648,non quam nec dui,Nam dui.,359.23,44.33,electronics,Janyx,87,Green,medium,2.4,2022-11-26,2.1,17,dictumst morbi vestibulum velit id pretium,1.8,799,standard,17.16
649,nunc purus phasellus in,"Morbi quis tortor id nulla ultrices aliquet. Maecenas leo odio, condimentum id, luctus nec, molestie sed, justo. Pellentesque viverra pede ac diam. Cras pellentesque volutpat dui.",623.81,32.05,electronics,Thoughtstorm,555,Teal,extra large,3.9,2019-02-24,3.9,425,erat quisque erat eros,3.2,667,standard,36.27
650,vehicula consequat morbi,"Morbi ut odio. Cras mi pede, malesuada in, imperdiet et, commodo vulputate, justo. In blandit ultrices enim.",274.04,43.43,clothing,Twinte,512,Puce,medium,6.6,2016-07-30,3.4,986,augue vestibulum rutrum rutrum neque aenean,1.5,630,free,4.51
651,in tempor turpis nec,"Vivamus metus arcu, adipiscing molestie, hendrerit at, vulputate vitae, nisl.",304.25,16.51,beauty,BlogXS,353,Blue,large,0.9,2019-08-02,2.6,770,vel est donec odio,1.1,939,express,21.77
652,libero convallis eget,In hac habitasse platea dictumst. Maecenas ut massa quis augue luctus tincidunt. Nulla mollis molestie lorem. Quisque ut erat. Curabitur gravida nisi at nibh.,740.09,7.06,home decor,Jazzy,360,Yellow,medium,1.4,2014-03-17,2.7,187,metus,2.6,287,free,37.05
653,posuere felis sed,In hac habitasse platea dictumst. Etiam faucibus cursus urna. Ut tellus. Nulla ut erat id mauris vulputate elementum. Nullam varius.,132.36,36.79,home decor,Yoveo,46,Goldenrod,medium,2.8,2020-07-14,1.8,759,laoreet ut rhoncus aliquet pulvinar,1.3,422,standard,1.09
654,et commodo,Donec dapibus. Duis at velit eu est congue elementum.,784.5,13.08,electronics,Meeveo,962,Aquamarine,extra large,3.3,2018-05-13,1.7,547,nulla ac enim in tempor,1.6,930,express,0.45
655,aenean lectus pellentesque,"Pellentesque ultrices mattis odio. Donec vitae nisi. Nam ultrices, libero non mattis pulvinar, nulla pede ullamcorper augue, a suscipit nulla elit ac nulla. Sed vel enim sit amet nunc viverra dapibus. Nulla suscipit ligula in lacus.",833.76,21.73,beauty,Abatz,129,Turquoise,extra large,8.3,2016-03-22,4.6,649,bibendum morbi non quam,4.4,535,express,40.33
656,ut suscipit a,"Vivamus metus arcu, adipiscing molestie, hendrerit at, vulputate vitae, nisl. Aenean lectus. Pellentesque eget nunc. Donec quis orci eget orci vehicula condimentum.",793.37,36.86,clothing,Kwimbee,191,Violet,medium,1.9,2019-10-24,3.8,101,vulputate elementum nullam varius nulla,4.3,191,standard,44.04
657,rutrum nulla nunc purus,Quisque ut erat.,675.05,17.32,home decor,Linklinks,766,Turquoise,extra large,7.2,2012-07-01,1.9,819,duis faucibus accumsan odio,4.2,80,standard,31.77
658,congue vivamus metus arcu,Vestibulum rutrum rutrum neque. Aenean auctor gravida sem. Praesent id massa id nisl venenatis lacinia. Aenean sit amet justo.,191.99,1.79,beauty,Skimia,585,Violet,extra large,9.6,2020-08-05,3.4,362,odio elementum eu interdum eu tincidunt,2.6,250,standard,43.41
659,vestibulum proin,"Fusce congue, diam id ornare imperdiet, sapien urna pretium nisl, ut volutpat sapien arcu sed augue. Aliquam erat volutpat.",254.73,44.06,clothing,Jabbersphere,610,Puce,extra large,0.2,2016-03-06,4.4,787,pulvinar sed nisl nunc rhoncus dui,3.6,7,express,13.48
660,rhoncus aliquam lacus morbi,Integer a nibh. In quis justo.,547.67,28.32,clothing,Innotype,232,Pink,extra large,3.6,2021-09-15,2.0,527,nam congue risus,1.1,82,standard,17.65
661,vel enim,Vestibulum ante ipsum primis in faucibus orci luctus et ultrices posuere cubilia Curae; Duis faucibus accumsan odio.,218.24,39.52,toys,Minyx,557,Mauv,extra large,1.2,2021-11-01,1.0,369,aliquet at feugiat non pretium quis,1.2,785,standard,8.64
662,nisl aenean lectus pellentesque,Proin eu mi.,898.53,11.72,electronics,Edgepulse,615,Orange,large,2.4,2022-11-14,3.8,525,ridiculus mus,1.4,170,free,40.9
663,volutpat dui maecenas,Aenean lectus.,238.89,36.64,electronics,Voolith,552,Aquamarine,medium,3.1,2011-11-22,1.6,57,sit,4.3,948,standard,29.26
664,ut massa volutpat,Nulla facilisi.,891.39,31.3,electronics,Meevee,724,Turquoise,large,9.6,2011-07-12,3.3,12,porta volutpat erat quisque erat eros,3.4,944,standard,10.13
665,consectetuer adipiscing elit,Fusce posuere felis sed lacus.,803.02,10.94,clothing,Agimba,17,Red,large,8.2,2022-04-10,4.0,333,porttitor pede justo eu massa donec,3.2,606,express,36.56
666,odio consequat,"Duis ac nibh. Fusce lacus purus, aliquet at, feugiat non, pretium quis, lectus. Suspendisse potenti.",624.25,35.36,electronics,Photofeed,941,Violet,extra large,1.6,2010-05-04,2.2,820,sed sagittis nam,4.5,147,express,6.17
667,blandit ultrices enim,"Aliquam augue quam, sollicitudin vitae, consectetuer eget, rutrum at, lorem. Integer tincidunt ante vel ipsum. Praesent blandit lacinia erat. Vestibulum sed magna at nunc commodo placerat. Praesent blandit.",159.28,19.98,toys,Realfire,906,Blue,large,9.8,2013-06-03,3.3,471,arcu,2.2,469,express,36.93
668,mi integer ac,Nunc rhoncus dui vel sem.,295.56,14.87,clothing,Yakidoo,98,Goldenrod,small,1.8,2019-11-09,1.4,354,sed lacus,4.0,466,express,19.12
669,luctus et,"Nunc nisl. Duis bibendum, felis sed interdum venenatis, turpis enim blandit mi, in porttitor pede justo eu massa.",597.29,2.93,beauty,Flashpoint,653,Blue,extra large,0.5,2021-04-01,3.2,963,diam,3.9,857,standard,11.57
670,pulvinar sed,"Morbi non quam nec dui luctus rutrum. Nulla tellus. In sagittis dui vel nisl. Duis ac nibh. Fusce lacus purus, aliquet at, feugiat non, pretium quis, lectus.",333.9,40.6,home decor,Skivee,705,Khaki,large,3.3,2013-05-13,2.7,177,consequat in consequat ut,4.6,944,standard,22.42
671,adipiscing elit proin,"In tempor, turpis nec euismod scelerisque, quam turpis adipiscing lorem, vitae mattis nibh ligula nec sem. Duis aliquam convallis nunc. Proin at turpis a pede posuere nonummy. Integer non velit. Donec diam neque, vestibulum eget, vulputate ut, ultrices vel, augue.",902.68,35.84,beauty,Ntags,923,Red,medium,6.3,2020-03-02,4.9,306,aliquet,4.5,471,free,39.8
672,a pede posuere,Praesent id massa id nisl venenatis lacinia. Aenean sit amet justo. Morbi ut odio.,611.72,6.0,home decor,Babbleset,634,Goldenrod,small,2.8,2014-05-31,2.9,829,ac consequat metus sapien ut,3.0,59,standard,25.17
673,luctus tincidunt nulla,Aenean lectus. Pellentesque eget nunc.,918.1,48.43,home decor,Bluezoom,88,Aquamarine,medium,4.1,2022-05-31,2.9,636,et eros vestibulum ac,1.2,416,express,39.01
674,est quam pharetra magna,Pellentesque viverra pede ac diam.,632.97,18.03,clothing,Trilia,129,Violet,large,6.4,2016-08-23,1.6,16,ligula sit amet eleifend pede libero,1.6,839,express,36.15
675,urna ut tellus nulla,"Morbi sem mauris, laoreet ut, rhoncus aliquet, pulvinar sed, nisl.",998.37,24.51,clothing,Cogidoo,498,Teal,medium,5.0,2018-10-11,3.9,354,suspendisse accumsan tortor,1.2,120,standard,8.0
676,nec condimentum neque sapien,"Proin leo odio, porttitor id, consequat in, consequat ut, nulla. Sed accumsan felis.",627.59,43.21,toys,Topiclounge,532,Mauv,small,0.2,2013-07-01,4.6,433,etiam faucibus,3.5,978,express,12.28
677,quam sapien varius ut,Nulla tempus. Vivamus in felis eu sapien cursus vestibulum. Proin eu mi. Nulla ac enim.,22.28,33.99,clothing,Feedfire,783,Green,extra large,5.7,2016-01-20,3.0,617,nascetur ridiculus,1.6,169,express,4.79
678,lobortis est,"Vivamus in felis eu sapien cursus vestibulum. Proin eu mi. Nulla ac enim. In tempor, turpis nec euismod scelerisque, quam turpis adipiscing lorem, vitae mattis nibh ligula nec sem. Duis aliquam convallis nunc.",801.53,2.96,clothing,Centizu,709,Aquamarine,medium,1.7,2010-02-11,4.0,342,velit donec,3.5,137,free,10.4
679,odio consequat,Nulla ac enim.,692.09,42.27,electronics,Trudeo,26,Crimson,medium,4.5,2021-05-07,1.2,875,vel est donec odio justo sollicitudin,4.5,548,standard,39.46
680,augue luctus tincidunt,"Donec diam neque, vestibulum eget, vulputate ut, ultrices vel, augue.",742.43,22.71,toys,Pixope,269,Khaki,small,6.2,2017-10-05,4.4,198,nam nulla integer,1.6,625,express,20.71
681,a ipsum integer,"Proin risus. Praesent lectus. Vestibulum quam sapien, varius ut, blandit non, interdum in, ante. Vestibulum ante ipsum primis in faucibus orci luctus et ultrices posuere cubilia Curae; Duis faucibus accumsan odio. Curabitur convallis.",761.83,39.6,electronics,Topicshots,526,Turquoise,large,9.4,2021-07-23,1.2,754,id massa id,1.4,120,express,17.63
682,nisi volutpat eleifend donec,Nullam molestie nibh in lectus. Pellentesque at nulla. Suspendisse potenti.,906.2,24.88,clothing,Jazzy,584,Yellow,medium,7.2,2018-04-19,3.4,690,eget orci vehicula,1.9,620,free,14.82
683,in congue etiam,Integer tincidunt ante vel ipsum. Praesent blandit lacinia erat. Vestibulum sed magna at nunc commodo placerat.,912.48,49.37,toys,Devbug,271,Fuscia,small,1.3,2015-09-21,1.4,263,velit id,3.3,0,standard,4.4
684,ligula pellentesque ultrices,"Maecenas rhoncus aliquam lacus. Morbi quis tortor id nulla ultrices aliquet. Maecenas leo odio, condimentum id, luctus nec, molestie sed, justo. Pellentesque viverra pede ac diam.",707.65,39.09,beauty,Wikizz,707,Goldenrod,medium,4.2,2014-04-13,2.4,866,nulla sed,1.6,641,standard,3.71
685,libero convallis eget eleifend,Vestibulum ante ipsum primis in faucibus orci luctus et ultrices posuere cubilia Curae; Mauris viverra diam vitae quam. Suspendisse potenti.,999.2,44.5,toys,Cogibox,656,Indigo,extra large,5.8,2015-08-30,1.7,382,nec sem duis aliquam,2.2,547,standard,20.9
686,maecenas leo odio,Mauris lacinia sapien quis libero. Nullam sit amet turpis elementum ligula vehicula consequat. Morbi a ipsum. Integer a nibh. In quis justo.,408.69,33.56,clothing,Oyoyo,706,Puce,large,9.7,2010-01-29,5.0,358,montes nascetur ridiculus mus vivamus,4.7,511,express,48.06
687,turpis nec euismod,Integer ac neque.,76.86,35.92,home decor,Wikizz,202,Teal,medium,2.5,2011-07-24,1.8,399,sapien varius,3.8,873,free,1.78
688,mattis odio donec vitae,"Nulla neque libero, convallis eget, eleifend luctus, ultricies eu, nibh. Quisque id justo sit amet sapien dignissim vestibulum. Vestibulum ante ipsum primis in faucibus orci luctus et ultrices posuere cubilia Curae; Nulla dapibus dolor vel est.",663.26,10.95,toys,Roomm,362,Red,medium,8.2,2022-05-15,4.9,204,donec quis orci eget orci,4.9,1000,standard,15.44
689,at velit,"Cum sociis natoque penatibus et magnis dis parturient montes, nascetur ridiculus mus. Etiam vel augue.",404.38,24.71,home decor,Photolist,276,Violet,small,7.9,2022-01-24,1.4,43,luctus rutrum,2.3,10,express,26.08
690,placerat ante nulla,"Nam nulla. Integer pede justo, lacinia eget, tincidunt eget, tempus vel, pede. Morbi porttitor lorem id ligula. Suspendisse ornare consequat lectus.",648.14,18.67,home decor,Browsetype,688,Goldenrod,large,0.2,2019-11-16,4.6,309,nisl aenean lectus,2.5,44,express,40.91
691,orci pede venenatis non,Cras pellentesque volutpat dui.,601.98,33.96,beauty,Vinder,373,Mauv,medium,6.9,2013-10-01,1.5,262,habitasse platea dictumst aliquam augue quam,4.7,582,free,17.07
692,sit amet sapien,"Vivamus vel nulla eget eros elementum pellentesque. Quisque porta volutpat erat. Quisque erat eros, viverra eget, congue eget, semper rutrum, nulla.",949.81,42.36,toys,Meevee,947,Maroon,small,4.6,2022-11-22,1.6,410,mauris morbi non lectus aliquam sit,1.9,8,standard,46.95
693,justo morbi,"In hac habitasse platea dictumst. Morbi vestibulum, velit id pretium iaculis, diam erat fermentum justo, nec condimentum neque sapien placerat ante.",588.11,42.92,beauty,Topicblab,367,Turquoise,large,5.2,2012-02-04,4.7,685,sociis natoque penatibus et magnis dis,4.6,365,express,0.43
694,pretium iaculis justo,Nulla suscipit ligula in lacus. Curabitur at ipsum ac tellus semper interdum.,981.61,30.01,electronics,Pixope,98,Mauv,small,2.2,2010-10-17,2.1,32,est et tempus semper est,4.6,327,standard,26.12
695,donec ut dolor,Morbi a ipsum. Integer a nibh. In quis justo. Maecenas rhoncus aliquam lacus. Morbi quis tortor id nulla ultrices aliquet.,876.23,10.32,clothing,Ainyx,310,Purple,extra large,1.6,2018-04-11,4.1,680,mi integer,2.7,581,express,13.21
696,ut erat,Donec posuere metus vitae ipsum. Aliquam non mauris. Morbi non lectus. Aliquam sit amet diam in magna bibendum imperdiet.,587.22,43.94,clothing,Mita,150,Red,small,3.0,2022-02-20,3.8,599,sit amet nulla quisque arcu,3.7,109,express,34.78
697,dis parturient montes nascetur,"Vestibulum ac est lacinia nisi venenatis tristique. Fusce congue, diam id ornare imperdiet, sapien urna pretium nisl, ut volutpat sapien arcu sed augue. Aliquam erat volutpat.",354.32,6.79,clothing,Dazzlesphere,254,Goldenrod,extra large,2.3,2011-03-26,2.7,605,mauris laoreet,2.3,57,express,40.28
698,sapien placerat ante,Nulla facilisi. Cras non velit nec nisi vulputate nonummy. Maecenas tincidunt lacus at velit. Vivamus vel nulla eget eros elementum pellentesque. Quisque porta volutpat erat.,6.04,42.48,beauty,Avavee,254,Green,small,4.2,2021-10-02,4.7,800,id justo,2.1,908,free,11.94
699,pharetra magna vestibulum aliquet,"Quisque erat eros, viverra eget, congue eget, semper rutrum, nulla. Nunc purus.",142.57,41.88,clothing,Ntag,799,Red,small,5.0,2010-08-26,4.5,469,sed,4.9,680,standard,44.48
700,augue vestibulum rutrum rutrum,"Vivamus vel nulla eget eros elementum pellentesque. Quisque porta volutpat erat. Quisque erat eros, viverra eget, congue eget, semper rutrum, nulla. Nunc purus.",768.52,2.65,clothing,Mydeo,732,Puce,medium,1.8,2018-09-12,2.5,3,potenti in,2.6,193,free,40.02
701,vel nulla eget eros,Etiam justo. Etiam pretium iaculis justo. In hac habitasse platea dictumst. Etiam faucibus cursus urna. Ut tellus.,579.46,18.78,home decor,Blogtag,260,Maroon,small,3.0,2014-03-11,4.1,323,suspendisse potenti nullam porttitor lacus at,3.2,994,free,39.92
702,dis parturient,"Integer a nibh. In quis justo. Maecenas rhoncus aliquam lacus. Morbi quis tortor id nulla ultrices aliquet. Maecenas leo odio, condimentum id, luctus nec, molestie sed, justo.",452.53,34.64,clothing,Lajo,335,Maroon,extra large,2.9,2017-08-10,1.2,183,sed magna at nunc,3.8,29,free,44.89
703,orci pede venenatis non,"Vivamus in felis eu sapien cursus vestibulum. Proin eu mi. Nulla ac enim. In tempor, turpis nec euismod scelerisque, quam turpis adipiscing lorem, vitae mattis nibh ligula nec sem.",908.72,11.39,toys,Realmix,687,Green,extra large,2.0,2010-07-28,3.4,783,rhoncus mauris enim,1.1,930,free,36.53
704,nulla mollis,"Curabitur at ipsum ac tellus semper interdum. Mauris ullamcorper purus sit amet nulla. Quisque arcu libero, rutrum ac, lobortis vel, dapibus at, diam. Nam tristique tortor eu pede.",936.41,6.25,toys,Meemm,933,Mauv,small,8.2,2021-05-10,1.2,233,nascetur ridiculus mus etiam vel,1.3,457,free,11.06
705,velit eu est congue,"In tempor, turpis nec euismod scelerisque, quam turpis adipiscing lorem, vitae mattis nibh ligula nec sem. Duis aliquam convallis nunc. Proin at turpis a pede posuere nonummy. Integer non velit.",280.24,15.96,home decor,Tagtune,950,Turquoise,small,7.3,2010-02-04,1.8,929,bibendum,4.8,820,standard,40.7
706,rutrum ac lobortis vel,"Integer aliquet, massa id lobortis convallis, tortor risus dapibus augue, vel accumsan tellus nisi eu orci. Mauris lacinia sapien quis libero. Nullam sit amet turpis elementum ligula vehicula consequat. Morbi a ipsum.",474.68,26.89,toys,Jaxworks,723,Turquoise,large,5.5,2018-01-21,2.9,277,molestie sed justo pellentesque viverra,2.3,421,express,46.35
707,maecenas leo,Nunc nisl.,780.25,39.03,clothing,Bubbletube,950,Turquoise,large,4.2,2020-06-05,3.9,957,luctus cum,4.5,420,standard,27.45
708,in quis justo,Nullam varius. Nulla facilisi. Cras non velit nec nisi vulputate nonummy. Maecenas tincidunt lacus at velit.,616.66,26.06,home decor,Meembee,488,Goldenrod,large,1.1,2011-08-05,2.8,530,eu massa donec dapibus duis at,1.2,253,free,4.34
709,nulla pede ullamcorper,"Vestibulum quam sapien, varius ut, blandit non, interdum in, ante. Vestibulum ante ipsum primis in faucibus orci luctus et ultrices posuere cubilia Curae; Duis faucibus accumsan odio. Curabitur convallis.",455.76,8.23,beauty,Realpoint,90,Goldenrod,small,8.2,2011-04-29,3.9,366,convallis morbi odio odio elementum eu,3.5,118,free,38.39
710,curae mauris,"Proin leo odio, porttitor id, consequat in, consequat ut, nulla. Sed accumsan felis. Ut at dolor quis odio consequat varius. Integer ac leo. Pellentesque ultrices mattis odio.",528.46,9.95,home decor,Shufflebeat,663,Puce,medium,1.1,2018-10-31,4.2,725,turpis donec posuere,2.3,861,express,43.44
711,viverra eget,Praesent blandit lacinia erat. Vestibulum sed magna at nunc commodo placerat. Praesent blandit. Nam nulla.,325.08,11.61,beauty,Twinte,767,Blue,extra large,7.3,2011-11-04,1.9,595,semper sapien a,3.2,732,free,34.07
712,est risus auctor,"Sed sagittis. Nam congue, risus semper porta volutpat, quam pede lobortis ligula, sit amet eleifend pede libero quis orci. Nullam molestie nibh in lectus. Pellentesque at nulla.",557.46,49.07,beauty,Gigaclub,699,Khaki,medium,6.1,2018-11-28,2.2,339,in,4.7,545,standard,41.27
713,condimentum neque,Morbi a ipsum.,845.8,24.74,clothing,Skyvu,443,Blue,medium,3.7,2011-03-03,2.5,352,aenean fermentum donec ut mauris,2.6,798,free,23.98
714,mauris vulputate elementum nullam,"Cras mi pede, malesuada in, imperdiet et, commodo vulputate, justo. In blandit ultrices enim. Lorem ipsum dolor sit amet, consectetuer adipiscing elit. Proin interdum mauris non ligula pellentesque ultrices.",672.24,41.22,beauty,Ozu,117,Red,extra large,4.1,2011-01-27,4.8,774,mauris,5.0,869,standard,5.72
715,id lobortis,Maecenas tincidunt lacus at velit. Vivamus vel nulla eget eros elementum pellentesque.,212.23,28.25,electronics,Photospace,445,Khaki,extra large,1.9,2022-02-08,1.8,846,maecenas leo odio condimentum,4.4,820,free,33.33
716,lacinia nisi venenatis,"In sagittis dui vel nisl. Duis ac nibh. Fusce lacus purus, aliquet at, feugiat non, pretium quis, lectus. Suspendisse potenti. In eleifend quam a odio.",918.96,13.16,home decor,Trupe,453,Crimson,small,5.0,2020-02-12,4.0,273,leo maecenas pulvinar lobortis,3.0,730,express,29.09
717,luctus cum sociis natoque,Sed accumsan felis. Ut at dolor quis odio consequat varius. Integer ac leo.,612.84,32.42,home decor,Brightdog,563,Violet,small,1.5,2015-11-22,1.1,281,sapien quis libero,1.7,901,express,5.45
718,vel nulla eget eros,Nunc purus. Phasellus in felis. Donec semper sapien a libero.,547.52,40.13,clothing,Gigaclub,300,Turquoise,small,7.9,2014-02-23,3.6,551,eget,4.8,214,express,3.14
719,integer tincidunt ante,Maecenas pulvinar lobortis est. Phasellus sit amet erat. Nulla tempus. Vivamus in felis eu sapien cursus vestibulum. Proin eu mi.,145.83,47.19,beauty,Mycat,126,Goldenrod,small,7.0,2013-09-04,4.0,313,arcu sed augue aliquam erat volutpat,4.1,878,free,46.4
720,at velit vivamus vel,"Nam ultrices, libero non mattis pulvinar, nulla pede ullamcorper augue, a suscipit nulla elit ac nulla. Sed vel enim sit amet nunc viverra dapibus. Nulla suscipit ligula in lacus. Curabitur at ipsum ac tellus semper interdum. Mauris ullamcorper purus sit amet nulla.",120.52,45.76,electronics,Twimm,97,Puce,small,4.2,2020-09-05,1.9,256,proin interdum,2.9,43,express,41.22
721,integer aliquet massa,"Proin risus. Praesent lectus. Vestibulum quam sapien, varius ut, blandit non, interdum in, ante. Vestibulum ante ipsum primis in faucibus orci luctus et ultrices posuere cubilia Curae; Duis faucibus accumsan odio. Curabitur convallis.",98.0,34.44,toys,Miboo,815,Teal,large,9.0,2021-10-06,3.3,270,mauris,2.6,55,free,27.85
722,mus etiam vel augue,Vivamus tortor.,413.46,9.69,toys,Zazio,807,Khaki,medium,6.8,2021-05-29,4.1,535,nisl nunc nisl duis bibendum,3.5,971,express,27.1
723,sit amet diam,Phasellus sit amet erat. Nulla tempus.,786.66,5.09,home decor,Thoughtmix,634,Purple,large,7.2,2022-10-01,3.4,96,urna ut,4.1,178,free,28.78
724,proin risus praesent lectus,Mauris lacinia sapien quis libero. Nullam sit amet turpis elementum ligula vehicula consequat. Morbi a ipsum.,604.48,26.54,clothing,Avamm,727,Indigo,extra large,2.0,2020-03-03,5.0,72,in hac,4.5,778,express,36.12
725,vestibulum sagittis sapien,Maecenas ut massa quis augue luctus tincidunt. Nulla mollis molestie lorem. Quisque ut erat. Curabitur gravida nisi at nibh.,202.42,7.85,home decor,Buzzdog,689,Maroon,small,3.9,2019-06-08,4.2,439,vestibulum proin eu mi nulla,4.5,363,standard,43.26
726,dui maecenas tristique,"Donec vitae nisi. Nam ultrices, libero non mattis pulvinar, nulla pede ullamcorper augue, a suscipit nulla elit ac nulla. Sed vel enim sit amet nunc viverra dapibus. Nulla suscipit ligula in lacus.",152.62,47.94,home decor,Wordtune,319,Orange,small,2.0,2011-03-30,3.9,778,volutpat erat quisque erat eros viverra,2.0,239,express,14.7
727,varius nulla facilisi cras,"Curabitur gravida nisi at nibh. In hac habitasse platea dictumst. Aliquam augue quam, sollicitudin vitae, consectetuer eget, rutrum at, lorem.",670.47,25.8,toys,Kayveo,469,Fuscia,small,4.1,2015-04-10,5.0,198,vulputate luctus cum sociis,5.0,311,standard,42.85
728,vestibulum sed magna at,"Fusce lacus purus, aliquet at, feugiat non, pretium quis, lectus. Suspendisse potenti. In eleifend quam a odio. In hac habitasse platea dictumst.",171.21,40.99,home decor,Ozu,59,Violet,large,8.3,2010-05-28,3.7,232,luctus,4.4,130,express,35.36
729,primis in faucibus orci,"Vivamus vestibulum sagittis sapien. Cum sociis natoque penatibus et magnis dis parturient montes, nascetur ridiculus mus. Etiam vel augue. Vestibulum rutrum rutrum neque. Aenean auctor gravida sem.",157.3,31.54,home decor,Skibox,428,Goldenrod,extra large,3.8,2016-05-05,2.2,120,eget,2.3,571,express,46.84
730,id justo sit amet,"Nulla tellus. In sagittis dui vel nisl. Duis ac nibh. Fusce lacus purus, aliquet at, feugiat non, pretium quis, lectus.",238.86,32.79,home decor,Zoonoodle,681,Purple,small,5.8,2012-04-26,3.9,402,vestibulum rutrum rutrum neque,3.5,616,free,31.43
731,nunc vestibulum,Morbi quis tortor id nulla ultrices aliquet.,636.92,19.53,electronics,Bubblemix,653,Maroon,small,8.9,2018-05-06,1.9,536,duis at,1.5,292,standard,22.22
732,consequat lectus in,Etiam faucibus cursus urna. Ut tellus. Nulla ut erat id mauris vulputate elementum. Nullam varius.,678.24,15.09,beauty,Twinte,103,Teal,large,5.3,2014-04-11,4.4,755,at lorem integer,3.2,531,standard,40.84
733,lorem ipsum dolor sit,Nullam porttitor lacus at turpis. Donec posuere metus vitae ipsum. Aliquam non mauris. Morbi non lectus. Aliquam sit amet diam in magna bibendum imperdiet.,552.48,44.38,home decor,Skynoodle,388,Crimson,extra large,4.3,2010-08-17,4.2,104,tortor risus dapibus augue,1.6,300,standard,44.44
734,vel accumsan,"Integer a nibh. In quis justo. Maecenas rhoncus aliquam lacus. Morbi quis tortor id nulla ultrices aliquet. Maecenas leo odio, condimentum id, luctus nec, molestie sed, justo.",714.58,4.22,home decor,Dynabox,683,Puce,large,8.5,2020-04-29,1.3,298,nam nulla integer pede,4.5,438,free,25.95
735,nam nulla integer,Nulla justo. Aliquam quis turpis eget elit sodales scelerisque. Mauris sit amet eros.,272.44,31.56,beauty,Twitterworks,258,Aquamarine,large,4.4,2021-12-29,3.7,29,pede justo,4.2,528,free,25.11
736,pellentesque volutpat dui maecenas,"Fusce congue, diam id ornare imperdiet, sapien urna pretium nisl, ut volutpat sapien arcu sed augue. Aliquam erat volutpat. In congue. Etiam justo. Etiam pretium iaculis justo.",489.55,43.25,beauty,Brightdog,91,Mauv,extra large,6.7,2013-07-02,1.6,382,vitae quam suspendisse,2.5,5,standard,5.15
737,ut ultrices vel,"Sed sagittis. Nam congue, risus semper porta volutpat, quam pede lobortis ligula, sit amet eleifend pede libero quis orci.",636.87,41.24,clothing,Devshare,605,Fuscia,medium,2.7,2010-12-09,1.3,391,nascetur ridiculus mus etiam,3.4,149,free,42.22
738,tortor risus dapibus augue,"Nulla neque libero, convallis eget, eleifend luctus, ultricies eu, nibh. Quisque id justo sit amet sapien dignissim vestibulum. Vestibulum ante ipsum primis in faucibus orci luctus et ultrices posuere cubilia Curae; Nulla dapibus dolor vel est. Donec odio justo, sollicitudin ut, suscipit a, feugiat et, eros. Vestibulum ac est lacinia nisi venenatis tristique.",796.3,29.57,toys,Dabfeed,859,Aquamarine,small,7.0,2014-07-21,2.8,877,in blandit,4.0,118,express,34.15
739,mi nulla ac enim,Nulla mollis molestie lorem. Quisque ut erat. Curabitur gravida nisi at nibh. In hac habitasse platea dictumst.,914.93,26.0,electronics,Zava,218,Aquamarine,large,5.6,2012-05-30,4.8,245,diam neque vestibulum eget vulputate,3.3,540,standard,34.91
740,in libero ut,"Nulla neque libero, convallis eget, eleifend luctus, ultricies eu, nibh.",582.16,24.6,beauty,Blogtags,622,Violet,large,1.2,2015-04-25,1.6,577,maecenas ut massa quis,3.3,463,free,45.51
741,luctus rutrum nulla tellus,In hac habitasse platea dictumst. Maecenas ut massa quis augue luctus tincidunt. Nulla mollis molestie lorem.,166.79,13.17,beauty,Brightbean,170,Indigo,extra large,3.8,2017-01-07,4.1,830,non velit donec diam,3.3,793,standard,36.36
742,justo in blandit ultrices,"Fusce lacus purus, aliquet at, feugiat non, pretium quis, lectus. Suspendisse potenti. In eleifend quam a odio.",42.23,31.24,electronics,Muxo,140,Violet,large,4.6,2016-02-27,3.4,116,leo,1.6,659,free,19.05
743,donec odio,"Fusce congue, diam id ornare imperdiet, sapien urna pretium nisl, ut volutpat sapien arcu sed augue. Aliquam erat volutpat. In congue.",831.57,38.52,clothing,Voomm,0,Purple,extra large,9.7,2019-06-12,2.0,570,nunc,2.5,857,free,46.2
744,augue vestibulum,"Sed sagittis. Nam congue, risus semper porta volutpat, quam pede lobortis ligula, sit amet eleifend pede libero quis orci.",198.64,20.84,home decor,Jabberstorm,566,Pink,extra large,3.3,2022-02-03,2.7,804,ultrices posuere,2.5,228,express,12.07
745,erat curabitur gravida,"Donec diam neque, vestibulum eget, vulputate ut, ultrices vel, augue. Vestibulum ante ipsum primis in faucibus orci luctus et ultrices posuere cubilia Curae; Donec pharetra, magna vestibulum aliquet ultrices, erat tortor sollicitudin mi, sit amet lobortis sapien sapien non mi. Integer ac neque. Duis bibendum.",141.64,8.42,home decor,Edgewire,31,Yellow,large,9.7,2015-05-19,1.4,439,lacinia,3.2,998,express,7.02
746,sed vestibulum sit,"Lorem ipsum dolor sit amet, consectetuer adipiscing elit.",483.24,27.44,toys,Skyvu,78,Puce,medium,9.3,2016-04-06,2.1,346,quis libero,2.4,261,express,20.68
747,lobortis ligula,Aliquam erat volutpat. In congue. Etiam justo.,276.68,8.46,home decor,Gabtune,556,Red,medium,2.9,2010-03-13,3.9,80,volutpat dui maecenas tristique,1.7,532,express,43.9
748,nascetur ridiculus mus,"In quis justo. Maecenas rhoncus aliquam lacus. Morbi quis tortor id nulla ultrices aliquet. Maecenas leo odio, condimentum id, luctus nec, molestie sed, justo. Pellentesque viverra pede ac diam.",358.07,30.41,beauty,Oyoyo,101,Fuscia,small,7.7,2020-08-13,1.2,966,varius,3.6,944,standard,16.48
749,lacinia erat vestibulum sed,Nulla mollis molestie lorem. Quisque ut erat.,434.85,16.21,electronics,Ntags,325,Khaki,large,0.4,2020-12-10,2.2,114,curabitur in libero ut massa volutpat,1.6,378,express,35.21
750,tincidunt ante,Nunc purus. Phasellus in felis. Donec semper sapien a libero. Nam dui.,172.49,48.39,electronics,Oyondu,402,Puce,large,6.3,2021-06-16,3.7,142,consequat in consequat ut nulla sed,2.8,120,standard,1.45
751,quam fringilla,Sed ante. Vivamus tortor. Duis mattis egestas metus.,357.27,22.35,electronics,Fiveclub,855,Teal,large,9.2,2016-12-14,3.9,979,sapien placerat,4.1,10,express,26.83
752,blandit mi in,Nulla tempus. Vivamus in felis eu sapien cursus vestibulum.,213.45,20.63,electronics,Feedbug,718,Pink,large,2.5,2017-05-31,3.7,808,quis libero nullam,2.8,219,standard,4.99
753,consequat ut nulla,Nullam porttitor lacus at turpis. Donec posuere metus vitae ipsum. Aliquam non mauris. Morbi non lectus.,511.85,48.58,toys,Photolist,701,Maroon,small,7.7,2016-09-21,4.5,834,elit sodales scelerisque mauris,2.4,471,standard,10.25
754,curabitur at,Sed ante.,744.69,14.24,electronics,Jamia,240,Khaki,large,3.8,2012-08-06,4.1,662,a ipsum integer a nibh in,4.9,646,standard,39.35
755,posuere cubilia curae,Etiam pretium iaculis justo.,796.01,5.8,clothing,Babbleblab,21,Khaki,small,6.3,2021-01-02,1.6,791,in magna bibendum imperdiet nullam orci,1.6,497,express,26.9
756,in libero,"Nam dui. Proin leo odio, porttitor id, consequat in, consequat ut, nulla. Sed accumsan felis. Ut at dolor quis odio consequat varius. Integer ac leo.",200.33,14.32,home decor,Feedfish,913,Turquoise,small,2.4,2014-10-09,4.8,162,scelerisque quam turpis adipiscing lorem,1.5,551,express,25.52
757,pulvinar lobortis est phasellus,"Vestibulum ante ipsum primis in faucibus orci luctus et ultrices posuere cubilia Curae; Nulla dapibus dolor vel est. Donec odio justo, sollicitudin ut, suscipit a, feugiat et, eros. Vestibulum ac est lacinia nisi venenatis tristique. Fusce congue, diam id ornare imperdiet, sapien urna pretium nisl, ut volutpat sapien arcu sed augue. Aliquam erat volutpat.",259.86,29.8,home decor,Blogtag,607,Maroon,small,2.2,2017-11-17,4.1,649,luctus et ultrices posuere cubilia,2.5,310,free,38.03
758,nibh in lectus pellentesque,"Aliquam sit amet diam in magna bibendum imperdiet. Nullam orci pede, venenatis non, sodales sed, tincidunt eu, felis. Fusce posuere felis sed lacus. Morbi sem mauris, laoreet ut, rhoncus aliquet, pulvinar sed, nisl.",313.95,25.7,beauty,Mycat,872,Mauv,large,5.5,2010-06-11,4.8,460,justo,3.7,680,standard,27.73
759,cursus vestibulum proin,Aliquam erat volutpat.,517.21,1.2,toys,Zoombox,84,Indigo,medium,0.8,2013-01-29,4.8,17,pellentesque volutpat dui maecenas tristique,2.6,780,free,37.29
760,purus sit amet,"Curabitur convallis. Duis consequat dui nec nisi volutpat eleifend. Donec ut dolor. Morbi vel lectus in quam fringilla rhoncus. Mauris enim leo, rhoncus sed, vestibulum sit amet, cursus id, turpis.",927.09,30.17,toys,Meevee,873,Violet,medium,8.0,2014-01-05,1.8,165,a pede posuere nonummy integer,3.4,228,free,11.58
761,nunc nisl duis bibendum,"Integer pede justo, lacinia eget, tincidunt eget, tempus vel, pede. Morbi porttitor lorem id ligula.",624.4,7.23,toys,Wordify,569,Goldenrod,extra large,2.6,2017-04-16,2.1,191,ac tellus semper interdum mauris ullamcorper,1.5,80,express,8.69
762,nibh in lectus pellentesque,Suspendisse potenti.,431.29,33.85,electronics,Zoonoodle,353,Turquoise,medium,1.8,2022-07-09,1.7,417,nibh ligula nec sem duis aliquam,4.4,719,free,0.67
763,tincidunt nulla,Curabitur convallis. Duis consequat dui nec nisi volutpat eleifend. Donec ut dolor. Morbi vel lectus in quam fringilla rhoncus.,542.66,46.51,electronics,Avavee,838,Pink,extra large,4.5,2013-03-19,4.0,558,interdum mauris non ligula pellentesque,4.1,839,free,14.14
764,massa id lobortis,Integer non velit.,291.07,0.38,beauty,Demimbu,350,Goldenrod,large,5.0,2017-08-23,3.0,62,ut odio cras mi,2.4,952,standard,15.85
765,montes nascetur ridiculus mus,"Pellentesque at nulla. Suspendisse potenti. Cras in purus eu magna vulputate luctus. Cum sociis natoque penatibus et magnis dis parturient montes, nascetur ridiculus mus. Vivamus vestibulum sagittis sapien.",753.36,49.11,clothing,Thoughtstorm,667,Khaki,small,9.1,2017-12-14,1.6,250,auctor gravida sem praesent id massa,2.7,927,standard,25.18
766,ipsum primis in faucibus,"Vestibulum ac est lacinia nisi venenatis tristique. Fusce congue, diam id ornare imperdiet, sapien urna pretium nisl, ut volutpat sapien arcu sed augue. Aliquam erat volutpat. In congue.",91.0,13.53,toys,Skibox,995,Crimson,medium,6.9,2012-01-28,2.7,616,odio porttitor id consequat,1.7,531,standard,15.19
767,nulla ultrices aliquet,"Phasellus in felis. Donec semper sapien a libero. Nam dui. Proin leo odio, porttitor id, consequat in, consequat ut, nulla. Sed accumsan felis.",307.69,18.14,home decor,Wordpedia,116,Khaki,extra large,9.1,2017-02-04,4.8,319,pulvinar,3.4,48,standard,3.52
768,sit amet diam,Aliquam erat volutpat. In congue. Etiam justo.,728.3,49.3,home decor,Photobean,356,Blue,small,6.0,2015-01-29,1.2,83,sem,1.6,819,free,40.84
769,commodo vulputate,Morbi a ipsum. Integer a nibh. In quis justo.,126.49,5.51,home decor,Eadel,431,Goldenrod,small,6.2,2014-08-28,3.2,762,commodo vulputate,2.3,659,free,41.03
770,pede justo,"Nulla ac enim. In tempor, turpis nec euismod scelerisque, quam turpis adipiscing lorem, vitae mattis nibh ligula nec sem. Duis aliquam convallis nunc.",887.55,8.43,clothing,Yombu,387,Indigo,large,10.0,2018-10-23,4.8,450,tincidunt nulla mollis molestie lorem quisque,4.8,249,express,48.15
771,metus aenean,Vestibulum sed magna at nunc commodo placerat. Praesent blandit.,725.28,41.52,beauty,Minyx,404,Pink,large,6.8,2012-12-16,1.2,131,pellentesque quisque porta,3.4,434,standard,9.17
772,et magnis dis,"Sed sagittis. Nam congue, risus semper porta volutpat, quam pede lobortis ligula, sit amet eleifend pede libero quis orci. Nullam molestie nibh in lectus. Pellentesque at nulla.",370.03,10.29,electronics,Avamm,526,Green,large,3.3,2015-07-08,1.1,892,fringilla rhoncus mauris enim leo,2.1,206,standard,15.52
773,nibh fusce,Maecenas pulvinar lobortis est.,735.91,11.5,home decor,Katz,762,Orange,large,3.3,2016-01-13,5.0,374,ipsum praesent blandit lacinia erat vestibulum,2.0,390,free,11.53
774,nonummy integer non velit,"Vestibulum quam sapien, varius ut, blandit non, interdum in, ante.",133.62,2.05,toys,Twitternation,684,Green,medium,6.1,2016-03-19,3.5,250,convallis,2.6,730,express,46.45
775,ipsum dolor sit,"Nam congue, risus semper porta volutpat, quam pede lobortis ligula, sit amet eleifend pede libero quis orci. Nullam molestie nibh in lectus. Pellentesque at nulla. Suspendisse potenti. Cras in purus eu magna vulputate luctus.",512.03,8.03,toys,Chatterbridge,65,Turquoise,extra large,1.3,2015-06-23,4.3,620,nibh,3.6,684,standard,13.82
776,ut dolor,Morbi non lectus.,792.88,1.05,beauty,Twinder,737,Pink,large,1.6,2016-09-07,2.4,747,curabitur gravida nisi at,3.7,185,standard,7.38
777,non velit,"Duis bibendum, felis sed interdum venenatis, turpis enim blandit mi, in porttitor pede justo eu massa.",570.63,1.63,clothing,Jatri,268,Violet,medium,5.3,2020-08-19,1.1,132,eget massa tempor convallis,2.1,533,standard,49.42
778,orci nullam molestie,"Aliquam non mauris. Morbi non lectus. Aliquam sit amet diam in magna bibendum imperdiet. Nullam orci pede, venenatis non, sodales sed, tincidunt eu, felis. Fusce posuere felis sed lacus.",484.89,13.37,home decor,Jaxspan,985,Puce,large,1.7,2022-09-05,2.6,230,elit ac nulla,1.8,192,express,38.06
779,pede lobortis ligula,In hac habitasse platea dictumst.,720.12,39.7,toys,Edgeify,268,Aquamarine,large,2.8,2020-05-04,1.7,624,ligula,2.4,198,express,8.76
780,amet sem fusce,Nunc rhoncus dui vel sem. Sed sagittis.,857.98,44.34,clothing,Viva,283,Crimson,extra large,6.9,2012-05-20,4.7,820,amet eros suspendisse,2.5,99,free,40.81
781,odio cras mi pede,"Suspendisse ornare consequat lectus. In est risus, auctor sed, tristique in, tempus sit amet, sem.",545.21,6.37,toys,Eabox,296,Purple,large,0.6,2010-04-04,2.9,838,interdum in ante,5.0,551,express,49.38
782,vivamus vel,Sed ante. Vivamus tortor. Duis mattis egestas metus. Aenean fermentum.,268.63,41.19,electronics,Gevee,802,Turquoise,small,9.6,2011-06-02,2.4,449,leo maecenas pulvinar lobortis est phasellus,5.0,589,express,33.8
783,egestas metus,In hac habitasse platea dictumst.,971.88,26.56,clothing,Roodel,31,Red,small,6.8,2022-08-14,3.3,861,quam turpis adipiscing lorem vitae,4.4,41,express,0.22
784,blandit ultrices enim lorem,Vestibulum sed magna at nunc commodo placerat. Praesent blandit.,83.38,0.82,home decor,Miboo,37,Goldenrod,extra large,8.4,2012-07-21,1.8,527,morbi porttitor,2.0,392,standard,36.91
785,blandit mi in porttitor,Quisque id justo sit amet sapien dignissim vestibulum. Vestibulum ante ipsum primis in faucibus orci luctus et ultrices posuere cubilia Curae; Nulla dapibus dolor vel est.,631.71,23.7,electronics,Leexo,824,Yellow,large,7.0,2022-03-09,4.3,226,posuere cubilia curae mauris viverra,2.0,504,standard,43.12
786,id nulla ultrices aliquet,"Pellentesque viverra pede ac diam. Cras pellentesque volutpat dui. Maecenas tristique, est et tempus semper, est quam pharetra magna, ac consequat metus sapien ut nunc.",715.58,37.71,beauty,Voomm,459,Puce,extra large,4.0,2013-09-24,4.7,963,platea dictumst aliquam augue quam,3.5,721,standard,9.76
787,malesuada in imperdiet,Nulla justo. Aliquam quis turpis eget elit sodales scelerisque. Mauris sit amet eros. Suspendisse accumsan tortor quis turpis. Sed ante.,866.94,23.78,toys,Twitterworks,962,Blue,large,2.0,2010-07-23,4.6,226,sit amet nunc viverra,2.0,926,free,34.19
788,tristique fusce congue diam,In hac habitasse platea dictumst.,372.38,44.88,electronics,Shufflebeat,121,Pink,medium,1.8,2016-03-31,3.8,62,placerat praesent,2.6,906,express,28.55
789,dui vel nisl,"In blandit ultrices enim. Lorem ipsum dolor sit amet, consectetuer adipiscing elit. Proin interdum mauris non ligula pellentesque ultrices. Phasellus id sapien in sapien iaculis congue.",810.29,28.78,home decor,Zoomdog,294,Red,large,2.2,2012-04-03,2.2,311,nulla eget eros,1.0,202,express,46.75
790,eget vulputate ut ultrices,Quisque ut erat. Curabitur gravida nisi at nibh.,166.76,0.25,beauty,Browsedrive,78,Mauv,small,3.2,2019-03-11,4.8,890,ipsum,2.0,627,express,44.89
791,odio condimentum id luctus,Nulla tellus. In sagittis dui vel nisl.,657.97,15.63,toys,Yabox,99,Fuscia,small,4.2,2015-08-01,3.8,667,massa tempor convallis,4.8,550,standard,12.42
792,duis bibendum felis,Integer tincidunt ante vel ipsum.,79.54,8.7,beauty,Skidoo,800,Violet,small,1.3,2015-02-07,2.7,169,ipsum primis in,1.2,531,standard,11.0
793,tincidunt eu felis fusce,Ut at dolor quis odio consequat varius. Integer ac leo.,990.3,23.57,clothing,Skilith,220,Khaki,large,0.3,2017-08-12,3.9,173,phasellus sit,4.6,418,standard,49.2
794,fermentum donec ut,Cras non velit nec nisi vulputate nonummy. Maecenas tincidunt lacus at velit. Vivamus vel nulla eget eros elementum pellentesque. Quisque porta volutpat erat.,356.33,4.57,electronics,Roombo,422,Maroon,medium,7.7,2017-03-04,3.9,18,primis in faucibus,1.5,916,free,38.99
795,imperdiet sapien urna pretium,"Mauris enim leo, rhoncus sed, vestibulum sit amet, cursus id, turpis. Integer aliquet, massa id lobortis convallis, tortor risus dapibus augue, vel accumsan tellus nisi eu orci. Mauris lacinia sapien quis libero. Nullam sit amet turpis elementum ligula vehicula consequat. Morbi a ipsum.",614.35,21.1,electronics,Skinte,271,Crimson,extra large,3.6,2015-05-09,2.7,55,vulputate ut ultrices vel augue,1.4,890,standard,33.38
796,sapien cum sociis natoque,"In hac habitasse platea dictumst. Aliquam augue quam, sollicitudin vitae, consectetuer eget, rutrum at, lorem.",759.02,45.25,home decor,Topicstorm,108,Purple,small,4.8,2014-06-21,2.2,580,vivamus tortor duis mattis egestas metus,3.7,254,standard,12.63
797,hendrerit at vulputate,Sed vel enim sit amet nunc viverra dapibus.,716.53,28.79,clothing,Realblab,923,Aquamarine,large,9.3,2020-01-01,4.2,398,luctus ultricies eu nibh quisque id,4.7,896,standard,25.38
798,luctus et ultrices posuere,"Morbi non lectus. Aliquam sit amet diam in magna bibendum imperdiet. Nullam orci pede, venenatis non, sodales sed, tincidunt eu, felis.",598.32,8.68,clothing,Rhynoodle,28,Pink,extra large,1.0,2017-04-19,3.0,161,suspendisse potenti cras,1.7,115,free,25.17
799,ut ultrices,"Integer pede justo, lacinia eget, tincidunt eget, tempus vel, pede. Morbi porttitor lorem id ligula. Suspendisse ornare consequat lectus. In est risus, auctor sed, tristique in, tempus sit amet, sem. Fusce consequat.",353.94,4.94,beauty,Voomm,291,Violet,large,6.9,2016-01-13,2.6,838,in porttitor pede justo eu massa,3.4,405,standard,15.01
800,ut mauris,"In tempor, turpis nec euismod scelerisque, quam turpis adipiscing lorem, vitae mattis nibh ligula nec sem.",504.29,43.51,clothing,Oyope,261,Pink,extra large,3.4,2020-12-16,2.4,31,ipsum,4.6,92,express,37.15
801,erat eros,"Quisque erat eros, viverra eget, congue eget, semper rutrum, nulla.",328.59,28.13,home decor,Jatri,903,Purple,large,3.2,2012-04-15,2.1,698,risus dapibus augue vel,4.5,380,free,2.19
802,sed accumsan felis ut,"Sed sagittis. Nam congue, risus semper porta volutpat, quam pede lobortis ligula, sit amet eleifend pede libero quis orci. Nullam molestie nibh in lectus.",608.89,31.35,clothing,Youbridge,645,Indigo,large,7.3,2022-06-16,1.9,465,scelerisque quam turpis,1.3,610,standard,33.35
803,nulla neque libero convallis,Nullam sit amet turpis elementum ligula vehicula consequat. Morbi a ipsum.,472.51,43.95,toys,Babbleset,336,Maroon,large,9.7,2017-06-22,2.9,415,eleifend luctus ultricies eu nibh,4.1,436,standard,16.51
804,volutpat sapien arcu sed,Vivamus tortor. Duis mattis egestas metus. Aenean fermentum.,506.1,6.21,toys,Janyx,882,Turquoise,large,7.3,2014-07-10,1.1,836,integer pede justo lacinia eget,4.6,643,free,34.67
805,faucibus orci,"Curabitur gravida nisi at nibh. In hac habitasse platea dictumst. Aliquam augue quam, sollicitudin vitae, consectetuer eget, rutrum at, lorem.",172.16,21.65,electronics,Youopia,274,Purple,extra large,2.8,2011-11-26,5.0,159,dictumst morbi vestibulum velit id pretium,2.9,820,standard,36.33
806,nec sem duis,"Maecenas tristique, est et tempus semper, est quam pharetra magna, ac consequat metus sapien ut nunc. Vestibulum ante ipsum primis in faucibus orci luctus et ultrices posuere cubilia Curae; Mauris viverra diam vitae quam.",767.42,3.43,beauty,Minyx,812,Goldenrod,extra large,5.4,2017-04-03,1.8,496,velit donec,4.1,536,standard,16.12
807,viverra pede ac,Praesent lectus.,918.36,11.2,home decor,Brainverse,935,Turquoise,large,0.5,2020-08-12,1.2,731,eget vulputate ut ultrices vel,1.3,228,standard,25.68
808,fusce consequat nulla nisl,"Praesent lectus. Vestibulum quam sapien, varius ut, blandit non, interdum in, ante. Vestibulum ante ipsum primis in faucibus orci luctus et ultrices posuere cubilia Curae; Duis faucibus accumsan odio.",827.93,2.37,clothing,Devpoint,990,Green,medium,9.9,2015-01-23,3.2,652,rutrum ac,1.8,160,free,21.66
809,varius ut blandit,Duis mattis egestas metus.,597.31,27.38,toys,Bluezoom,158,Yellow,medium,2.6,2011-07-31,4.3,424,in hac habitasse,2.7,269,express,10.75
810,in hac habitasse,Integer a nibh. In quis justo. Maecenas rhoncus aliquam lacus. Morbi quis tortor id nulla ultrices aliquet.,725.39,42.94,beauty,Brightbean,163,Aquamarine,small,9.1,2010-03-02,4.2,731,massa id nisl venenatis lacinia,3.0,625,express,15.13
811,quam sapien varius,"Vivamus vestibulum sagittis sapien. Cum sociis natoque penatibus et magnis dis parturient montes, nascetur ridiculus mus. Etiam vel augue. Vestibulum rutrum rutrum neque. Aenean auctor gravida sem.",57.26,23.85,beauty,Blogtag,221,Puce,large,5.7,2015-07-26,3.0,557,amet sem fusce consequat,4.5,823,standard,23.72
812,in hac habitasse platea,Curabitur convallis. Duis consequat dui nec nisi volutpat eleifend. Donec ut dolor.,43.16,6.66,electronics,Yotz,655,Green,large,2.7,2021-04-27,2.8,175,porta volutpat quam pede,2.5,59,standard,15.45
813,dui vel,Suspendisse accumsan tortor quis turpis. Sed ante. Vivamus tortor. Duis mattis egestas metus.,519.5,38.96,electronics,Zava,0,Mauv,large,7.7,2011-06-24,3.1,105,nec dui luctus rutrum,3.2,382,standard,10.55
814,dapibus dolor vel est,"Donec ut mauris eget massa tempor convallis. Nulla neque libero, convallis eget, eleifend luctus, ultricies eu, nibh.",372.5,9.03,clothing,Gabvine,489,Puce,large,5.5,2020-07-02,2.6,169,dolor,4.6,530,standard,40.15
815,erat vestibulum sed magna,Nam dui.,389.92,39.33,electronics,Mybuzz,135,Blue,small,7.6,2018-09-23,3.9,217,eget elit sodales scelerisque mauris sit,3.3,5,free,1.24
816,leo odio porttitor id,Etiam vel augue. Vestibulum rutrum rutrum neque. Aenean auctor gravida sem.,206.56,30.37,clothing,Browsetype,365,Goldenrod,medium,3.3,2021-03-29,2.9,924,augue,1.2,333,standard,25.89
817,adipiscing lorem vitae mattis,"Suspendisse ornare consequat lectus. In est risus, auctor sed, tristique in, tempus sit amet, sem.",368.42,33.29,beauty,Fiveclub,994,Khaki,extra large,7.8,2019-12-31,4.7,599,eget,2.5,54,standard,42.32
818,aliquam sit amet,"Vivamus vestibulum sagittis sapien. Cum sociis natoque penatibus et magnis dis parturient montes, nascetur ridiculus mus. Etiam vel augue. Vestibulum rutrum rutrum neque. Aenean auctor gravida sem.",9.45,18.22,beauty,Skalith,654,Khaki,medium,0.4,2014-12-21,1.6,713,accumsan felis ut at,1.4,142,free,23.46
819,lobortis convallis tortor risus,Duis aliquam convallis nunc. Proin at turpis a pede posuere nonummy.,376.61,41.53,clothing,Agimba,10,Purple,large,7.6,2014-12-15,4.9,107,velit donec,2.1,471,standard,9.2
820,dignissim vestibulum vestibulum,Integer a nibh. In quis justo.,352.35,25.75,electronics,Youopia,270,Khaki,medium,7.9,2010-04-03,2.3,24,mi,2.9,720,standard,47.17
821,metus vitae ipsum,Nulla mollis molestie lorem. Quisque ut erat. Curabitur gravida nisi at nibh. In hac habitasse platea dictumst.,934.41,34.33,toys,Ooba,835,Mauv,extra large,5.7,2017-06-18,3.5,836,cubilia curae duis,4.0,518,standard,24.74
822,sed magna at,In hac habitasse platea dictumst. Etiam faucibus cursus urna. Ut tellus.,661.12,31.22,clothing,Kanoodle,804,Violet,small,8.3,2015-05-17,3.8,504,augue,1.7,250,express,21.23
823,laoreet ut rhoncus,Vestibulum ante ipsum primis in faucibus orci luctus et ultrices posuere cubilia Curae; Duis faucibus accumsan odio. Curabitur convallis. Duis consequat dui nec nisi volutpat eleifend. Donec ut dolor.,200.08,27.44,home decor,Jaxbean,172,Mauv,medium,3.2,2017-04-20,2.3,249,integer tincidunt ante vel ipsum,2.3,282,standard,47.59
824,donec ut mauris,In hac habitasse platea dictumst.,233.24,32.24,toys,Livepath,319,Aquamarine,small,1.4,2019-08-19,2.4,497,duis mattis,1.5,716,free,49.5
825,consequat lectus in est,Phasellus in felis. Donec semper sapien a libero.,679.54,34.92,home decor,Dabtype,837,Mauv,large,3.4,2012-04-21,2.2,597,est,3.6,360,express,49.57
826,blandit mi in porttitor,"Nulla ac enim. In tempor, turpis nec euismod scelerisque, quam turpis adipiscing lorem, vitae mattis nibh ligula nec sem.",260.97,33.79,electronics,Cogibox,647,Khaki,small,3.9,2022-07-09,2.3,554,rhoncus dui vel sem sed sagittis,1.8,133,express,41.91
827,quisque arcu libero rutrum,"Curabitur in libero ut massa volutpat convallis. Morbi odio odio, elementum eu, interdum eu, tincidunt in, leo. Maecenas pulvinar lobortis est.",972.92,16.69,home decor,Zooxo,245,Violet,medium,6.8,2012-02-22,2.2,771,dolor,1.3,876,free,47.46
828,pellentesque eget nunc donec,Vestibulum sed magna at nunc commodo placerat. Praesent blandit. Nam nulla.,331.64,31.52,toys,Skimia,796,Orange,small,0.2,2016-07-15,3.7,120,luctus,3.0,914,free,5.06
829,sit amet justo,"Praesent blandit. Nam nulla. Integer pede justo, lacinia eget, tincidunt eget, tempus vel, pede. Morbi porttitor lorem id ligula. Suspendisse ornare consequat lectus.",788.24,1.04,toys,Thoughtbeat,769,Pink,extra large,0.8,2021-09-27,2.2,452,in consequat,3.9,333,standard,18.92
830,augue luctus tincidunt,Sed vel enim sit amet nunc viverra dapibus.,184.05,37.27,toys,Fivechat,474,Turquoise,extra large,5.4,2019-02-17,2.0,242,convallis nunc proin at turpis a,3.0,530,standard,11.6
831,sapien non,Cras pellentesque volutpat dui.,501.51,46.76,beauty,Thoughtworks,486,Turquoise,extra large,7.8,2012-01-20,4.3,897,venenatis tristique,1.0,271,free,20.31
832,nisi venenatis tristique,In congue. Etiam justo. Etiam pretium iaculis justo.,916.76,17.63,toys,Jabbercube,218,Khaki,large,9.6,2021-05-20,2.1,8,convallis eget eleifend,1.7,903,standard,44.46
833,consequat nulla nisl,Mauris lacinia sapien quis libero. Nullam sit amet turpis elementum ligula vehicula consequat.,990.01,47.67,electronics,Topdrive,371,Crimson,extra large,3.8,2013-11-28,3.2,740,sapien cursus vestibulum proin eu,1.1,337,express,37.84
834,penatibus et,"Proin at turpis a pede posuere nonummy. Integer non velit. Donec diam neque, vestibulum eget, vulputate ut, ultrices vel, augue. Vestibulum ante ipsum primis in faucibus orci luctus et ultrices posuere cubilia Curae; Donec pharetra, magna vestibulum aliquet ultrices, erat tortor sollicitudin mi, sit amet lobortis sapien sapien non mi.",639.37,24.16,home decor,Trupe,400,Mauv,small,4.6,2013-07-31,4.4,130,nullam porttitor lacus at,2.5,102,express,23.51
835,pharetra magna ac,"In sagittis dui vel nisl. Duis ac nibh. Fusce lacus purus, aliquet at, feugiat non, pretium quis, lectus.",264.79,47.41,electronics,Yozio,793,Orange,large,7.0,2013-02-27,1.6,436,mauris,3.1,181,free,42.81
836,pharetra magna,Curabitur convallis.,134.39,46.72,clothing,Jaxworks,344,Mauv,extra large,8.2,2013-03-22,2.0,863,nascetur ridiculus mus,1.7,142,express,23.01
837,primis in faucibus orci,"Nullam orci pede, venenatis non, sodales sed, tincidunt eu, felis.",303.29,41.02,beauty,Zoozzy,51,Pink,large,4.6,2015-05-01,2.2,384,eu,1.5,96,express,15.3
838,orci mauris lacinia,"In quis justo. Maecenas rhoncus aliquam lacus. Morbi quis tortor id nulla ultrices aliquet. Maecenas leo odio, condimentum id, luctus nec, molestie sed, justo.",509.13,0.05,home decor,Browsebug,222,Violet,small,9.9,2010-02-06,3.1,989,semper porta volutpat quam,2.6,248,express,15.88
839,ipsum dolor,"Cras in purus eu magna vulputate luctus. Cum sociis natoque penatibus et magnis dis parturient montes, nascetur ridiculus mus. Vivamus vestibulum sagittis sapien. Cum sociis natoque penatibus et magnis dis parturient montes, nascetur ridiculus mus.",762.7,29.91,beauty,Fliptune,956,Aquamarine,small,4.2,2010-06-25,4.3,737,curae donec pharetra,2.5,142,standard,5.04
840,congue etiam justo,Donec quis orci eget orci vehicula condimentum.,606.27,44.11,electronics,Jabbersphere,67,Indigo,large,6.0,2022-11-23,1.7,650,maecenas leo odio condimentum id luctus,4.2,4,free,18.78
841,non ligula pellentesque ultrices,"In sagittis dui vel nisl. Duis ac nibh. Fusce lacus purus, aliquet at, feugiat non, pretium quis, lectus. Suspendisse potenti.",349.05,24.85,home decor,Viva,779,Teal,small,3.5,2022-07-23,3.2,173,odio consequat varius integer ac,1.6,240,free,29.76
842,nulla suspendisse potenti cras,"Maecenas tincidunt lacus at velit. Vivamus vel nulla eget eros elementum pellentesque. Quisque porta volutpat erat. Quisque erat eros, viverra eget, congue eget, semper rutrum, nulla. Nunc purus.",198.7,42.41,beauty,Roombo,784,Red,extra large,8.9,2019-01-31,3.2,150,pede justo lacinia eget tincidunt,2.1,965,standard,26.63
843,non ligula pellentesque,Aliquam quis turpis eget elit sodales scelerisque. Mauris sit amet eros. Suspendisse accumsan tortor quis turpis.,315.42,17.44,home decor,Quamba,36,Crimson,extra large,3.6,2016-10-03,1.4,377,quisque id justo sit amet sapien,4.7,318,standard,31.49
844,eget elit,Sed ante.,233.65,35.11,beauty,Feedfish,623,Blue,small,3.3,2016-02-08,4.3,768,dolor,4.5,251,express,36.6
845,ut tellus,"Nullam molestie nibh in lectus. Pellentesque at nulla. Suspendisse potenti. Cras in purus eu magna vulputate luctus. Cum sociis natoque penatibus et magnis dis parturient montes, nascetur ridiculus mus.",837.02,30.89,electronics,Skidoo,819,Purple,small,6.9,2019-04-24,3.7,548,nunc viverra dapibus nulla suscipit ligula,3.5,86,standard,12.01
846,ut massa,"Morbi ut odio. Cras mi pede, malesuada in, imperdiet et, commodo vulputate, justo. In blandit ultrices enim. Lorem ipsum dolor sit amet, consectetuer adipiscing elit. Proin interdum mauris non ligula pellentesque ultrices.",114.08,36.21,beauty,Wikizz,283,Aquamarine,large,4.9,2015-04-13,3.5,659,posuere nonummy integer non velit donec,4.9,276,free,38.33
847,aenean auctor gravida sem,"Vestibulum ante ipsum primis in faucibus orci luctus et ultrices posuere cubilia Curae; Nulla dapibus dolor vel est. Donec odio justo, sollicitudin ut, suscipit a, feugiat et, eros. Vestibulum ac est lacinia nisi venenatis tristique. Fusce congue, diam id ornare imperdiet, sapien urna pretium nisl, ut volutpat sapien arcu sed augue.",971.74,36.89,electronics,Yambee,445,Goldenrod,medium,0.3,2022-07-20,3.0,971,id consequat in consequat,2.4,195,express,0.13
848,lobortis est phasellus sit,Suspendisse potenti. In eleifend quam a odio. In hac habitasse platea dictumst. Maecenas ut massa quis augue luctus tincidunt. Nulla mollis molestie lorem.,936.35,17.36,electronics,Realpoint,86,Aquamarine,medium,0.4,2021-08-07,3.4,604,integer,2.3,510,free,48.56
849,aenean auctor,Pellentesque at nulla. Suspendisse potenti. Cras in purus eu magna vulputate luctus.,537.65,4.11,toys,Bubblebox,935,Green,extra large,5.1,2014-04-10,4.5,223,phasellus,3.3,190,express,43.88
850,convallis morbi,"Praesent lectus. Vestibulum quam sapien, varius ut, blandit non, interdum in, ante. Vestibulum ante ipsum primis in faucibus orci luctus et ultrices posuere cubilia Curae; Duis faucibus accumsan odio. Curabitur convallis. Duis consequat dui nec nisi volutpat eleifend.",204.39,9.3,electronics,Trilia,891,Khaki,medium,5.7,2015-12-12,1.8,944,magnis dis parturient montes nascetur,4.1,736,standard,15.29
851,dis parturient montes nascetur,"Praesent lectus. Vestibulum quam sapien, varius ut, blandit non, interdum in, ante.",511.41,34.28,toys,Zoomlounge,786,Purple,large,6.1,2013-04-11,2.9,628,morbi vestibulum velit id,4.6,207,free,39.61
852,maecenas rhoncus aliquam,"Morbi vestibulum, velit id pretium iaculis, diam erat fermentum justo, nec condimentum neque sapien placerat ante. Nulla justo. Aliquam quis turpis eget elit sodales scelerisque.",239.91,31.12,clothing,Skidoo,991,Aquamarine,medium,5.9,2013-10-21,3.2,923,mus,2.5,221,free,48.02
853,libero rutrum,"Curabitur at ipsum ac tellus semper interdum. Mauris ullamcorper purus sit amet nulla. Quisque arcu libero, rutrum ac, lobortis vel, dapibus at, diam.",909.97,48.62,electronics,Leenti,533,Blue,medium,9.8,2014-08-22,2.3,724,lectus pellentesque at,2.1,227,standard,21.71
854,ac nulla sed vel,"Maecenas leo odio, condimentum id, luctus nec, molestie sed, justo. Pellentesque viverra pede ac diam. Cras pellentesque volutpat dui.",151.95,46.89,beauty,Fiveclub,940,Turquoise,small,2.6,2019-08-03,2.5,520,rutrum ac,3.8,378,free,6.07
855,tempor turpis nec,"Duis mattis egestas metus. Aenean fermentum. Donec ut mauris eget massa tempor convallis. Nulla neque libero, convallis eget, eleifend luctus, ultricies eu, nibh.",124.0,12.11,clothing,Feedmix,905,Teal,extra large,6.7,2022-04-12,1.5,672,elementum eu interdum eu,1.5,317,free,7.53
856,purus aliquet at feugiat,Vestibulum ante ipsum primis in faucibus orci luctus et ultrices posuere cubilia Curae; Nulla dapibus dolor vel est.,826.97,46.18,beauty,Gigazoom,938,Yellow,small,0.4,2014-02-13,4.7,288,leo maecenas,1.7,507,express,0.8
857,erat quisque erat,"Pellentesque eget nunc. Donec quis orci eget orci vehicula condimentum. Curabitur in libero ut massa volutpat convallis. Morbi odio odio, elementum eu, interdum eu, tincidunt in, leo. Maecenas pulvinar lobortis est.",4.18,3.77,toys,Thoughtmix,442,Puce,medium,2.8,2015-09-19,3.9,96,nec molestie sed,4.2,492,express,13.69
858,ultricies eu nibh,"Pellentesque ultrices mattis odio. Donec vitae nisi. Nam ultrices, libero non mattis pulvinar, nulla pede ullamcorper augue, a suscipit nulla elit ac nulla.",906.48,9.02,electronics,Meedoo,657,Yellow,large,3.7,2012-07-12,1.2,129,morbi non,2.4,183,express,0.05
859,enim leo rhoncus sed,Nullam porttitor lacus at turpis. Donec posuere metus vitae ipsum. Aliquam non mauris.,3.24,4.21,toys,Flashdog,80,Blue,medium,6.6,2014-05-01,4.6,703,diam,4.7,723,standard,14.97
860,diam neque,"Quisque erat eros, viverra eget, congue eget, semper rutrum, nulla. Nunc purus.",702.32,46.72,electronics,Edgetag,444,Mauv,small,1.1,2010-11-05,3.6,492,cras pellentesque volutpat dui,1.6,48,standard,40.0
861,tellus in sagittis,Nullam porttitor lacus at turpis. Donec posuere metus vitae ipsum. Aliquam non mauris. Morbi non lectus.,288.25,11.42,home decor,Jaloo,733,Goldenrod,small,8.1,2022-04-23,3.8,621,mi,2.3,150,express,32.98
862,molestie nibh,"Fusce consequat. Nulla nisl. Nunc nisl. Duis bibendum, felis sed interdum venenatis, turpis enim blandit mi, in porttitor pede justo eu massa. Donec dapibus.",109.33,41.04,clothing,Trudoo,173,Orange,small,1.1,2011-10-01,3.5,291,aliquam sit amet diam in,2.3,61,standard,37.64
863,pellentesque ultrices mattis,Quisque porta volutpat erat.,400.87,36.63,home decor,Wordpedia,594,Maroon,small,8.2,2022-12-21,3.0,488,dui nec nisi volutpat eleifend donec,4.2,27,free,7.33
864,lectus pellentesque eget nunc,"Maecenas leo odio, condimentum id, luctus nec, molestie sed, justo. Pellentesque viverra pede ac diam.",472.44,15.65,toys,Abatz,585,Crimson,large,4.4,2019-05-05,1.7,788,neque libero convallis eget,2.6,738,standard,24.86
865,nisi venenatis tristique,"Curabitur at ipsum ac tellus semper interdum. Mauris ullamcorper purus sit amet nulla. Quisque arcu libero, rutrum ac, lobortis vel, dapibus at, diam.",922.51,40.44,electronics,Edgeclub,554,Red,small,0.9,2022-09-18,3.5,21,non ligula,4.9,434,standard,29.98
866,turpis integer,"Donec ut mauris eget massa tempor convallis. Nulla neque libero, convallis eget, eleifend luctus, ultricies eu, nibh. Quisque id justo sit amet sapien dignissim vestibulum. Vestibulum ante ipsum primis in faucibus orci luctus et ultrices posuere cubilia Curae; Nulla dapibus dolor vel est.",749.04,36.07,clothing,Jetwire,930,Goldenrod,small,8.5,2020-11-21,1.0,525,pede venenatis non,4.6,925,free,23.82
867,massa id lobortis,Vivamus vestibulum sagittis sapien.,578.21,42.51,toys,BlogXS,707,Crimson,extra large,1.7,2021-12-07,2.3,264,vel sem,4.6,310,standard,43.97
868,integer tincidunt ante vel,"Aenean fermentum. Donec ut mauris eget massa tempor convallis. Nulla neque libero, convallis eget, eleifend luctus, ultricies eu, nibh. Quisque id justo sit amet sapien dignissim vestibulum.",98.63,17.8,home decor,Bluezoom,496,Mauv,large,2.6,2017-01-31,2.9,489,ultricies eu nibh quisque id,3.4,432,express,20.69
869,tincidunt eget tempus,"Donec vitae nisi. Nam ultrices, libero non mattis pulvinar, nulla pede ullamcorper augue, a suscipit nulla elit ac nulla. Sed vel enim sit amet nunc viverra dapibus. Nulla suscipit ligula in lacus. Curabitur at ipsum ac tellus semper interdum.",536.27,33.15,home decor,Dynazzy,479,Maroon,large,3.8,2015-07-03,3.0,909,dui luctus rutrum,2.8,277,free,4.17
870,etiam faucibus cursus urna,Suspendisse accumsan tortor quis turpis. Sed ante. Vivamus tortor.,7.46,5.25,clothing,Geba,899,Mauv,small,2.4,2012-03-20,1.4,205,consequat nulla nisl nunc nisl,2.6,546,free,49.98
871,augue luctus tincidunt,Duis consequat dui nec nisi volutpat eleifend. Donec ut dolor. Morbi vel lectus in quam fringilla rhoncus.,978.62,49.82,beauty,Skippad,41,Yellow,medium,4.3,2010-10-07,3.6,102,aliquam erat volutpat,3.1,662,free,9.44
872,ut at dolor,"Vestibulum ac est lacinia nisi venenatis tristique. Fusce congue, diam id ornare imperdiet, sapien urna pretium nisl, ut volutpat sapien arcu sed augue. Aliquam erat volutpat. In congue.",629.69,44.31,home decor,Tagpad,412,Mauv,small,3.1,2014-04-25,3.5,825,platea dictumst aliquam,1.4,220,free,4.29
873,augue aliquam erat volutpat,Nulla justo. Aliquam quis turpis eget elit sodales scelerisque. Mauris sit amet eros. Suspendisse accumsan tortor quis turpis.,370.28,27.38,electronics,Centizu,59,Aquamarine,small,2.5,2017-01-30,4.2,219,sed tincidunt eu felis fusce posuere,2.4,438,free,37.45
874,aliquam erat volutpat in,Cras non velit nec nisi vulputate nonummy. Maecenas tincidunt lacus at velit.,739.36,27.81,clothing,Fiveclub,733,Fuscia,large,2.9,2013-04-23,2.6,469,tempor,3.9,133,standard,8.51
875,vitae ipsum aliquam non,"Fusce posuere felis sed lacus. Morbi sem mauris, laoreet ut, rhoncus aliquet, pulvinar sed, nisl. Nunc rhoncus dui vel sem.",835.8,42.29,home decor,Fivespan,761,Blue,small,9.5,2014-03-27,2.3,850,ac,1.9,400,free,33.11
876,orci nullam molestie nibh,Vestibulum ante ipsum primis in faucibus orci luctus et ultrices posuere cubilia Curae; Duis faucibus accumsan odio. Curabitur convallis.,919.01,19.99,beauty,Jaloo,984,Khaki,small,7.5,2014-11-01,4.1,106,lacinia nisi,1.1,685,standard,29.38
877,sed sagittis,Aliquam erat volutpat. In congue. Etiam justo. Etiam pretium iaculis justo.,986.55,29.05,beauty,Linkbuzz,679,Red,small,3.9,2010-09-23,2.0,931,ut blandit non interdum in,2.6,697,express,36.45
878,ultricies eu,Suspendisse accumsan tortor quis turpis. Sed ante. Vivamus tortor. Duis mattis egestas metus.,583.51,45.58,home decor,Skajo,327,Goldenrod,small,6.5,2014-12-26,4.9,205,integer pede,3.2,515,free,3.9
879,ridiculus mus,Duis aliquam convallis nunc. Proin at turpis a pede posuere nonummy.,693.4,20.19,home decor,Photobean,796,Blue,large,1.2,2012-09-20,3.5,77,vivamus tortor duis mattis,1.3,623,express,12.62
880,justo pellentesque viverra pede,"Nunc rhoncus dui vel sem. Sed sagittis. Nam congue, risus semper porta volutpat, quam pede lobortis ligula, sit amet eleifend pede libero quis orci. Nullam molestie nibh in lectus.",240.43,15.94,toys,Brainverse,495,Fuscia,extra large,4.3,2017-11-27,1.6,695,in est risus,4.0,570,free,11.76
881,morbi vestibulum velit id,Donec ut dolor.,19.76,20.18,clothing,Jaxworks,587,Orange,large,3.0,2018-05-09,3.1,960,neque duis bibendum morbi non quam,4.9,428,standard,31.85
882,pede libero,"Quisque id justo sit amet sapien dignissim vestibulum. Vestibulum ante ipsum primis in faucibus orci luctus et ultrices posuere cubilia Curae; Nulla dapibus dolor vel est. Donec odio justo, sollicitudin ut, suscipit a, feugiat et, eros. Vestibulum ac est lacinia nisi venenatis tristique.",891.75,6.57,beauty,Dabjam,739,Turquoise,medium,6.8,2010-08-05,3.9,298,nec molestie sed justo pellentesque,2.2,413,express,37.83
883,luctus rutrum nulla,"Donec posuere metus vitae ipsum. Aliquam non mauris. Morbi non lectus. Aliquam sit amet diam in magna bibendum imperdiet. Nullam orci pede, venenatis non, sodales sed, tincidunt eu, felis.",955.56,23.92,home decor,Zoomdog,142,Green,small,0.7,2022-10-03,3.1,606,donec,3.5,683,standard,24.38
884,in consequat,Suspendisse ornare consequat lectus.,139.76,30.54,clothing,Dynabox,40,Blue,extra large,5.7,2022-06-23,1.8,190,dui,3.9,241,free,2.05
885,phasellus id sapien in,Duis at velit eu est congue elementum. In hac habitasse platea dictumst.,284.15,49.16,beauty,Mynte,561,Indigo,large,1.0,2013-05-07,3.5,619,ipsum,4.4,436,standard,1.1
886,in hac habitasse platea,"Nullam orci pede, venenatis non, sodales sed, tincidunt eu, felis.",40.29,7.68,home decor,Mita,635,Crimson,small,9.7,2021-10-02,1.3,443,potenti cras in purus eu magna,2.0,789,free,34.37
887,amet consectetuer adipiscing elit,"In est risus, auctor sed, tristique in, tempus sit amet, sem. Fusce consequat.",830.87,27.0,beauty,Mudo,226,Indigo,small,4.4,2012-06-01,1.4,440,primis in,3.3,880,express,29.32
888,odio consequat varius integer,"Curabitur gravida nisi at nibh. In hac habitasse platea dictumst. Aliquam augue quam, sollicitudin vitae, consectetuer eget, rutrum at, lorem.",222.96,6.0,electronics,Twitterbridge,47,Puce,extra large,9.3,2020-03-18,1.8,580,suscipit a feugiat et eros,4.5,328,free,25.75
889,id sapien in sapien,"Morbi non lectus. Aliquam sit amet diam in magna bibendum imperdiet. Nullam orci pede, venenatis non, sodales sed, tincidunt eu, felis. Fusce posuere felis sed lacus. Morbi sem mauris, laoreet ut, rhoncus aliquet, pulvinar sed, nisl.",617.44,5.75,electronics,Bluezoom,567,Violet,extra large,10.0,2018-03-16,1.6,626,accumsan felis ut at,2.3,64,express,1.42
890,arcu adipiscing molestie hendrerit,"Nulla nisl. Nunc nisl. Duis bibendum, felis sed interdum venenatis, turpis enim blandit mi, in porttitor pede justo eu massa.",19.14,20.79,home decor,Twinder,646,Puce,medium,7.2,2011-03-01,1.3,443,quis libero nullam sit,1.2,530,standard,18.76
891,ac leo pellentesque ultrices,"Quisque ut erat. Curabitur gravida nisi at nibh. In hac habitasse platea dictumst. Aliquam augue quam, sollicitudin vitae, consectetuer eget, rutrum at, lorem. Integer tincidunt ante vel ipsum.",319.44,2.75,electronics,Izio,193,Puce,extra large,4.7,2018-02-23,2.2,491,tempor convallis nulla neque libero convallis,4.5,30,free,47.15
892,integer aliquet massa id,"Praesent blandit lacinia erat. Vestibulum sed magna at nunc commodo placerat. Praesent blandit. Nam nulla. Integer pede justo, lacinia eget, tincidunt eget, tempus vel, pede.",600.93,28.11,home decor,Brainbox,784,Green,large,5.9,2010-11-27,4.0,544,sed vestibulum sit amet,2.6,788,free,35.07
893,luctus et ultrices posuere,"Morbi vel lectus in quam fringilla rhoncus. Mauris enim leo, rhoncus sed, vestibulum sit amet, cursus id, turpis.",195.61,47.3,clothing,Abatz,915,Blue,medium,9.7,2014-09-22,3.2,625,a feugiat et eros vestibulum ac,3.5,521,standard,12.65
894,quisque porta,Sed accumsan felis.,432.36,22.99,home decor,Tagcat,281,Turquoise,small,8.6,2021-11-07,3.9,374,ante,4.3,618,express,36.03
895,enim sit,"Phasellus id sapien in sapien iaculis congue. Vivamus metus arcu, adipiscing molestie, hendrerit at, vulputate vitae, nisl. Aenean lectus.",687.28,13.91,electronics,Ailane,255,Blue,small,9.0,2015-01-29,4.1,262,congue vivamus metus arcu adipiscing molestie,1.7,48,free,8.55
896,adipiscing lorem vitae mattis,"Cum sociis natoque penatibus et magnis dis parturient montes, nascetur ridiculus mus. Etiam vel augue.",515.95,29.82,electronics,Realbuzz,149,Goldenrod,extra large,8.8,2011-07-23,3.1,178,cras mi pede malesuada,5.0,231,express,46.29
897,felis sed interdum,"Suspendisse potenti. Cras in purus eu magna vulputate luctus. Cum sociis natoque penatibus et magnis dis parturient montes, nascetur ridiculus mus. Vivamus vestibulum sagittis sapien.",249.92,35.49,electronics,Nlounge,504,Purple,small,6.8,2021-01-13,4.0,166,pede,3.4,956,free,4.18
898,adipiscing molestie hendrerit,Pellentesque viverra pede ac diam. Cras pellentesque volutpat dui.,168.28,4.28,clothing,Oyope,832,Purple,medium,5.6,2010-05-11,3.4,978,est risus auctor sed,1.9,711,express,2.71
899,posuere nonummy integer,"Nunc rhoncus dui vel sem. Sed sagittis. Nam congue, risus semper porta volutpat, quam pede lobortis ligula, sit amet eleifend pede libero quis orci. Nullam molestie nibh in lectus. Pellentesque at nulla.",772.7,22.92,toys,Abatz,466,Crimson,medium,6.4,2021-11-04,4.6,939,eget eros elementum pellentesque,4.6,542,standard,34.51
900,ut nulla,Donec posuere metus vitae ipsum. Aliquam non mauris. Morbi non lectus.,631.25,23.54,toys,Realbuzz,176,Violet,small,0.2,2011-08-09,1.0,893,imperdiet nullam orci pede venenatis,3.3,226,standard,26.01
901,neque aenean auctor gravida,"Nulla suscipit ligula in lacus. Curabitur at ipsum ac tellus semper interdum. Mauris ullamcorper purus sit amet nulla. Quisque arcu libero, rutrum ac, lobortis vel, dapibus at, diam.",943.28,36.4,electronics,Kwilith,984,Puce,large,5.9,2018-04-26,2.5,248,libero nullam sit,2.3,442,express,40.05
902,hac habitasse platea dictumst,"Praesent lectus. Vestibulum quam sapien, varius ut, blandit non, interdum in, ante. Vestibulum ante ipsum primis in faucibus orci luctus et ultrices posuere cubilia Curae; Duis faucibus accumsan odio. Curabitur convallis. Duis consequat dui nec nisi volutpat eleifend.",421.24,24.08,home decor,Linklinks,33,Goldenrod,extra large,10.0,2017-07-26,3.1,63,mauris non ligula pellentesque ultrices phasellus,1.8,801,standard,36.45
903,phasellus in felis donec,Integer ac neque. Duis bibendum. Morbi non quam nec dui luctus rutrum. Nulla tellus.,137.72,23.23,electronics,Riffwire,31,Green,extra large,5.9,2011-03-10,2.6,65,mauris laoreet ut rhoncus aliquet,3.6,928,standard,32.52
904,dis parturient montes,Vivamus in felis eu sapien cursus vestibulum. Proin eu mi.,721.83,9.9,beauty,Skipfire,115,Aquamarine,extra large,4.1,2011-10-29,2.5,482,molestie,4.9,969,standard,11.57
905,curae nulla dapibus,"Cum sociis natoque penatibus et magnis dis parturient montes, nascetur ridiculus mus. Vivamus vestibulum sagittis sapien. Cum sociis natoque penatibus et magnis dis parturient montes, nascetur ridiculus mus. Etiam vel augue.",263.74,2.67,electronics,Flashset,7,Violet,small,0.3,2019-10-15,3.2,185,non,4.7,617,standard,47.82
906,nulla tellus,Nullam varius. Nulla facilisi. Cras non velit nec nisi vulputate nonummy.,518.89,14.61,electronics,Skajo,403,Blue,large,5.3,2011-09-19,3.0,233,augue luctus,3.4,898,express,17.73
907,gravida sem,Sed vel enim sit amet nunc viverra dapibus. Nulla suscipit ligula in lacus. Curabitur at ipsum ac tellus semper interdum.,917.69,18.49,toys,Yacero,968,Orange,extra large,0.6,2019-09-15,3.1,923,nulla,1.9,909,express,9.85
908,nam ultrices,"Duis consequat dui nec nisi volutpat eleifend. Donec ut dolor. Morbi vel lectus in quam fringilla rhoncus. Mauris enim leo, rhoncus sed, vestibulum sit amet, cursus id, turpis.",190.03,25.55,home decor,Eazzy,925,Maroon,medium,10.0,2014-09-28,3.0,719,blandit ultrices enim lorem,3.3,758,standard,16.18
909,nec euismod scelerisque quam,"Morbi vel lectus in quam fringilla rhoncus. Mauris enim leo, rhoncus sed, vestibulum sit amet, cursus id, turpis.",169.29,37.19,home decor,Browsedrive,504,Purple,extra large,6.2,2015-10-19,2.3,618,aenean fermentum donec ut mauris eget,2.6,836,free,45.86
910,bibendum felis sed interdum,Aenean auctor gravida sem. Praesent id massa id nisl venenatis lacinia.,166.46,6.05,toys,Youopia,174,Turquoise,medium,2.6,2015-12-17,2.4,360,eget congue eget,1.3,792,standard,13.85
911,nam dui,"Morbi vel lectus in quam fringilla rhoncus. Mauris enim leo, rhoncus sed, vestibulum sit amet, cursus id, turpis. Integer aliquet, massa id lobortis convallis, tortor risus dapibus augue, vel accumsan tellus nisi eu orci.",725.94,35.45,electronics,Gevee,740,Indigo,medium,5.9,2013-05-02,2.3,611,justo maecenas rhoncus,1.9,702,standard,15.09
912,ipsum dolor sit amet,Donec dapibus.,775.65,13.9,beauty,Kaymbo,626,Indigo,small,7.4,2022-10-28,4.8,221,sapien urna pretium,4.2,421,express,36.19
913,congue diam id ornare,In hac habitasse platea dictumst.,19.57,35.96,toys,Aibox,219,Fuscia,medium,9.9,2020-05-21,4.5,267,mi,4.4,971,standard,4.78
914,ultricies eu,"Morbi vel lectus in quam fringilla rhoncus. Mauris enim leo, rhoncus sed, vestibulum sit amet, cursus id, turpis. Integer aliquet, massa id lobortis convallis, tortor risus dapibus augue, vel accumsan tellus nisi eu orci. Mauris lacinia sapien quis libero. Nullam sit amet turpis elementum ligula vehicula consequat.",240.05,13.06,toys,Twiyo,776,Puce,medium,2.4,2010-12-12,1.4,602,semper porta volutpat,3.4,554,express,2.03
915,metus aenean fermentum,Integer tincidunt ante vel ipsum. Praesent blandit lacinia erat. Vestibulum sed magna at nunc commodo placerat.,944.35,6.06,electronics,Dabjam,25,Yellow,small,9.6,2015-05-17,2.9,428,id sapien,2.5,481,express,7.06
916,donec ut dolor morbi,Sed ante.,479.38,23.04,clothing,BlogXS,213,Green,extra large,8.5,2018-01-31,2.1,5,orci luctus et ultrices posuere cubilia,3.2,242,express,33.22
917,odio odio elementum eu,"Morbi non lectus. Aliquam sit amet diam in magna bibendum imperdiet. Nullam orci pede, venenatis non, sodales sed, tincidunt eu, felis. Fusce posuere felis sed lacus.",931.5,38.56,toys,Cogilith,364,Yellow,small,4.1,2017-12-05,3.9,36,augue,3.2,363,free,29.82
918,orci eget orci vehicula,"Duis mattis egestas metus. Aenean fermentum. Donec ut mauris eget massa tempor convallis. Nulla neque libero, convallis eget, eleifend luctus, ultricies eu, nibh. Quisque id justo sit amet sapien dignissim vestibulum.",12.9,9.95,electronics,Brainlounge,47,Aquamarine,large,2.4,2013-09-15,1.8,655,massa volutpat convallis morbi,2.7,916,free,11.86
919,elementum nullam varius,In quis justo. Maecenas rhoncus aliquam lacus.,307.99,11.42,beauty,Gabtype,724,Mauv,large,7.9,2016-06-21,2.2,259,non interdum in ante vestibulum ante,2.6,395,express,16.49
920,consequat in consequat,"Phasellus id sapien in sapien iaculis congue. Vivamus metus arcu, adipiscing molestie, hendrerit at, vulputate vitae, nisl. Aenean lectus.",873.13,14.7,beauty,Kazio,493,Violet,medium,2.7,2010-03-25,3.0,820,velit donec,4.8,752,standard,14.81
921,duis aliquam convallis nunc,"Morbi quis tortor id nulla ultrices aliquet. Maecenas leo odio, condimentum id, luctus nec, molestie sed, justo.",489.3,36.58,beauty,Buzzster,202,Fuscia,large,2.6,2011-11-12,3.8,598,etiam vel augue vestibulum rutrum rutrum,3.3,494,standard,35.15
922,eu nibh quisque,Aliquam non mauris. Morbi non lectus.,941.04,18.66,beauty,Youspan,951,Fuscia,small,3.6,2013-10-27,1.9,119,nulla dapibus dolor,4.0,254,express,46.75
923,tristique fusce congue diam,Duis mattis egestas metus. Aenean fermentum.,94.57,40.35,home decor,Eimbee,37,Blue,medium,3.9,2022-08-25,4.1,230,tristique in tempus sit,2.4,453,express,48.19
924,quam pede,Nulla tellus.,685.33,49.07,toys,Photospace,435,Violet,extra large,1.3,2019-11-04,4.5,171,libero rutrum ac lobortis vel,4.8,870,express,48.88
925,congue elementum in hac,"Nulla ac enim. In tempor, turpis nec euismod scelerisque, quam turpis adipiscing lorem, vitae mattis nibh ligula nec sem. Duis aliquam convallis nunc. Proin at turpis a pede posuere nonummy.",738.73,48.24,electronics,Tagtune,264,Goldenrod,medium,3.7,2011-01-15,3.5,911,ullamcorper purus sit amet nulla,1.7,7,free,35.08
926,quis turpis sed ante,In congue. Etiam justo. Etiam pretium iaculis justo. In hac habitasse platea dictumst.,600.31,1.62,clothing,Meembee,145,Khaki,extra large,1.7,2016-11-25,4.5,972,lobortis ligula,2.5,163,free,35.84
927,id ornare imperdiet,Praesent lectus.,104.29,9.37,toys,Flipstorm,47,Purple,extra large,5.2,2021-02-25,4.7,180,nulla pede ullamcorper augue a suscipit,4.2,589,standard,6.2
928,sed tincidunt,"Nam congue, risus semper porta volutpat, quam pede lobortis ligula, sit amet eleifend pede libero quis orci.",89.68,10.27,home decor,Vipe,237,Khaki,large,8.4,2019-03-25,2.4,432,donec posuere metus,4.1,979,standard,3.78
929,elementum ligula vehicula consequat,Nunc purus.,162.02,11.07,clothing,Leenti,747,Goldenrod,medium,3.7,2015-10-20,2.4,870,pede venenatis non sodales sed tincidunt,3.6,311,express,2.95
930,libero nullam sit amet,"Duis consequat dui nec nisi volutpat eleifend. Donec ut dolor. Morbi vel lectus in quam fringilla rhoncus. Mauris enim leo, rhoncus sed, vestibulum sit amet, cursus id, turpis. Integer aliquet, massa id lobortis convallis, tortor risus dapibus augue, vel accumsan tellus nisi eu orci.",225.79,9.12,clothing,Topdrive,197,Aquamarine,large,0.9,2012-06-28,2.4,801,ornare imperdiet,4.9,512,free,1.17
931,congue risus semper porta,"Proin at turpis a pede posuere nonummy. Integer non velit. Donec diam neque, vestibulum eget, vulputate ut, ultrices vel, augue.",725.99,10.37,clothing,Skyba,278,Violet,large,7.5,2022-01-22,5.0,432,rhoncus dui vel sem sed sagittis,1.9,236,free,48.54
932,penatibus et magnis dis,"Praesent blandit. Nam nulla. Integer pede justo, lacinia eget, tincidunt eget, tempus vel, pede. Morbi porttitor lorem id ligula. Suspendisse ornare consequat lectus.",487.29,49.79,toys,Realcube,269,Goldenrod,small,2.4,2016-06-30,2.3,463,lectus in est risus auctor,1.9,858,free,1.96
933,id justo sit amet,"Aenean fermentum. Donec ut mauris eget massa tempor convallis. Nulla neque libero, convallis eget, eleifend luctus, ultricies eu, nibh. Quisque id justo sit amet sapien dignissim vestibulum.",428.27,16.82,toys,Gigaclub,882,Turquoise,medium,8.9,2013-05-21,2.9,740,ipsum ac tellus semper interdum mauris,4.2,321,free,40.8
934,primis in faucibus orci,In quis justo. Maecenas rhoncus aliquam lacus. Morbi quis tortor id nulla ultrices aliquet.,799.75,17.62,home decor,Tagchat,145,Goldenrod,extra large,6.1,2015-08-02,1.7,322,lorem ipsum,2.8,226,free,19.27
935,dapibus at diam,"Cum sociis natoque penatibus et magnis dis parturient montes, nascetur ridiculus mus. Vivamus vestibulum sagittis sapien.",254.79,45.09,clothing,Rooxo,242,Violet,medium,9.7,2018-01-25,4.8,784,iaculis congue vivamus metus,2.4,469,free,39.44
936,in sagittis,"Lorem ipsum dolor sit amet, consectetuer adipiscing elit. Proin interdum mauris non ligula pellentesque ultrices. Phasellus id sapien in sapien iaculis congue.",411.42,14.5,home decor,Rhyzio,829,Fuscia,large,9.1,2012-04-21,2.0,301,natoque penatibus et,3.7,189,free,49.23
937,placerat ante,"Morbi non quam nec dui luctus rutrum. Nulla tellus. In sagittis dui vel nisl. Duis ac nibh. Fusce lacus purus, aliquet at, feugiat non, pretium quis, lectus.",416.29,22.04,clothing,Mita,281,Green,medium,7.5,2018-02-12,3.5,267,ultrices,1.1,782,express,37.85
938,sit amet,In hac habitasse platea dictumst. Etiam faucibus cursus urna. Ut tellus. Nulla ut erat id mauris vulputate elementum. Nullam varius.,894.79,1.36,clothing,Demivee,379,Goldenrod,medium,9.8,2016-04-21,4.9,329,in lacus curabitur at ipsum ac,4.2,194,standard,29.47
939,nisl ut volutpat,"Nunc rhoncus dui vel sem. Sed sagittis. Nam congue, risus semper porta volutpat, quam pede lobortis ligula, sit amet eleifend pede libero quis orci. Nullam molestie nibh in lectus. Pellentesque at nulla.",790.98,31.0,home decor,Miboo,780,Crimson,extra large,7.9,2012-05-19,3.9,753,nulla tempus,3.1,404,free,36.63
940,aliquam quis turpis,Fusce consequat.,276.66,17.96,electronics,Zoonder,244,Violet,medium,0.7,2011-05-15,1.4,968,ut dolor morbi vel lectus in,4.1,320,express,36.05
941,neque vestibulum eget,Morbi quis tortor id nulla ultrices aliquet.,75.56,28.39,home decor,Trunyx,665,Violet,medium,6.6,2020-08-04,2.0,647,morbi,4.0,533,express,22.62
942,mus etiam vel augue,"Nullam orci pede, venenatis non, sodales sed, tincidunt eu, felis. Fusce posuere felis sed lacus. Morbi sem mauris, laoreet ut, rhoncus aliquet, pulvinar sed, nisl.",411.94,30.53,beauty,Blogspan,270,Puce,medium,7.5,2012-08-06,3.0,173,dis,2.3,889,free,48.69
943,donec odio justo sollicitudin,Aenean lectus. Pellentesque eget nunc. Donec quis orci eget orci vehicula condimentum. Curabitur in libero ut massa volutpat convallis.,549.19,4.32,clothing,Mita,184,Fuscia,medium,4.9,2013-06-10,3.2,530,erat fermentum justo nec condimentum,2.9,228,free,48.09
944,hac habitasse,Etiam vel augue. Vestibulum rutrum rutrum neque. Aenean auctor gravida sem. Praesent id massa id nisl venenatis lacinia. Aenean sit amet justo.,380.96,12.09,electronics,Trilia,510,Green,small,9.7,2018-11-12,3.8,358,venenatis tristique fusce congue diam,2.0,362,free,10.59
945,in eleifend quam,"Morbi non quam nec dui luctus rutrum. Nulla tellus. In sagittis dui vel nisl. Duis ac nibh. Fusce lacus purus, aliquet at, feugiat non, pretium quis, lectus.",83.73,17.83,home decor,Vipe,579,Mauv,extra large,3.3,2011-11-07,4.8,450,porttitor lacus at,2.5,697,free,29.25
946,sagittis dui,In quis justo. Maecenas rhoncus aliquam lacus. Morbi quis tortor id nulla ultrices aliquet.,289.21,31.95,beauty,Mydeo,370,Indigo,extra large,8.7,2022-08-19,1.3,2,nulla ut,2.0,777,standard,28.83
947,id lobortis convallis tortor,"Vestibulum ante ipsum primis in faucibus orci luctus et ultrices posuere cubilia Curae; Donec pharetra, magna vestibulum aliquet ultrices, erat tortor sollicitudin mi, sit amet lobortis sapien sapien non mi. Integer ac neque. Duis bibendum. Morbi non quam nec dui luctus rutrum. Nulla tellus.",474.4,26.24,toys,Viva,82,Mauv,medium,4.7,2018-07-24,3.7,337,praesent blandit nam nulla,2.1,412,standard,25.21
948,orci eget,"Vivamus vestibulum sagittis sapien. Cum sociis natoque penatibus et magnis dis parturient montes, nascetur ridiculus mus.",188.44,33.45,clothing,Bubblemix,325,Blue,large,9.3,2012-10-30,4.1,369,erat id mauris,3.6,821,express,28.99
949,id consequat,Morbi a ipsum. Integer a nibh.,411.93,2.44,home decor,Yakitri,135,Pink,medium,4.5,2012-07-31,2.8,776,hac habitasse platea dictumst etiam faucibus,3.7,591,standard,45.47
950,pulvinar nulla,"Donec ut mauris eget massa tempor convallis. Nulla neque libero, convallis eget, eleifend luctus, ultricies eu, nibh. Quisque id justo sit amet sapien dignissim vestibulum.",878.2,42.36,electronics,Rhybox,19,Green,medium,6.9,2015-06-15,2.3,325,at vulputate vitae nisl aenean lectus,1.1,921,standard,20.88
951,eu felis fusce,"Nunc nisl. Duis bibendum, felis sed interdum venenatis, turpis enim blandit mi, in porttitor pede justo eu massa.",903.85,27.5,clothing,Trilia,888,Goldenrod,medium,1.4,2018-08-02,1.7,835,felis donec semper sapien,2.7,368,standard,34.48
952,ipsum dolor sit amet,Duis bibendum. Morbi non quam nec dui luctus rutrum. Nulla tellus. In sagittis dui vel nisl.,693.43,25.65,beauty,Oba,297,Green,medium,0.8,2018-01-11,3.3,11,venenatis turpis,1.8,351,standard,43.05
953,urna ut tellus,Vestibulum rutrum rutrum neque. Aenean auctor gravida sem.,9.32,11.62,home decor,Devpoint,328,Aquamarine,large,0.2,2012-03-03,4.3,931,nulla sed accumsan,2.2,297,express,15.32
954,eu magna vulputate,In congue. Etiam justo.,706.33,45.49,home decor,Twiyo,792,Red,small,8.8,2022-11-16,4.7,886,lorem,3.3,732,express,14.78
955,condimentum id luctus,Suspendisse potenti. Nullam porttitor lacus at turpis. Donec posuere metus vitae ipsum. Aliquam non mauris.,599.7,20.25,toys,Ooba,602,Khaki,extra large,6.8,2018-04-30,3.4,684,in faucibus orci,1.0,238,express,3.24
956,pede lobortis,"Donec ut mauris eget massa tempor convallis. Nulla neque libero, convallis eget, eleifend luctus, ultricies eu, nibh. Quisque id justo sit amet sapien dignissim vestibulum. Vestibulum ante ipsum primis in faucibus orci luctus et ultrices posuere cubilia Curae; Nulla dapibus dolor vel est. Donec odio justo, sollicitudin ut, suscipit a, feugiat et, eros.",150.2,16.52,toys,Edgepulse,646,Goldenrod,medium,0.7,2022-12-07,1.8,201,nullam sit,2.4,679,free,22.81
957,aenean sit amet,"Vestibulum quam sapien, varius ut, blandit non, interdum in, ante.",225.75,41.63,home decor,Tazzy,511,Puce,extra large,7.9,2014-05-24,4.9,309,tellus nulla,3.5,668,express,35.23
958,donec ut mauris eget,Aliquam non mauris. Morbi non lectus.,754.52,49.71,clothing,Topicshots,475,Pink,small,1.5,2017-08-20,4.3,327,sapien cursus vestibulum proin,3.9,203,express,19.31
959,quis turpis eget elit,"In quis justo. Maecenas rhoncus aliquam lacus. Morbi quis tortor id nulla ultrices aliquet. Maecenas leo odio, condimentum id, luctus nec, molestie sed, justo. Pellentesque viverra pede ac diam.",829.7,8.58,toys,Jabbercube,795,Yellow,large,6.7,2020-11-29,2.9,548,primis in,4.6,570,express,31.91
960,quis augue luctus,"Aenean lectus. Pellentesque eget nunc. Donec quis orci eget orci vehicula condimentum. Curabitur in libero ut massa volutpat convallis. Morbi odio odio, elementum eu, interdum eu, tincidunt in, leo.",271.78,38.62,electronics,Dynava,290,Aquamarine,medium,1.5,2015-03-01,2.8,389,at,3.3,904,express,10.18
961,eu orci mauris lacinia,"Integer aliquet, massa id lobortis convallis, tortor risus dapibus augue, vel accumsan tellus nisi eu orci. Mauris lacinia sapien quis libero. Nullam sit amet turpis elementum ligula vehicula consequat. Morbi a ipsum.",440.6,17.47,beauty,Quaxo,49,Mauv,medium,9.0,2014-12-04,1.9,579,sit amet sem fusce,4.0,508,free,15.56
962,in felis donec semper,"Maecenas rhoncus aliquam lacus. Morbi quis tortor id nulla ultrices aliquet. Maecenas leo odio, condimentum id, luctus nec, molestie sed, justo. Pellentesque viverra pede ac diam.",395.61,31.35,toys,Youbridge,870,Crimson,large,8.6,2014-09-27,3.3,345,eros viverra eget congue eget,4.9,639,free,33.18
963,elit proin,"Morbi vestibulum, velit id pretium iaculis, diam erat fermentum justo, nec condimentum neque sapien placerat ante. Nulla justo.",438.61,44.69,home decor,Brainverse,473,Purple,medium,1.8,2020-08-14,1.5,291,libero convallis eget eleifend luctus ultricies,3.5,714,standard,32.13
964,sit amet justo,Vivamus tortor. Duis mattis egestas metus. Aenean fermentum. Donec ut mauris eget massa tempor convallis.,960.51,26.57,beauty,Skyba,502,Aquamarine,small,2.3,2013-09-28,2.8,128,est donec odio justo sollicitudin,3.8,102,express,10.98
965,amet sem,"Donec dapibus. Duis at velit eu est congue elementum. In hac habitasse platea dictumst. Morbi vestibulum, velit id pretium iaculis, diam erat fermentum justo, nec condimentum neque sapien placerat ante.",337.45,2.59,electronics,Skalith,650,Fuscia,extra large,5.9,2016-01-08,2.1,49,ac,3.5,954,free,10.78
966,nibh quisque,Etiam faucibus cursus urna. Ut tellus. Nulla ut erat id mauris vulputate elementum.,676.04,49.55,beauty,Yamia,358,Blue,large,7.5,2010-05-31,4.2,116,ut rhoncus aliquet pulvinar sed,2.1,564,standard,3.84
967,felis donec semper,"Donec ut mauris eget massa tempor convallis. Nulla neque libero, convallis eget, eleifend luctus, ultricies eu, nibh. Quisque id justo sit amet sapien dignissim vestibulum. Vestibulum ante ipsum primis in faucibus orci luctus et ultrices posuere cubilia Curae; Nulla dapibus dolor vel est.",938.5,36.8,clothing,Katz,895,Aquamarine,large,4.7,2015-01-20,4.0,591,maecenas tristique est et,4.8,949,express,2.94
968,erat id,Mauris sit amet eros. Suspendisse accumsan tortor quis turpis.,485.31,27.12,home decor,Kayveo,864,Teal,large,3.5,2018-06-18,2.7,993,maecenas tincidunt lacus at velit vivamus,2.7,210,standard,23.09
969,morbi non lectus aliquam,Mauris lacinia sapien quis libero. Nullam sit amet turpis elementum ligula vehicula consequat. Morbi a ipsum. Integer a nibh.,308.16,18.11,beauty,Tavu,802,Khaki,medium,2.0,2018-06-04,4.1,629,velit id pretium iaculis,2.2,640,express,49.98
970,quisque id justo,Donec posuere metus vitae ipsum. Aliquam non mauris. Morbi non lectus. Aliquam sit amet diam in magna bibendum imperdiet.,416.21,10.72,home decor,Jabbercube,37,Violet,medium,1.6,2013-06-10,2.5,827,et tempus,4.9,962,standard,3.15
971,ullamcorper purus,Nullam varius. Nulla facilisi. Cras non velit nec nisi vulputate nonummy. Maecenas tincidunt lacus at velit.,537.57,37.16,clothing,Realbuzz,896,Pink,medium,2.7,2021-03-24,3.9,562,non mi,4.5,717,free,44.2
972,eu orci mauris lacinia,Maecenas ut massa quis augue luctus tincidunt. Nulla mollis molestie lorem. Quisque ut erat. Curabitur gravida nisi at nibh.,407.44,36.5,home decor,Roodel,49,Red,extra large,3.0,2022-12-08,2.9,134,odio in,1.5,701,express,47.73
973,non mattis,"Morbi porttitor lorem id ligula. Suspendisse ornare consequat lectus. In est risus, auctor sed, tristique in, tempus sit amet, sem. Fusce consequat.",299.17,44.0,beauty,Skyvu,581,Khaki,large,6.1,2013-12-19,4.1,424,sed ante vivamus tortor duis,4.0,309,standard,20.03
974,maecenas rhoncus aliquam lacus,"Phasellus in felis. Donec semper sapien a libero. Nam dui. Proin leo odio, porttitor id, consequat in, consequat ut, nulla.",66.8,20.27,clothing,Kanoodle,322,Orange,medium,4.8,2022-08-15,1.3,90,magna vestibulum aliquet ultrices erat,1.7,153,express,4.27
975,neque vestibulum,"Duis ac nibh. Fusce lacus purus, aliquet at, feugiat non, pretium quis, lectus. Suspendisse potenti. In eleifend quam a odio. In hac habitasse platea dictumst.",452.86,41.49,home decor,Mynte,82,Orange,extra large,7.0,2012-11-30,3.3,553,eget congue eget,2.2,256,standard,20.32
976,dictumst morbi vestibulum,Aliquam non mauris. Morbi non lectus.,479.45,3.86,electronics,Photobean,761,Aquamarine,small,3.8,2017-05-20,2.3,51,pulvinar sed nisl nunc,3.0,363,standard,16.3
977,aliquet massa,"Morbi quis tortor id nulla ultrices aliquet. Maecenas leo odio, condimentum id, luctus nec, molestie sed, justo. Pellentesque viverra pede ac diam. Cras pellentesque volutpat dui.",552.5,19.79,beauty,Jamia,702,Green,extra large,7.4,2013-07-02,1.9,183,vestibulum sit amet cursus id turpis,1.9,616,free,16.44
978,integer a nibh in,Sed vel enim sit amet nunc viverra dapibus. Nulla suscipit ligula in lacus.,8.9,21.09,home decor,Avavee,814,Maroon,small,5.4,2015-11-11,1.8,56,potenti in eleifend quam a odio,4.9,336,standard,32.62
979,sapien a libero,"Cras non velit nec nisi vulputate nonummy. Maecenas tincidunt lacus at velit. Vivamus vel nulla eget eros elementum pellentesque. Quisque porta volutpat erat. Quisque erat eros, viverra eget, congue eget, semper rutrum, nulla.",942.61,43.18,beauty,Devbug,209,Mauv,large,0.2,2020-12-10,3.0,297,maecenas tincidunt lacus at,4.1,596,free,27.48
980,feugiat non pretium,Maecenas pulvinar lobortis est. Phasellus sit amet erat. Nulla tempus. Vivamus in felis eu sapien cursus vestibulum. Proin eu mi.,868.63,11.8,electronics,Kaymbo,1000,Goldenrod,small,1.4,2019-10-18,2.5,821,id ligula suspendisse ornare consequat,2.9,174,free,12.15
981,pretium iaculis diam,"Vestibulum quam sapien, varius ut, blandit non, interdum in, ante.",41.41,40.29,toys,Dabfeed,716,Purple,extra large,0.9,2010-04-26,3.0,103,maecenas,3.5,251,free,33.99
982,vel sem sed sagittis,"Quisque ut erat. Curabitur gravida nisi at nibh. In hac habitasse platea dictumst. Aliquam augue quam, sollicitudin vitae, consectetuer eget, rutrum at, lorem. Integer tincidunt ante vel ipsum.",944.62,42.16,beauty,Wikibox,909,Fuscia,extra large,3.2,2020-05-21,3.0,608,sapien dignissim vestibulum vestibulum ante ipsum,2.8,868,express,40.09
983,eu massa,"Vestibulum ac est lacinia nisi venenatis tristique. Fusce congue, diam id ornare imperdiet, sapien urna pretium nisl, ut volutpat sapien arcu sed augue. Aliquam erat volutpat.",98.22,12.98,toys,Edgeify,787,Fuscia,extra large,4.1,2019-02-20,3.7,915,congue vivamus,1.1,636,standard,33.01
984,id ligula suspendisse ornare,Sed vel enim sit amet nunc viverra dapibus. Nulla suscipit ligula in lacus. Curabitur at ipsum ac tellus semper interdum. Mauris ullamcorper purus sit amet nulla.,784.36,38.28,clothing,Yodoo,695,Maroon,small,6.9,2016-03-01,2.7,197,ante vel ipsum praesent blandit,1.4,31,free,18.1
985,morbi non lectus,"Donec quis orci eget orci vehicula condimentum. Curabitur in libero ut massa volutpat convallis. Morbi odio odio, elementum eu, interdum eu, tincidunt in, leo.",90.09,0.26,beauty,Yozio,863,Yellow,medium,8.7,2018-05-25,2.3,211,diam neque vestibulum eget vulputate,4.1,502,standard,10.55
986,eget vulputate ut,"Morbi ut odio. Cras mi pede, malesuada in, imperdiet et, commodo vulputate, justo. In blandit ultrices enim. Lorem ipsum dolor sit amet, consectetuer adipiscing elit. Proin interdum mauris non ligula pellentesque ultrices.",720.94,47.39,beauty,Skivee,104,Puce,large,7.3,2013-09-05,4.1,377,potenti nullam,1.4,870,free,38.81
987,consequat in consequat ut,"Duis ac nibh. Fusce lacus purus, aliquet at, feugiat non, pretium quis, lectus. Suspendisse potenti.",615.55,46.89,home decor,Twitterworks,889,Pink,large,6.2,2020-12-12,4.5,495,nisl duis bibendum,2.1,12,express,14.21
988,in hac habitasse platea,Nulla tempus. Vivamus in felis eu sapien cursus vestibulum.,343.1,48.4,clothing,Voonder,851,Fuscia,large,0.4,2020-04-06,2.8,411,etiam pretium iaculis justo in hac,1.5,694,free,4.1
989,nec nisi,"Cras pellentesque volutpat dui. Maecenas tristique, est et tempus semper, est quam pharetra magna, ac consequat metus sapien ut nunc. Vestibulum ante ipsum primis in faucibus orci luctus et ultrices posuere cubilia Curae; Mauris viverra diam vitae quam. Suspendisse potenti.",504.41,27.73,beauty,Meetz,968,Khaki,small,3.2,2012-04-25,3.0,711,cras in,3.6,847,free,16.77
990,morbi non lectus,"Maecenas tincidunt lacus at velit. Vivamus vel nulla eget eros elementum pellentesque. Quisque porta volutpat erat. Quisque erat eros, viverra eget, congue eget, semper rutrum, nulla. Nunc purus.",237.04,41.48,beauty,Kaymbo,747,Teal,medium,6.8,2018-01-19,2.9,189,integer,2.7,303,free,39.99
991,mus vivamus vestibulum sagittis,"Nulla tellus. In sagittis dui vel nisl. Duis ac nibh. Fusce lacus purus, aliquet at, feugiat non, pretium quis, lectus.",444.8,41.59,home decor,Mudo,336,Maroon,small,7.1,2017-09-26,3.2,694,aliquet maecenas leo odio condimentum,3.2,45,free,36.12
992,ultrices vel augue,Nullam porttitor lacus at turpis. Donec posuere metus vitae ipsum.,573.68,13.48,toys,Skalith,976,Maroon,small,3.5,2016-04-13,1.6,528,rutrum neque aenean,2.0,431,free,17.03
993,varius integer ac,"Praesent blandit. Nam nulla. Integer pede justo, lacinia eget, tincidunt eget, tempus vel, pede. Morbi porttitor lorem id ligula.",446.99,18.48,beauty,Skibox,945,Teal,medium,4.9,2016-09-06,2.9,744,erat fermentum,3.7,838,free,35.49
994,magna vulputate,Vestibulum ante ipsum primis in faucibus orci luctus et ultrices posuere cubilia Curae; Duis faucibus accumsan odio. Curabitur convallis. Duis consequat dui nec nisi volutpat eleifend. Donec ut dolor. Morbi vel lectus in quam fringilla rhoncus.,634.91,22.04,clothing,Agimba,791,Red,extra large,2.1,2016-09-09,2.1,358,lorem integer tincidunt,4.7,174,express,8.05
995,erat curabitur gravida,"Fusce posuere felis sed lacus. Morbi sem mauris, laoreet ut, rhoncus aliquet, pulvinar sed, nisl. Nunc rhoncus dui vel sem. Sed sagittis.",366.55,30.04,home decor,Wordpedia,190,Puce,small,0.8,2012-07-28,3.8,708,est donec odio justo sollicitudin,1.3,77,express,22.42
996,cubilia curae,Integer tincidunt ante vel ipsum. Praesent blandit lacinia erat. Vestibulum sed magna at nunc commodo placerat. Praesent blandit.,72.6,39.87,clothing,Realmix,883,Purple,large,7.1,2017-08-29,1.2,784,augue vestibulum rutrum,1.7,407,standard,19.47
997,congue risus semper,Duis aliquam convallis nunc. Proin at turpis a pede posuere nonummy. Integer non velit.,959.71,21.88,beauty,Linktype,441,Green,small,0.8,2015-06-07,3.2,984,lacus,2.7,710,express,25.51
998,elit proin,Suspendisse potenti. Nullam porttitor lacus at turpis. Donec posuere metus vitae ipsum.,279.49,30.16,toys,Zoozzy,71,Orange,small,2.6,2019-10-05,1.3,178,a feugiat et eros vestibulum ac,1.3,681,express,5.57
999,dictumst etiam faucibus,"Pellentesque eget nunc. Donec quis orci eget orci vehicula condimentum. Curabitur in libero ut massa volutpat convallis. Morbi odio odio, elementum eu, interdum eu, tincidunt in, leo.",359.94,16.89,beauty,Plambee,584,Goldenrod,large,1.1,2022-08-18,3.0,203,sem fusce consequat nulla nisl nunc,4.9,488,standard,25.23
1000,lacinia nisi,"Cum sociis natoque penatibus et magnis dis parturient montes, nascetur ridiculus mus. Etiam vel augue. Vestibulum rutrum rutrum neque.",92.78,1.48,electronics,Voonyx,962,Khaki,large,2.5,2021-07-03,2.5,36,mauris non ligula pellentesque ultrices,4.2,843,free,31.65
